yearmon,estacion,min,max,prec,ecoreg,ecoregion,geometry
2009-01,INTA - RECONQUISTA (EMC),32.9516129032258,19.0612903225806,89.5,Humid Chaco,Chaco Húmedo,"c(820955.08433336, -3232437.91665328)"
2009-01,RECONQUISTA,18.8548387096774,32.9612903225807,99.5,Humid Chaco,Chaco Húmedo,"c(820944.692292264, -3232807.55508049)"
2009-02,INTA - RECONQUISTA (EMC),31.2,19.35,141.3,Humid Chaco,Chaco Húmedo,"c(820955.08433336, -3232437.91665328)"
2009-02,RECONQUISTA,19.4214285714286,31.5178571428571,252.6,Humid Chaco,Chaco Húmedo,"c(820944.692292264, -3232807.55508049)"
2009-03,INTA - RECONQUISTA (EMC),32.3064516129032,17.9161290322581,23.2,Humid Chaco,Chaco Húmedo,"c(820955.08433336, -3232437.91665328)"
2009-03,RECONQUISTA,18.1709677419355,31.6548387096774,19,Humid Chaco,Chaco Húmedo,"c(820944.692292264, -3232807.55508049)"
2009-04,INTA - RECONQUISTA (EMC),28.8966666666667,14.9733333333333,49.7,Humid Chaco,Chaco Húmedo,"c(820955.08433336, -3232437.91665328)"
2009-04,RECONQUISTA,14.8333333333333,29.0733333333333,32,Humid Chaco,Chaco Húmedo,"c(820944.692292264, -3232807.55508049)"
2009-05,INTA - RECONQUISTA (EMC),24.5387096774194,12.2322580645161,15.2,Humid Chaco,Chaco Húmedo,"c(820955.08433336, -3232437.91665328)"
2009-05,RECONQUISTA,12.2290322580645,24.3709677419355,15.6,Humid Chaco,Chaco Húmedo,"c(820944.692292264, -3232807.55508049)"
2009-06,INTA - RECONQUISTA (EMC),19.3333333333333,5.67333333333333,51.6,Humid Chaco,Chaco Húmedo,"c(820955.08433336, -3232437.91665328)"
2009-06,RECONQUISTA,6.11,19.5766666666667,36,Humid Chaco,Chaco Húmedo,"c(820944.692292264, -3232807.55508049)"
2009-07,INTA - RECONQUISTA (EMC),18.6935483870968,4.90645161290323,32.1,Humid Chaco,Chaco Húmedo,"c(820955.08433336, -3232437.91665328)"
2009-07,RECONQUISTA,4.85806451612903,18.9451612903226,25.6,Humid Chaco,Chaco Húmedo,"c(820944.692292264, -3232807.55508049)"
2009-08,INTA - RECONQUISTA (EMC),25.4709677419355,10.8290322580645,0.3,Humid Chaco,Chaco Húmedo,"c(820955.08433336, -3232437.91665328)"
2009-08,RECONQUISTA,10.8032258064516,25.4903225806452,0,Humid Chaco,Chaco Húmedo,"c(820944.692292264, -3232807.55508049)"
2009-09,INTA - RECONQUISTA (EMC),21.82,10.4766666666667,43.7,Humid Chaco,Chaco Húmedo,"c(820955.08433336, -3232437.91665328)"
2009-09,RECONQUISTA,10.5033333333333,22.28,38,Humid Chaco,Chaco Húmedo,"c(820944.692292264, -3232807.55508049)"
2009-10,INTA - RECONQUISTA (EMC),29.0193548387097,13.7741935483871,64.8,Humid Chaco,Chaco Húmedo,"c(820955.08433336, -3232437.91665328)"
2009-10,RECONQUISTA,14.3548387096774,29.2129032258065,41,Humid Chaco,Chaco Húmedo,"c(820944.692292264, -3232807.55508049)"
2009-11,INTA - RECONQUISTA (EMC),29.44,20.35,467.6,Humid Chaco,Chaco Húmedo,"c(820955.08433336, -3232437.91665328)"
2009-11,RECONQUISTA,21.0066666666667,30.2433333333333,430.1,Humid Chaco,Chaco Húmedo,"c(820944.692292264, -3232807.55508049)"
2009-12,INTA - RECONQUISTA (EMC),29.6903225806452,20.558064516129,251.5,Humid Chaco,Chaco Húmedo,"c(820955.08433336, -3232437.91665328)"
2009-12,RECONQUISTA,21.2,30.1967741935484,221.1,Humid Chaco,Chaco Húmedo,"c(820944.692292264, -3232807.55508049)"
2010-01,INTA - RECONQUISTA (EMC),31.4129032258065,21.8,97.5,Humid Chaco,Chaco Húmedo,"c(820955.08433336, -3232437.91665328)"
2010-01,RECONQUISTA,21.9064516129032,31.941935483871,172.9,Humid Chaco,Chaco Húmedo,"c(820944.692292264, -3232807.55508049)"
2010-02,INTA - RECONQUISTA (EMC),31.3178571428571,22.2142857142857,165,Humid Chaco,Chaco Húmedo,"c(820955.08433336, -3232437.91665328)"
2010-02,RECONQUISTA,22.65,31.6428571428571,202,Humid Chaco,Chaco Húmedo,"c(820944.692292264, -3232807.55508049)"
2010-03,INTA - RECONQUISTA (EMC),29.4032258064516,19.6451612903226,214,Humid Chaco,Chaco Húmedo,"c(820955.08433336, -3232437.91665328)"
2010-03,RECONQUISTA,19.8129032258065,30.0032258064516,197.9,Humid Chaco,Chaco Húmedo,"c(820944.692292264, -3232807.55508049)"
2010-04,INTA - RECONQUISTA (EMC),25.5066666666667,13.94,29.2,Humid Chaco,Chaco Húmedo,"c(820955.08433336, -3232437.91665328)"
2010-04,RECONQUISTA,14.58,25.72,33.7,Humid Chaco,Chaco Húmedo,"c(820944.692292264, -3232807.55508049)"
2010-05,INTA - RECONQUISTA (EMC),19.9032258064516,10.8258064516129,114.4,Humid Chaco,Chaco Húmedo,"c(820955.08433336, -3232437.91665328)"
2010-05,RECONQUISTA,11.1161290322581,20.0451612903226,134.9,Humid Chaco,Chaco Húmedo,"c(820944.692292264, -3232807.55508049)"
2010-06,INTA - RECONQUISTA (EMC),18.73,9.12,8.8,Humid Chaco,Chaco Húmedo,"c(820955.08433336, -3232437.91665328)"
2010-06,RECONQUISTA,9.65666666666667,18.9933333333333,6,Humid Chaco,Chaco Húmedo,"c(820944.692292264, -3232807.55508049)"
2010-07,INTA - RECONQUISTA (EMC),19.2516129032258,7.05806451612903,25.2,Humid Chaco,Chaco Húmedo,"c(820955.08433336, -3232437.91665328)"
2010-07,RECONQUISTA,7.45806451612903,19.4870967741936,17.9,Humid Chaco,Chaco Húmedo,"c(820944.692292264, -3232807.55508049)"
2010-08,INTA - RECONQUISTA (EMC),19.4161290322581,7.49032258064516,64.1,Humid Chaco,Chaco Húmedo,"c(820955.08433336, -3232437.91665328)"
2010-08,RECONQUISTA,7.69677419354839,19.8548387096774,65.6,Humid Chaco,Chaco Húmedo,"c(820944.692292264, -3232807.55508049)"
2010-09,INTA - RECONQUISTA (EMC),22.2633333333333,10.91,106.3,Humid Chaco,Chaco Húmedo,"c(820955.08433336, -3232437.91665328)"
2010-09,RECONQUISTA,11.3233333333333,23.18,100,Humid Chaco,Chaco Húmedo,"c(820944.692292264, -3232807.55508049)"
2010-10,INTA - RECONQUISTA (EMC),25.3870967741936,11.6290322580645,18.1,Humid Chaco,Chaco Húmedo,"c(820955.08433336, -3232437.91665328)"
2010-10,RECONQUISTA,12.0354838709677,25.3645161290323,34.9,Humid Chaco,Chaco Húmedo,"c(820944.692292264, -3232807.55508049)"
2010-11,INTA - RECONQUISTA (EMC),29.0233333333333,14.78,84.4,Humid Chaco,Chaco Húmedo,"c(820955.08433336, -3232437.91665328)"
2010-11,RECONQUISTA,14.6633333333333,29.3066666666667,47.1,Humid Chaco,Chaco Húmedo,"c(820944.692292264, -3232807.55508049)"
2010-12,INTA - RECONQUISTA (EMC),30.8064516129032,18.2806451612903,242.6,Humid Chaco,Chaco Húmedo,"c(820955.08433336, -3232437.91665328)"
2010-12,RECONQUISTA,19.0161290322581,31.3612903225806,228.4,Humid Chaco,Chaco Húmedo,"c(820944.692292264, -3232807.55508049)"
2011-01,INTA - RECONQUISTA (EMC),31.8354838709677,21.2064516129032,325.9,Humid Chaco,Chaco Húmedo,"c(820955.08433336, -3232437.91665328)"
2011-01,RECONQUISTA,21.4129032258065,31.8193548387097,236,Humid Chaco,Chaco Húmedo,"c(820944.692292264, -3232807.55508049)"
2011-02,INTA - RECONQUISTA (EMC),29.0428571428572,20.575,202.7,Humid Chaco,Chaco Húmedo,"c(820955.08433336, -3232437.91665328)"
2011-02,RECONQUISTA,20.7535714285714,29.6642857142857,178.7,Humid Chaco,Chaco Húmedo,"c(820944.692292264, -3232807.55508049)"
2011-03,INTA - RECONQUISTA (EMC),28.7935483870968,17.7,78.6,Humid Chaco,Chaco Húmedo,"c(820955.08433336, -3232437.91665328)"
2011-03,RECONQUISTA,18.5129032258065,29.2129032258065,40.1,Humid Chaco,Chaco Húmedo,"c(820944.692292264, -3232807.55508049)"
2011-04,INTA - RECONQUISTA (EMC),26.0833333333333,14.5166666666667,52.1,Humid Chaco,Chaco Húmedo,"c(820955.08433336, -3232437.91665328)"
2011-04,RECONQUISTA,15.2533333333333,26.32,49,Humid Chaco,Chaco Húmedo,"c(820944.692292264, -3232807.55508049)"
2011-05,INTA - RECONQUISTA (EMC),22.2129032258065,12.0903225806452,129.9,Humid Chaco,Chaco Húmedo,"c(820955.08433336, -3232437.91665328)"
2011-05,RECONQUISTA,12.7612903225806,22.4774193548387,118,Humid Chaco,Chaco Húmedo,"c(820944.692292264, -3232807.55508049)"
2011-06,INTA - RECONQUISTA (EMC),18.9366666666667,8.93,30.5,Humid Chaco,Chaco Húmedo,"c(820955.08433336, -3232437.91665328)"
2011-06,RECONQUISTA,9.63333333333333,19.0666666666667,24.2,Humid Chaco,Chaco Húmedo,"c(820944.692292264, -3232807.55508049)"
2011-07,INTA - RECONQUISTA (EMC),19.0806451612903,7.30967741935484,41.4,Humid Chaco,Chaco Húmedo,"c(820955.08433336, -3232437.91665328)"
2011-07,RECONQUISTA,8.03870967741936,19.3451612903226,30.4,Humid Chaco,Chaco Húmedo,"c(820944.692292264, -3232807.55508049)"
2011-08,INTA - RECONQUISTA (EMC),20.5,7.82258064516129,12.8,Humid Chaco,Chaco Húmedo,"c(820955.08433336, -3232437.91665328)"
2011-08,RECONQUISTA,8.25806451612903,20.9,12,Humid Chaco,Chaco Húmedo,"c(820944.692292264, -3232807.55508049)"
2011-09,INTA - RECONQUISTA (EMC),25.3133333333333,11.5466666666667,42.8,Humid Chaco,Chaco Húmedo,"c(820955.08433336, -3232437.91665328)"
2011-09,RECONQUISTA,12.2066666666667,25.7133333333333,25.1,Humid Chaco,Chaco Húmedo,"c(820944.692292264, -3232807.55508049)"
2011-10,INTA - RECONQUISTA (EMC),24.9677419354839,14.441935483871,175.9,Humid Chaco,Chaco Húmedo,"c(820955.08433336, -3232437.91665328)"
2011-10,RECONQUISTA,14.7129032258065,25.3,144.5,Humid Chaco,Chaco Húmedo,"c(820944.692292264, -3232807.55508049)"
2011-11,INTA - RECONQUISTA (EMC),29.6666666666667,17.1433333333333,142.1,Humid Chaco,Chaco Húmedo,"c(820955.08433336, -3232437.91665328)"
2011-11,RECONQUISTA,17.9633333333333,29.82,136.4,Humid Chaco,Chaco Húmedo,"c(820944.692292264, -3232807.55508049)"
2011-12,INTA - RECONQUISTA (EMC),31.3806451612903,17.8483870967742,20.6,Humid Chaco,Chaco Húmedo,"c(820955.08433336, -3232437.91665328)"
2011-12,RECONQUISTA,17.9548387096774,31.358064516129,18,Humid Chaco,Chaco Húmedo,"c(820944.692292264, -3232807.55508049)"
2012-01,INTA - RECONQUISTA (EMC),34.4161290322581,19.6193548387097,61.9,Humid Chaco,Chaco Húmedo,"c(820955.08433336, -3232437.91665328)"
2012-01,RECONQUISTA,19.7225806451613,34.7258064516129,33.1,Humid Chaco,Chaco Húmedo,"c(820944.692292264, -3232807.55508049)"
2012-02,INTA - RECONQUISTA (EMC),34.3965517241379,22.0310344827586,147.4,Humid Chaco,Chaco Húmedo,"c(820955.08433336, -3232437.91665328)"
2012-02,RECONQUISTA,22.1413793103448,34.6793103448276,190.5,Humid Chaco,Chaco Húmedo,"c(820944.692292264, -3232807.55508049)"
2012-03,INTA - RECONQUISTA (EMC),29.9193548387097,17.4935483870968,97.6,Humid Chaco,Chaco Húmedo,"c(820955.08433336, -3232437.91665328)"
2012-03,RECONQUISTA,18.1161290322581,30.4548387096774,86,Humid Chaco,Chaco Húmedo,"c(820944.692292264, -3232807.55508049)"
2012-04,INTA - RECONQUISTA (EMC),25.4733333333333,14.5766666666667,260.3,Humid Chaco,Chaco Húmedo,"c(820955.08433336, -3232437.91665328)"
2012-04,RECONQUISTA,15.2166666666667,25.7333333333333,187.6,Humid Chaco,Chaco Húmedo,"c(820944.692292264, -3232807.55508049)"
2012-05,INTA - RECONQUISTA (EMC),24.2806451612903,12.9516129032258,61.2,Humid Chaco,Chaco Húmedo,"c(820955.08433336, -3232437.91665328)"
2012-05,RECONQUISTA,13.4322580645161,24.4032258064516,56.1,Humid Chaco,Chaco Húmedo,"c(820944.692292264, -3232807.55508049)"
2012-06,INTA - RECONQUISTA (EMC),20.2233333333333,9.47,15.3,Humid Chaco,Chaco Húmedo,"c(820955.08433336, -3232437.91665328)"
2012-06,RECONQUISTA,9.94666666666667,20.4566666666667,6.6,Humid Chaco,Chaco Húmedo,"c(820944.692292264, -3232807.55508049)"
2012-07,INTA - RECONQUISTA (EMC),18.6161290322581,5.16451612903226,5.6,Humid Chaco,Chaco Húmedo,"c(820955.08433336, -3232437.91665328)"
2012-07,RECONQUISTA,5.67741935483871,18.7903225806452,7.5,Humid Chaco,Chaco Húmedo,"c(820944.692292264, -3232807.55508049)"
2012-08,INTA - RECONQUISTA (EMC),23.5548387096774,11.658064516129,111.3,Humid Chaco,Chaco Húmedo,"c(820955.08433336, -3232437.91665328)"
2012-08,RECONQUISTA,12.3612903225806,24.141935483871,93.8,Humid Chaco,Chaco Húmedo,"c(820944.692292264, -3232807.55508049)"
2012-09,INTA - RECONQUISTA (EMC),25.2033333333333,12.9033333333333,57.5,Humid Chaco,Chaco Húmedo,"c(820955.08433336, -3232437.91665328)"
2012-09,RECONQUISTA,13.4233333333333,25.72,54.1,Humid Chaco,Chaco Húmedo,"c(820944.692292264, -3232807.55508049)"
2012-10,INTA - RECONQUISTA (EMC),26.2129032258065,16.441935483871,185.8,Humid Chaco,Chaco Húmedo,"c(820955.08433336, -3232437.91665328)"
2012-10,RECONQUISTA,16.6354838709677,26.5806451612903,165.4,Humid Chaco,Chaco Húmedo,"c(820944.692292264, -3232807.55508049)"
2012-11,INTA - RECONQUISTA (EMC),30.16,17.5533333333333,40.5,Humid Chaco,Chaco Húmedo,"c(820955.08433336, -3232437.91665328)"
2012-11,RECONQUISTA,17.8033333333333,30.3433333333333,47.4,Humid Chaco,Chaco Húmedo,"c(820944.692292264, -3232807.55508049)"
2012-12,INTA - RECONQUISTA (EMC),31.8161290322581,20.3290322580645,312,Humid Chaco,Chaco Húmedo,"c(820955.08433336, -3232437.91665328)"
2012-12,RECONQUISTA,20.5193548387097,32.141935483871,293.4,Humid Chaco,Chaco Húmedo,"c(820944.692292264, -3232807.55508049)"
2013-01,INTA - RECONQUISTA (EMC),30.7322580645161,19.8064516129032,281.6,Humid Chaco,Chaco Húmedo,"c(820955.08433336, -3232437.91665328)"
2013-01,RECONQUISTA,20.2516129032258,31.3258064516129,238,Humid Chaco,Chaco Húmedo,"c(820944.692292264, -3232807.55508049)"
2013-02,INTA - RECONQUISTA (EMC),31.0678571428571,19.5178571428571,64.6,Humid Chaco,Chaco Húmedo,"c(820955.08433336, -3232437.91665328)"
2013-02,RECONQUISTA,19.6678571428571,31.1571428571429,104,Humid Chaco,Chaco Húmedo,"c(820944.692292264, -3232807.55508049)"
2013-03,INTA - RECONQUISTA (EMC),27.0516129032258,16.5741935483871,232,Humid Chaco,Chaco Húmedo,"c(820955.08433336, -3232437.91665328)"
2013-03,RECONQUISTA,16.7741935483871,27.4354838709677,204,Humid Chaco,Chaco Húmedo,"c(820944.692292264, -3232807.55508049)"
2013-04,INTA - RECONQUISTA (EMC),26.5133333333333,14.85,143.5,Humid Chaco,Chaco Húmedo,"c(820955.08433336, -3232437.91665328)"
2013-04,RECONQUISTA,14.9566666666667,26.5933333333333,103.2,Humid Chaco,Chaco Húmedo,"c(820944.692292264, -3232807.55508049)"
2013-05,INTA - RECONQUISTA (EMC),21.7903225806452,12.558064516129,70.1,Humid Chaco,Chaco Húmedo,"c(820955.08433336, -3232437.91665328)"
2013-05,RECONQUISTA,12.7870967741936,21.6903225806452,137.3,Humid Chaco,Chaco Húmedo,"c(820944.692292264, -3232807.55508049)"
2013-06,INTA - RECONQUISTA (EMC),19.88,9.04,16.9,Humid Chaco,Chaco Húmedo,"c(820955.08433336, -3232437.91665328)"
2013-06,RECONQUISTA,9.10666666666667,20.0166666666667,17.9,Humid Chaco,Chaco Húmedo,"c(820944.692292264, -3232807.55508049)"
2013-07,INTA - RECONQUISTA (EMC),19.8387096774194,9.36774193548387,39.2,Humid Chaco,Chaco Húmedo,"c(820955.08433336, -3232437.91665328)"
2013-07,RECONQUISTA,9.72903225806452,20.0322580645161,35,Humid Chaco,Chaco Húmedo,"c(820944.692292264, -3232807.55508049)"
2013-08,INTA - RECONQUISTA (EMC),20.7387096774194,6.9741935483871,0.4,Humid Chaco,Chaco Húmedo,"c(820955.08433336, -3232437.91665328)"
2013-08,RECONQUISTA,7.50645161290323,20.7967741935484,0.8,Humid Chaco,Chaco Húmedo,"c(820944.692292264, -3232807.55508049)"
2013-09,INTA - RECONQUISTA (EMC),24.85,11.4266666666667,48.6,Humid Chaco,Chaco Húmedo,"c(820955.08433336, -3232437.91665328)"
2013-09,RECONQUISTA,11.5466666666667,24.72,50.2,Humid Chaco,Chaco Húmedo,"c(820944.692292264, -3232807.55508049)"
2013-10,INTA - RECONQUISTA (EMC),28.5322580645161,14.5129032258065,65,Humid Chaco,Chaco Húmedo,"c(820955.08433336, -3232437.91665328)"
2013-10,RECONQUISTA,14.641935483871,28.7032258064516,51.2,Humid Chaco,Chaco Húmedo,"c(820944.692292264, -3232807.55508049)"
2013-11,INTA - RECONQUISTA (EMC),28.84,17.2033333333333,205.9,Humid Chaco,Chaco Húmedo,"c(820955.08433336, -3232437.91665328)"
2013-11,RECONQUISTA,17.48,29.2533333333333,176.4,Humid Chaco,Chaco Húmedo,"c(820944.692292264, -3232807.55508049)"
2013-12,INTA - RECONQUISTA (EMC),34.3645161290323,21.0064516129032,25.4,Humid Chaco,Chaco Húmedo,"c(820955.08433336, -3232437.91665328)"
2013-12,RECONQUISTA,21.2870967741936,34.1354838709677,48.4,Humid Chaco,Chaco Húmedo,"c(820944.692292264, -3232807.55508049)"
2014-01,INTA - RECONQUISTA (EMC),33.5193548387097,21.6387096774194,372.9,Humid Chaco,Chaco Húmedo,"c(820955.08433336, -3232437.91665328)"
2014-01,RECONQUISTA,21.9387096774194,34.1290322580645,295.5,Humid Chaco,Chaco Húmedo,"c(820944.692292264, -3232807.55508049)"
2014-02,RECONQUISTA,21.6035714285714,30.9392857142857,185.3,Humid Chaco,Chaco Húmedo,"c(820944.692292264, -3232807.55508049)"
2014-03,RECONQUISTA,16.8451612903226,27.4870967741936,159.9,Humid Chaco,Chaco Húmedo,"c(820944.692292264, -3232807.55508049)"
2014-04,RECONQUISTA,15.6233333333333,25.9633333333333,68.6,Humid Chaco,Chaco Húmedo,"c(820944.692292264, -3232807.55508049)"
2014-05,RECONQUISTA,14.1451612903226,21.9903225806452,110.9,Humid Chaco,Chaco Húmedo,"c(820944.692292264, -3232807.55508049)"
2014-06,RECONQUISTA,10.5733333333333,19.2,6.4,Humid Chaco,Chaco Húmedo,"c(820944.692292264, -3232807.55508049)"
2014-07,RECONQUISTA,10.4967741935484,20.6193548387097,55.1,Humid Chaco,Chaco Húmedo,"c(820944.692292264, -3232807.55508049)"
2014-08,RECONQUISTA,10.9193548387097,24.2645161290323,13,Humid Chaco,Chaco Húmedo,"c(820944.692292264, -3232807.55508049)"
2014-09,RECONQUISTA,13.7533333333333,24.3166666666667,97,Humid Chaco,Chaco Húmedo,"c(820944.692292264, -3232807.55508049)"
2014-10,RECONQUISTA,17.8838709677419,29.5741935483871,61.3,Humid Chaco,Chaco Húmedo,"c(820944.692292264, -3232807.55508049)"
2014-11,RECONQUISTA,17.1666666666667,29.46,139.2,Humid Chaco,Chaco Húmedo,"c(820944.692292264, -3232807.55508049)"
2014-12,RECONQUISTA,19.5774193548387,29.8741935483871,448.3,Humid Chaco,Chaco Húmedo,"c(820944.692292264, -3232807.55508049)"
2015-01,INTA - RECONQUISTA (EMC),31.0548387096774,21.6064516129032,335.9,Humid Chaco,Chaco Húmedo,"c(820955.08433336, -3232437.91665328)"
2015-01,RECONQUISTA,21.8967741935484,32.0935483870968,295,Humid Chaco,Chaco Húmedo,"c(820944.692292264, -3232807.55508049)"
2015-02,INTA - RECONQUISTA (EMC),30.7857142857143,20.5357142857143,277.4,Humid Chaco,Chaco Húmedo,"c(820955.08433336, -3232437.91665328)"
2015-02,RECONQUISTA,21.225,31.3214285714286,302.4,Humid Chaco,Chaco Húmedo,"c(820944.692292264, -3232807.55508049)"
2015-03,INTA - RECONQUISTA (EMC),29.6387096774194,18.6806451612903,128.7,Humid Chaco,Chaco Húmedo,"c(820955.08433336, -3232437.91665328)"
2015-03,RECONQUISTA,18.8451612903226,29.7967741935484,68,Humid Chaco,Chaco Húmedo,"c(820944.692292264, -3232807.55508049)"
2015-04,INTA - RECONQUISTA (EMC),28.1033333333333,15.39,46.1,Humid Chaco,Chaco Húmedo,"c(820955.08433336, -3232437.91665328)"
2015-04,RECONQUISTA,15.9066666666667,28.33,48,Humid Chaco,Chaco Húmedo,"c(820944.692292264, -3232807.55508049)"
2015-05,INTA - RECONQUISTA (EMC),23.6967741935484,13.6612903225806,51.4,Humid Chaco,Chaco Húmedo,"c(820955.08433336, -3232437.91665328)"
2015-05,RECONQUISTA,14.0387096774194,23.7741935483871,52.4,Humid Chaco,Chaco Húmedo,"c(820944.692292264, -3232807.55508049)"
2015-06,INTA - RECONQUISTA (EMC),21.5233333333333,11.9066666666667,45.6,Humid Chaco,Chaco Húmedo,"c(820955.08433336, -3232437.91665328)"
2015-06,RECONQUISTA,12.1133333333333,22.0666666666667,49.7,Humid Chaco,Chaco Húmedo,"c(820944.692292264, -3232807.55508049)"
2015-07,INTA - RECONQUISTA (EMC),20.5451612903226,9.50645161290323,6.2,Humid Chaco,Chaco Húmedo,"c(820955.08433336, -3232437.91665328)"
2015-07,RECONQUISTA,9.73548387096774,20.6483870967742,1.2,Humid Chaco,Chaco Húmedo,"c(820944.692292264, -3232807.55508049)"
2015-08,INTA - RECONQUISTA (EMC),24.6677419354839,14.1870967741935,239.6,Humid Chaco,Chaco Húmedo,"c(820955.08433336, -3232437.91665328)"
2015-08,RECONQUISTA,14.7741935483871,24.6709677419355,330.2,Humid Chaco,Chaco Húmedo,"c(820944.692292264, -3232807.55508049)"
2015-09,INTA - RECONQUISTA (EMC),24.0566666666667,11.8716666666667,18.1,Humid Chaco,Chaco Húmedo,"c(820955.08433336, -3232437.91665328)"
2015-09,RECONQUISTA,12.0333333333333,23.84,13,Humid Chaco,Chaco Húmedo,"c(820944.692292264, -3232807.55508049)"
2015-10,INTA - RECONQUISTA (EMC),24.2161290322581,14.658064516129,96.3,Humid Chaco,Chaco Húmedo,"c(820955.08433336, -3232437.91665328)"
2015-10,RECONQUISTA,14.8032258064516,24.4677419354839,117.7,Humid Chaco,Chaco Húmedo,"c(820944.692292264, -3232807.55508049)"
2015-11,INTA - RECONQUISTA (EMC),26.6766666666667,17.39,276,Humid Chaco,Chaco Húmedo,"c(820955.08433336, -3232437.91665328)"
2015-11,RECONQUISTA,17.5966666666667,27.1233333333333,190.2,Humid Chaco,Chaco Húmedo,"c(820944.692292264, -3232807.55508049)"
2015-12,INTA - RECONQUISTA (EMC),29.8516129032258,20.6645161290323,335.7,Humid Chaco,Chaco Húmedo,"c(820955.08433336, -3232437.91665328)"
2015-12,RECONQUISTA,21.1645161290323,30,263.5,Humid Chaco,Chaco Húmedo,"c(820944.692292264, -3232807.55508049)"
2016-01,INTA - RECONQUISTA (EMC),32.6677419354839,22.8225806451613,85.2,Humid Chaco,Chaco Húmedo,"c(820955.08433336, -3232437.91665328)"
2016-01,RECONQUISTA,23.3096774193548,32.5548387096774,92,Humid Chaco,Chaco Húmedo,"c(820944.692292264, -3232807.55508049)"
2016-02,INTA - RECONQUISTA (EMC),32.6862068965517,22.2862068965517,128.9,Humid Chaco,Chaco Húmedo,"c(820955.08433336, -3232437.91665328)"
2016-02,RECONQUISTA,22.948275862069,32.6689655172414,148.8,Humid Chaco,Chaco Húmedo,"c(820944.692292264, -3232807.55508049)"
2016-03,INTA - RECONQUISTA (EMC),27.8161290322581,17.3161290322581,72.6,Humid Chaco,Chaco Húmedo,"c(820955.08433336, -3232437.91665328)"
2016-03,RECONQUISTA,17.8096774193548,27.6548387096774,39.2,Humid Chaco,Chaco Húmedo,"c(820944.692292264, -3232807.55508049)"
2016-04,INTA - RECONQUISTA (EMC),24.77,18.11,504.4,Humid Chaco,Chaco Húmedo,"c(820955.08433336, -3232437.91665328)"
2016-04,RECONQUISTA,18.7266666666667,24.8533333333333,456.2,Humid Chaco,Chaco Húmedo,"c(820944.692292264, -3232807.55508049)"
2016-05,INTA - RECONQUISTA (EMC),18.6225806451613,10.6387096774194,11.3,Humid Chaco,Chaco Húmedo,"c(820955.08433336, -3232437.91665328)"
2016-05,RECONQUISTA,11,18.4838709677419,13.2,Humid Chaco,Chaco Húmedo,"c(820944.692292264, -3232807.55508049)"
2016-06,INTA - RECONQUISTA (EMC),17.5733333333333,5.41333333333333,16.4,Humid Chaco,Chaco Húmedo,"c(820955.08433336, -3232437.91665328)"
2016-06,RECONQUISTA,6.2,17.51,17.2,Humid Chaco,Chaco Húmedo,"c(820944.692292264, -3232807.55508049)"
2016-07,INTA - RECONQUISTA (EMC),18.7677419354839,8.2258064516129,35.5,Humid Chaco,Chaco Húmedo,"c(820955.08433336, -3232437.91665328)"
2016-07,RECONQUISTA,9.17096774193548,18.8064516129032,25.5,Humid Chaco,Chaco Húmedo,"c(820944.692292264, -3232807.55508049)"
2016-08,INTA - RECONQUISTA (EMC),23.5870967741936,8.88064516129032,56.1,Humid Chaco,Chaco Húmedo,"c(820955.08433336, -3232437.91665328)"
2016-08,RECONQUISTA,10.3516129032258,23.7032258064516,51.3,Humid Chaco,Chaco Húmedo,"c(820944.692292264, -3232807.55508049)"
2016-09,INTA - RECONQUISTA (EMC),23.2233333333333,9.77666666666667,16.1,Humid Chaco,Chaco Húmedo,"c(820955.08433336, -3232437.91665328)"
2016-09,RECONQUISTA,10.4066666666667,23.31,13,Humid Chaco,Chaco Húmedo,"c(820944.692292264, -3232807.55508049)"
2016-10,INTA - RECONQUISTA (EMC),24.8322580645161,14.4129032258065,261,Humid Chaco,Chaco Húmedo,"c(820955.08433336, -3232437.91665328)"
2016-10,RECONQUISTA,14.6612903225806,24.8935483870968,257.3,Humid Chaco,Chaco Húmedo,"c(820944.692292264, -3232807.55508049)"
2016-11,INTA - RECONQUISTA (EMC),28.8266666666667,16.1166666666667,113.1,Humid Chaco,Chaco Húmedo,"c(820955.08433336, -3232437.91665328)"
2016-11,RECONQUISTA,16.4966666666667,28.9133333333333,104,Humid Chaco,Chaco Húmedo,"c(820944.692292264, -3232807.55508049)"
2016-12,INTA - RECONQUISTA (EMC),31.1258064516129,19.8483870967742,129.3,Humid Chaco,Chaco Húmedo,"c(820955.08433336, -3232437.91665328)"
2016-12,RECONQUISTA,20.2354838709677,31.4516129032258,127.2,Humid Chaco,Chaco Húmedo,"c(820944.692292264, -3232807.55508049)"
2017-01,INTA - RECONQUISTA (EMC),32.3161290322581,20.6516129032258,114.3,Humid Chaco,Chaco Húmedo,"c(820955.08433336, -3232437.91665328)"
2017-01,RECONQUISTA,21.5870967741935,32.1870967741936,95.5,Humid Chaco,Chaco Húmedo,"c(820944.692292264, -3232807.55508049)"
2017-02,INTA - RECONQUISTA (EMC),30.2285714285714,20.6285714285714,174.9,Humid Chaco,Chaco Húmedo,"c(820955.08433336, -3232437.91665328)"
2017-02,RECONQUISTA,20.9357142857143,30.6392857142857,215.5,Humid Chaco,Chaco Húmedo,"c(820944.692292264, -3232807.55508049)"
2017-03,INTA - RECONQUISTA (EMC),28.958064516129,18.9258064516129,85.9,Humid Chaco,Chaco Húmedo,"c(820955.08433336, -3232437.91665328)"
2017-03,RECONQUISTA,19.3258064516129,29.2838709677419,72,Humid Chaco,Chaco Húmedo,"c(820944.692292264, -3232807.55508049)"
2017-04,INTA - RECONQUISTA (EMC),24.8866666666667,15.14,144.4,Humid Chaco,Chaco Húmedo,"c(820955.08433336, -3232437.91665328)"
2017-04,RECONQUISTA,15.34,24.7266666666667,180.5,Humid Chaco,Chaco Húmedo,"c(820944.692292264, -3232807.55508049)"
2017-05,INTA - RECONQUISTA (EMC),21.6935483870968,14.0161290322581,135,Humid Chaco,Chaco Húmedo,"c(820955.08433336, -3232437.91665328)"
2017-05,RECONQUISTA,14.5838709677419,21.3451612903226,157.6,Humid Chaco,Chaco Húmedo,"c(820944.692292264, -3232807.55508049)"
2017-06,INTA - RECONQUISTA (EMC),20.9533333333333,10.4966666666667,33.4,Humid Chaco,Chaco Húmedo,"c(820955.08433336, -3232437.91665328)"
2017-06,RECONQUISTA,11.39,20.6533333333333,31.3,Humid Chaco,Chaco Húmedo,"c(820944.692292264, -3232807.55508049)"
2017-07,INTA - RECONQUISTA (EMC),23.2129032258065,11.4161290322581,51.2,Humid Chaco,Chaco Húmedo,"c(820955.08433336, -3232437.91665328)"
2017-07,RECONQUISTA,12.3,23.2806451612903,52.2,Humid Chaco,Chaco Húmedo,"c(820944.692292264, -3232807.55508049)"
2017-08,INTA - RECONQUISTA (EMC),23.5032258064516,11.8548387096774,82.8,Humid Chaco,Chaco Húmedo,"c(820955.08433336, -3232437.91665328)"
2017-08,RECONQUISTA,12.3548387096774,23.5451612903226,70.3,Humid Chaco,Chaco Húmedo,"c(820944.692292264, -3232807.55508049)"
2017-09,INTA - RECONQUISTA (EMC),24.2833333333333,13.85,90.9,Humid Chaco,Chaco Húmedo,"c(820955.08433336, -3232437.91665328)"
2017-09,RECONQUISTA,14.3566666666667,24.3833333333333,100.3,Humid Chaco,Chaco Húmedo,"c(820944.692292264, -3232807.55508049)"
2017-10,INTA - RECONQUISTA (EMC),25.8,14.6645161290323,24,Humid Chaco,Chaco Húmedo,"c(820955.08433336, -3232437.91665328)"
2017-10,RECONQUISTA,15.0612903225806,26.041935483871,37.8,Humid Chaco,Chaco Húmedo,"c(820944.692292264, -3232807.55508049)"
2017-11,INTA - RECONQUISTA (EMC),29.21,15.38,82.3,Humid Chaco,Chaco Húmedo,"c(820955.08433336, -3232437.91665328)"
2017-11,RECONQUISTA,16.1566666666667,29.1133333333333,105.3,Humid Chaco,Chaco Húmedo,"c(820944.692292264, -3232807.55508049)"
2017-12,INTA - RECONQUISTA (EMC),32.7516129032258,19.8935483870968,65.2,Humid Chaco,Chaco Húmedo,"c(820955.08433336, -3232437.91665328)"
2017-12,RECONQUISTA,20.5612903225806,32.7677419354839,40.5,Humid Chaco,Chaco Húmedo,"c(820944.692292264, -3232807.55508049)"
2009-01,INTA - RAFAELA (EMC),32.2129032258065,17.1838709677419,22.4,Espinal,Espinal,"c(638171.986567111, -3450456.03868206)"
2009-02,INTA - RAFAELA (EMC),30.3142857142857,17.7285714285714,139.3,Espinal,Espinal,"c(638171.986567111, -3450456.03868206)"
2009-02,SUNCHALES,15.4,30.3666666666667,0,Espinal,Espinal,"c(659176.061822678, -3427099.20373563)"
2009-03,INTA - RAFAELA (EMC),29.9322580645161,17.2645161290323,198,Espinal,Espinal,"c(638171.986567111, -3450456.03868206)"
2009-03,SUNCHALES,16.9142857142857,30.8214285714286,109.1,Espinal,Espinal,"c(659176.061822678, -3427099.20373563)"
2009-04,INTA - RAFAELA (EMC),28.0366666666667,14.6533333333333,21,Espinal,Espinal,"c(638171.986567111, -3450456.03868206)"
2009-04,SUNCHALES,14.2655172413793,28.9758620689655,28,Espinal,Espinal,"c(659176.061822678, -3427099.20373563)"
2009-05,INTA - RAFAELA (EMC),23.2038461538462,10.6269230769231,23.7,Espinal,Espinal,"c(638171.986567111, -3450456.03868206)"
2009-05,SUNCHALES,10.6866666666667,24.2333333333333,14,Espinal,Espinal,"c(659176.061822678, -3427099.20373563)"
2009-06,INTA - RAFAELA (EMC),19.137037037037,4.34444444444444,19.4,Espinal,Espinal,"c(638171.986567111, -3450456.03868206)"
2009-06,SUNCHALES,4.28333333333333,19.8366666666667,7,Espinal,Espinal,"c(659176.061822678, -3427099.20373563)"
2009-07,INTA - RAFAELA (EMC),17.2535714285714,3.32142857142857,44.1,Espinal,Espinal,"c(638171.986567111, -3450456.03868206)"
2009-07,SUNCHALES,3.49032258064516,18.1225806451613,34,Espinal,Espinal,"c(659176.061822678, -3427099.20373563)"
2009-08,INTA - RAFAELA (EMC),24.5642857142857,7.55357142857143,0.4,Espinal,Espinal,"c(638171.986567111, -3450456.03868206)"
2009-08,SUNCHALES,8.8258064516129,24.2838709677419,0,Espinal,Espinal,"c(659176.061822678, -3427099.20373563)"
2009-09,INTA - RAFAELA (EMC),20.2851851851852,7.97777777777778,72.4,Espinal,Espinal,"c(638171.986567111, -3450456.03868206)"
2009-09,SUNCHALES,7.61034482758621,20.3448275862069,70,Espinal,Espinal,"c(659176.061822678, -3427099.20373563)"
2009-10,INTA - RAFAELA (EMC),27.6607142857143,10.2892857142857,62.5,Espinal,Espinal,"c(638171.986567111, -3450456.03868206)"
2009-10,SUNCHALES,11.8096774193548,27.8,72,Espinal,Espinal,"c(659176.061822678, -3427099.20373563)"
2009-11,INTA - RAFAELA (EMC),30.0866666666667,17.9033333333333,133.8,Espinal,Espinal,"c(638171.986567111, -3450456.03868206)"
2009-11,SUNCHALES,18.18,29.58,262,Espinal,Espinal,"c(659176.061822678, -3427099.20373563)"
2009-12,INTA - RAFAELA (EMC),28.8096774193548,18.0225806451613,251.7,Espinal,Espinal,"c(638171.986567111, -3450456.03868206)"
2009-12,SUNCHALES,18.0322580645161,29.0387096774194,282.7,Espinal,Espinal,"c(659176.061822678, -3427099.20373563)"
2010-01,INTA - RAFAELA (EMC),31.4193548387097,18.9645161290323,141.6,Espinal,Espinal,"c(638171.986567111, -3450456.03868206)"
2010-01,SUNCHALES,19.2612903225806,31.7354838709677,131,Espinal,Espinal,"c(659176.061822678, -3427099.20373563)"
2010-02,INTA - RAFAELA (EMC),29.5785714285714,19.5928571428571,168.5,Espinal,Espinal,"c(638171.986567111, -3450456.03868206)"
2010-02,SUNCHALES,20.0857142857143,30.1285714285714,231,Espinal,Espinal,"c(659176.061822678, -3427099.20373563)"
2010-03,INTA - RAFAELA (EMC),29.5096774193548,17.0612903225806,114.5,Espinal,Espinal,"c(638171.986567111, -3450456.03868206)"
2010-03,SUNCHALES,17.6266666666667,29.7566666666667,139.4,Espinal,Espinal,"c(659176.061822678, -3427099.20373563)"
2010-04,INTA - RAFAELA (EMC),24.69,11.4166666666667,42.5,Espinal,Espinal,"c(638171.986567111, -3450456.03868206)"
2010-04,SUNCHALES,11.41,24.68,35,Espinal,Espinal,"c(659176.061822678, -3427099.20373563)"
2010-05,INTA - RAFAELA (EMC),20.3161290322581,8.8741935483871,69.7,Espinal,Espinal,"c(638171.986567111, -3450456.03868206)"
2010-05,SUNCHALES,9.04666666666667,19.7766666666667,52.7,Espinal,Espinal,"c(659176.061822678, -3427099.20373563)"
2010-06,INTA - RAFAELA (EMC),18.5766666666667,6.14666666666667,0.6,Espinal,Espinal,"c(638171.986567111, -3450456.03868206)"
2010-06,SUNCHALES,6.35666666666667,18.5566666666667,1,Espinal,Espinal,"c(659176.061822678, -3427099.20373563)"
2010-07,INTA - RAFAELA (EMC),18.3645161290323,4.4258064516129,3.3,Espinal,Espinal,"c(638171.986567111, -3450456.03868206)"
2010-07,SUNCHALES,4.34193548387097,18.6451612903226,0.7,Espinal,Espinal,"c(659176.061822678, -3427099.20373563)"
2010-08,INTA - RAFAELA (EMC),18.7322580645161,5.29032258064516,4.2,Espinal,Espinal,"c(638171.986567111, -3450456.03868206)"
2010-08,SUNCHALES,4.9,19.8266666666667,6,Espinal,Espinal,"c(659176.061822678, -3427099.20373563)"
2010-09,INTA - RAFAELA (EMC),21.96,8.97666666666667,61.7,Espinal,Espinal,"c(638171.986567111, -3450456.03868206)"
2010-09,SUNCHALES,8.62413793103448,23.2206896551724,77,Espinal,Espinal,"c(659176.061822678, -3427099.20373563)"
2010-10,INTA - RAFAELA (EMC),24.5032258064516,9.87741935483871,37.2,Espinal,Espinal,"c(638171.986567111, -3450456.03868206)"
2010-10,SUNCHALES,9.89666666666667,25.6533333333333,23.6,Espinal,Espinal,"c(659176.061822678, -3427099.20373563)"
2010-11,INTA - RAFAELA (EMC),29.16,13.4733333333333,55.2,Espinal,Espinal,"c(638171.986567111, -3450456.03868206)"
2010-11,SUNCHALES,13.6666666666667,30.0033333333333,65,Espinal,Espinal,"c(659176.061822678, -3427099.20373563)"
2010-12,INTA - RAFAELA (EMC),31.5645161290323,13.5612903225806,100.2,Espinal,Espinal,"c(638171.986567111, -3450456.03868206)"
2010-12,SUNCHALES,17.5612903225806,32.3548387096774,152.4,Espinal,Espinal,"c(659176.061822678, -3427099.20373563)"
2011-01,INTA - RAFAELA (EMC),31.7451612903226,18.7967741935484,213.4,Espinal,Espinal,"c(638171.986567111, -3450456.03868206)"
2011-01,SUNCHALES,19.458064516129,33.0129032258065,213.3,Espinal,Espinal,"c(659176.061822678, -3427099.20373563)"
2011-02,INTA - RAFAELA (EMC),27.8321428571429,17.7178571428571,132.3,Espinal,Espinal,"c(638171.986567111, -3450456.03868206)"
2011-02,SUNCHALES,17.7464285714286,29.4928571428571,154.9,Espinal,Espinal,"c(659176.061822678, -3427099.20373563)"
2011-03,INTA - RAFAELA (EMC),28.1032258064516,14.5129032258065,99.7,Espinal,Espinal,"c(638171.986567111, -3450456.03868206)"
2011-03,SUNCHALES,14.7354838709677,29.1677419354839,97,Espinal,Espinal,"c(659176.061822678, -3427099.20373563)"
2011-04,INTA - RAFAELA (EMC),26.02,11.53,87.1,Espinal,Espinal,"c(638171.986567111, -3450456.03868206)"
2011-04,SUNCHALES,12.2333333333333,26.38,121.7,Espinal,Espinal,"c(659176.061822678, -3427099.20373563)"
2011-05,INTA - RAFAELA (EMC),20.7967741935484,9.70645161290323,35.3,Espinal,Espinal,"c(638171.986567111, -3450456.03868206)"
2011-05,SUNCHALES,9.16774193548387,21.1774193548387,53.8,Espinal,Espinal,"c(659176.061822678, -3427099.20373563)"
2011-06,INTA - RAFAELA (EMC),16.41,7.01333333333333,42.6,Espinal,Espinal,"c(638171.986567111, -3450456.03868206)"
2011-06,SUNCHALES,6.34,16.8233333333333,45.4,Espinal,Espinal,"c(659176.061822678, -3427099.20373563)"
2011-07,INTA - RAFAELA (EMC),17.7870967741936,5.18387096774194,6,Espinal,Espinal,"c(638171.986567111, -3450456.03868206)"
2011-07,SUNCHALES,5.03225806451613,18.6129032258065,16.3,Espinal,Espinal,"c(659176.061822678, -3427099.20373563)"
2011-08,INTA - RAFAELA (EMC),18.6838709677419,5.28709677419355,10.3,Espinal,Espinal,"c(638171.986567111, -3450456.03868206)"
2011-08,SUNCHALES,5.20322580645161,19.3806451612903,1.7,Espinal,Espinal,"c(659176.061822678, -3427099.20373563)"
2011-09,INTA - RAFAELA (EMC),24.61,9.21,28.4,Espinal,Espinal,"c(638171.986567111, -3450456.03868206)"
2011-09,SUNCHALES,9.41666666666667,25.2533333333333,21,Espinal,Espinal,"c(659176.061822678, -3427099.20373563)"
2011-10,INTA - RAFAELA (EMC),23.85,12.81,137.8,Espinal,Espinal,"c(638171.986567111, -3450456.03868206)"
2011-10,SUNCHALES,12.4516129032258,24.4322580645161,187,Espinal,Espinal,"c(659176.061822678, -3427099.20373563)"
2011-11,INTA - RAFAELA (EMC),29.5733333333333,16.2233333333333,173.5,Espinal,Espinal,"c(638171.986567111, -3450456.03868206)"
2011-11,RAFAELA - EEA RAFAELA,31.4666666666667,17.2,99.29998,Espinal,Espinal,"c(642906.974182038, -3452736.4850108)"
2011-11,SUNCHALES,15.7433333333333,29.7866666666667,134.5,Espinal,Espinal,"c(659176.061822678, -3427099.20373563)"
2011-12,INTA - RAFAELA (EMC),31.9870967741936,16.9806451612903,17.9,Espinal,Espinal,"c(638171.986567111, -3450456.03868206)"
2011-12,RAFAELA - EEA RAFAELA,32.9935483870968,16.9451612903226,18.5,Espinal,Espinal,"c(642906.974182038, -3452736.4850108)"
2011-12,SUNCHALES,16.5806451612903,31.9612903225806,16,Espinal,Espinal,"c(659176.061822678, -3427099.20373563)"
2012-01,INTA - RAFAELA (EMC),33.6838709677419,18.4709677419355,98,Espinal,Espinal,"c(638171.986567111, -3450456.03868206)"
2012-01,RAFAELA - EEA RAFAELA,34.6548387096774,18.7354838709677,106.09999,Espinal,Espinal,"c(642906.974182038, -3452736.4850108)"
2012-01,SUNCHALES,18.5225806451613,33.9935483870968,124.2,Espinal,Espinal,"c(659176.061822678, -3427099.20373563)"
2012-02,INTA - RAFAELA (EMC),32.3862068965517,20.3,83.7,Espinal,Espinal,"c(638171.986567111, -3450456.03868206)"
2012-02,RAFAELA - EEA RAFAELA,33.9758620689655,20.1241379310345,90.49999,Espinal,Espinal,"c(642906.974182038, -3452736.4850108)"
2012-02,SUNCHALES,19.8862068965517,33.4310344827586,88.9,Espinal,Espinal,"c(659176.061822678, -3427099.20373563)"
2012-03,INTA - RAFAELA (EMC),28.358064516129,16.2483870967742,194.1,Espinal,Espinal,"c(638171.986567111, -3450456.03868206)"
2012-03,RAFAELA - EEA RAFAELA,29.9935483870968,16.3935483870968,201.89996,Espinal,Espinal,"c(642906.974182038, -3452736.4850108)"
2012-03,SUNCHALES,16.4354838709677,29.1161290322581,173,Espinal,Espinal,"c(659176.061822678, -3427099.20373563)"
2012-04,INTA - RAFAELA (EMC),24.28,13.1433333333333,49.8,Espinal,Espinal,"c(638171.986567111, -3450456.03868206)"
2012-04,RAFAELA - EEA RAFAELA,25.8033333333333,12.8433333333333,55.2,Espinal,Espinal,"c(642906.974182038, -3452736.4850108)"
2012-04,SUNCHALES,12.9633333333333,24.6566666666667,30.3,Espinal,Espinal,"c(659176.061822678, -3427099.20373563)"
2012-05,INTA - RAFAELA (EMC),22.6645161290323,11.941935483871,37.5,Espinal,Espinal,"c(638171.986567111, -3450456.03868206)"
2012-05,RAFAELA - EEA RAFAELA,24.864,11.112,41.19999,Espinal,Espinal,"c(642906.974182038, -3452736.4850108)"
2012-05,SUNCHALES,11.5225806451613,23.4967741935484,39.4,Espinal,Espinal,"c(659176.061822678, -3427099.20373563)"
2012-06,INTA - RAFAELA (EMC),19.6366666666667,7.01666666666667,0.4,Espinal,Espinal,"c(638171.986567111, -3450456.03868206)"
2012-06,RAFAELA - EEA RAFAELA,20.41,7.01666666666667,0.6,Espinal,Espinal,"c(642906.974182038, -3452736.4850108)"
2012-06,SUNCHALES,6.62666666666667,20.1566666666667,0.7,Espinal,Espinal,"c(659176.061822678, -3427099.20373563)"
2012-07,INTA - RAFAELA (EMC),18.0258064516129,3.22258064516129,4.6,Espinal,Espinal,"c(638171.986567111, -3450456.03868206)"
2012-07,RAFAELA,2.03684210526316,18.1526315789474,0,Espinal,Espinal,"c(642806.63507224, -3460126.2734163)"
2012-07,RAFAELA - EEA RAFAELA,18.8290322580645,2.97741935483871,6.1,Espinal,Espinal,"c(642906.974182038, -3452736.4850108)"
2012-07,SUNCHALES,3.1741935483871,18.6193548387097,0.4,Espinal,Espinal,"c(659176.061822678, -3427099.20373563)"
2012-08,INTA - RAFAELA (EMC),20.7677419354839,8.8,103.3,Espinal,Espinal,"c(638171.986567111, -3450456.03868206)"
2012-08,RAFAELA,8.01333333333333,19.71,90,Espinal,Espinal,"c(642806.63507224, -3460126.2734163)"
2012-08,RAFAELA - EEA RAFAELA,21.4166666666667,8.8,112.399981,Espinal,Espinal,"c(642906.974182038, -3452736.4850108)"
2012-08,SUNCHALES,8.89354838709677,21.3032258064516,130,Espinal,Espinal,"c(659176.061822678, -3427099.20373563)"
2012-09,INTA - RAFAELA (EMC),23.33,11.38,54.4,Espinal,Espinal,"c(638171.986567111, -3450456.03868206)"
2012-09,RAFAELA,11.7566666666667,22.7333333333333,58,Espinal,Espinal,"c(642806.63507224, -3460126.2734163)"
2012-09,RAFAELA - EEA RAFAELA,24.2666666666667,11.1633333333333,59.79998,Espinal,Espinal,"c(642906.974182038, -3452736.4850108)"
2012-09,SUNCHALES,10.9366666666667,24.6866666666667,21,Espinal,Espinal,"c(659176.061822678, -3427099.20373563)"
2012-10,INTA - RAFAELA (EMC),24.7677419354839,14.358064516129,153.3,Espinal,Espinal,"c(638171.986567111, -3450456.03868206)"
2012-10,RAFAELA,15.058064516129,24.0838709677419,167,Espinal,Espinal,"c(642806.63507224, -3460126.2734163)"
2012-10,RAFAELA - EEA RAFAELA,25.8064516129032,14.2967741935484,170.499971,Espinal,Espinal,"c(642906.974182038, -3452736.4850108)"
2012-10,SUNCHALES,14.3161290322581,25.7451612903226,276.8,Espinal,Espinal,"c(659176.061822678, -3427099.20373563)"
2012-11,INTA - RAFAELA (EMC),29.74,16.6033333333333,70.1,Espinal,Espinal,"c(638171.986567111, -3450456.03868206)"
2012-11,RAFAELA,16.9238095238095,29.5142857142857,61,Espinal,Espinal,"c(642806.63507224, -3460126.2734163)"
2012-11,RAFAELA - EEA RAFAELA,31.36,16.51,81.499991,Espinal,Espinal,"c(642906.974182038, -3452736.4850108)"
2012-11,SUNCHALES,16.1333333333333,30.2033333333333,141,Espinal,Espinal,"c(659176.061822678, -3427099.20373563)"
2012-12,INTA - RAFAELA (EMC),31.0838709677419,17.8677419354839,393.7,Espinal,Espinal,"c(638171.986567111, -3450456.03868206)"
2012-12,RAFAELA,18.936,29.736,379,Espinal,Espinal,"c(642806.63507224, -3460126.2734163)"
2012-12,RAFAELA - EEA RAFAELA,32.5290322580645,18.5354838709677,386.00004,Espinal,Espinal,"c(642906.974182038, -3452736.4850108)"
2012-12,SUNCHALES,18.3967741935484,31.6451612903226,328,Espinal,Espinal,"c(659176.061822678, -3427099.20373563)"
2013-01,INTA - RAFAELA (EMC),31.8096774193548,18.1870967741936,63,Espinal,Espinal,"c(638171.986567111, -3450456.03868206)"
2013-01,RAFAELA,18.695652173913,31.3565217391304,86,Espinal,Espinal,"c(642806.63507224, -3460126.2734163)"
2013-01,RAFAELA - EEA RAFAELA,33.241935483871,18.2548387096774,66.300001,Espinal,Espinal,"c(642906.974182038, -3452736.4850108)"
2013-01,SUNCHALES,18.1645161290323,32.6870967741936,41,Espinal,Espinal,"c(659176.061822678, -3427099.20373563)"
2013-02,INTA - RAFAELA (EMC),29.2785714285714,17.2107142857143,127.7,Espinal,Espinal,"c(638171.986567111, -3450456.03868206)"
2013-02,RAFAELA,17.7727272727273,29.2181818181818,122.9,Espinal,Espinal,"c(642806.63507224, -3460126.2734163)"
2013-02,RAFAELA - EEA RAFAELA,31.2115384615385,17.5730769230769,116.699991,Espinal,Espinal,"c(642906.974182038, -3452736.4850108)"
2013-02,SUNCHALES,17.8214285714286,30.5107142857143,128.9,Espinal,Espinal,"c(659176.061822678, -3427099.20373563)"
2013-03,INTA - RAFAELA (EMC),26.5838709677419,13.9741935483871,96.1,Espinal,Espinal,"c(638171.986567111, -3450456.03868206)"
2013-03,RAFAELA,14.4655172413793,26.251724137931,134,Espinal,Espinal,"c(642806.63507224, -3460126.2734163)"
2013-03,RAFAELA - EEA RAFAELA,28.0935483870968,14.1806451612903,128.5,Espinal,Espinal,"c(642906.974182038, -3452736.4850108)"
2013-03,SUNCHALES,14.3548387096774,27.7774193548387,103.1,Espinal,Espinal,"c(659176.061822678, -3427099.20373563)"
2013-04,INTA - RAFAELA (EMC),26.7933333333333,12.7366666666667,135.2,Espinal,Espinal,"c(638171.986567111, -3450456.03868206)"
2013-04,RAFAELA,12.4535714285714,25.6678571428571,183,Espinal,Espinal,"c(642806.63507224, -3460126.2734163)"
2013-04,RAFAELA - EEA RAFAELA,28.1366666666667,12.8166666666667,102.800003,Espinal,Espinal,"c(642906.974182038, -3452736.4850108)"
2013-04,SUNCHALES,12.78,27.1633333333333,152,Espinal,Espinal,"c(659176.061822678, -3427099.20373563)"
2013-05,INTA - RAFAELA (EMC),21.5741935483871,10.0032258064516,51.1,Espinal,Espinal,"c(638171.986567111, -3450456.03868206)"
2013-05,RAFAELA,10.2516129032258,20.5129032258065,41,Espinal,Espinal,"c(642806.63507224, -3460126.2734163)"
2013-05,RAFAELA - EEA RAFAELA,22.6935483870968,10.4741935483871,52.39999,Espinal,Espinal,"c(642906.974182038, -3452736.4850108)"
2013-05,SUNCHALES,10.4741935483871,21.9096774193548,185.3,Espinal,Espinal,"c(659176.061822678, -3427099.20373563)"
2013-06,INTA - RAFAELA (EMC),20.5366666666667,6.76333333333333,16.4,Espinal,Espinal,"c(638171.986567111, -3450456.03868206)"
2013-06,RAFAELA,7.01851851851852,20.1111111111111,18,Espinal,Espinal,"c(642806.63507224, -3460126.2734163)"
2013-06,RAFAELA - EEA RAFAELA,21.5233333333333,6.79333333333333,18.5,Espinal,Espinal,"c(642906.974182038, -3452736.4850108)"
2013-06,SUNCHALES,6.75333333333333,20.9833333333333,8.1,Espinal,Espinal,"c(659176.061822678, -3427099.20373563)"
2013-07,INTA - RAFAELA (EMC),19.3967741935484,6.52903225806452,1,Espinal,Espinal,"c(638171.986567111, -3450456.03868206)"
2013-07,RAFAELA,6.11071428571429,18.0357142857143,0.2,Espinal,Espinal,"c(642806.63507224, -3460126.2734163)"
2013-07,RAFAELA - EEA RAFAELA,20.2193548387097,6.89677419354839,0.9,Espinal,Espinal,"c(642906.974182038, -3452736.4850108)"
2013-07,SUNCHALES,6.57741935483871,19.5064516129032,0.7,Espinal,Espinal,"c(659176.061822678, -3427099.20373563)"
2013-08,INTA - RAFAELA (EMC),20.4096774193548,4.51935483870968,9.3,Espinal,Espinal,"c(638171.986567111, -3450456.03868206)"
2013-08,RAFAELA,5.61612903225807,20.2258064516129,10,Espinal,Espinal,"c(642806.63507224, -3460126.2734163)"
2013-08,RAFAELA - EEA RAFAELA,21.6870967741936,4.69354838709677,9.900001,Espinal,Espinal,"c(642906.974182038, -3452736.4850108)"
2013-08,SUNCHALES,4.28709677419355,21.3,3,Espinal,Espinal,"c(659176.061822678, -3427099.20373563)"
2013-09,INTA - RAFAELA (EMC),23.3766666666667,8.69333333333333,12.4,Espinal,Espinal,"c(638171.986567111, -3450456.03868206)"
2013-09,RAFAELA,9.49333333333333,23.0533333333333,10,Espinal,Espinal,"c(642806.63507224, -3460126.2734163)"
2013-09,RAFAELA - EEA RAFAELA,24.9566666666667,9.28666666666667,14.600002,Espinal,Espinal,"c(642906.974182038, -3452736.4850108)"
2013-09,SUNCHALES,9.12333333333333,24.1433333333333,15.5,Espinal,Espinal,"c(659176.061822678, -3427099.20373563)"
2013-10,INTA - RAFAELA (EMC),28.0290322580645,12.9516129032258,71.2,Espinal,Espinal,"c(638171.986567111, -3450456.03868206)"
2013-10,RAFAELA,13.8233333333333,28.13,141,Espinal,Espinal,"c(642806.63507224, -3460126.2734163)"
2013-10,RAFAELA - EEA RAFAELA,29.5709677419355,13.2387096774194,112.999991,Espinal,Espinal,"c(642906.974182038, -3452736.4850108)"
2013-10,SUNCHALES,13.2838709677419,28.658064516129,140.7,Espinal,Espinal,"c(659176.061822678, -3427099.20373563)"
2013-11,INTA - RAFAELA (EMC),28.57,15.2733333333333,294,Espinal,Espinal,"c(638171.986567111, -3450456.03868206)"
2013-11,RAFAELA,15.1793103448276,27.4068965517241,270,Espinal,Espinal,"c(642806.63507224, -3460126.2734163)"
2013-11,RAFAELA - EEA RAFAELA,30.19,15.9666666666667,270.59992,Espinal,Espinal,"c(642906.974182038, -3452736.4850108)"
2013-11,SUNCHALES,15.6766666666667,28.5433333333333,356,Espinal,Espinal,"c(659176.061822678, -3427099.20373563)"
2013-12,INTA - RAFAELA (EMC),34.3870967741936,20.1290322580645,59.1,Espinal,Espinal,"c(638171.986567111, -3450456.03868206)"
2013-12,RAFAELA,20.3103448275862,34.2275862068966,87,Espinal,Espinal,"c(642806.63507224, -3460126.2734163)"
2013-12,RAFAELA - EEA RAFAELA,36.4709677419355,20.5064516129032,77.499982,Espinal,Espinal,"c(642906.974182038, -3452736.4850108)"
2013-12,SUNCHALES,19.4870967741936,34.5193548387097,196.5,Espinal,Espinal,"c(659176.061822678, -3427099.20373563)"
2014-01,INTA - RAFAELA (EMC),33.5516129032258,19.9032258064516,64,Espinal,Espinal,"c(638171.986567111, -3450456.03868206)"
2014-01,RAFAELA,20.3612903225806,33.3064516129032,56,Espinal,Espinal,"c(642806.63507224, -3460126.2734163)"
2014-01,RAFAELA - EEA RAFAELA,35.458064516129,20.4193548387097,72.6,Espinal,Espinal,"c(642906.974182038, -3452736.4850108)"
2014-01,SUNCHALES,19.9354838709677,33.958064516129,75.8,Espinal,Espinal,"c(659176.061822678, -3427099.20373563)"
2014-02,INTA - RAFAELA (EMC),28.05,19.2714285714286,312.8,Espinal,Espinal,"c(638171.986567111, -3450456.03868206)"
2014-02,RAFAELA,18.6178571428571,27.8428571428571,303,Espinal,Espinal,"c(642806.63507224, -3460126.2734163)"
2014-02,RAFAELA - EEA RAFAELA,29.9428571428571,19.375,325.999972,Espinal,Espinal,"c(642906.974182038, -3452736.4850108)"
2014-02,SUNCHALES,19.1428571428571,29.1214285714286,264.7,Espinal,Espinal,"c(659176.061822678, -3427099.20373563)"
2014-03,INTA - RAFAELA (EMC),25.7483870967742,14.1451612903226,205.4,Espinal,Espinal,"c(638171.986567111, -3450456.03868206)"
2014-03,RAFAELA,14.341935483871,25.6322580645161,223,Espinal,Espinal,"c(642806.63507224, -3460126.2734163)"
2014-03,RAFAELA - EEA RAFAELA,27.1464285714286,14.6285714285714,230.100033,Espinal,Espinal,"c(642906.974182038, -3452736.4850108)"
2014-03,SUNCHALES,14.141935483871,26.8967741935484,134.3,Espinal,Espinal,"c(659176.061822678, -3427099.20373563)"
2014-04,INTA - RAFAELA (EMC),25.3,13.69,94.5,Espinal,Espinal,"c(638171.986567111, -3450456.03868206)"
2014-04,RAFAELA,13.3433333333333,24.2366666666667,78,Espinal,Espinal,"c(642806.63507224, -3460126.2734163)"
2014-04,RAFAELA - EEA RAFAELA,26.2807692307692,14.0730769230769,96.59999,Espinal,Espinal,"c(642906.974182038, -3452736.4850108)"
2014-04,SUNCHALES,13.49,25.5433333333333,143.5,Espinal,Espinal,"c(659176.061822678, -3427099.20373563)"
2014-05,INTA - RAFAELA (EMC),21.4258064516129,11.6096774193548,62.3,Espinal,Espinal,"c(638171.986567111, -3450456.03868206)"
2014-05,RAFAELA,11.3612903225806,20.958064516129,62,Espinal,Espinal,"c(642806.63507224, -3460126.2734163)"
2014-05,RAFAELA - EEA RAFAELA,21.8451612903226,11.8451612903226,69.79998,Espinal,Espinal,"c(642906.974182038, -3452736.4850108)"
2014-05,SUNCHALES,11.4548387096774,21.5064516129032,30.8,Espinal,Espinal,"c(659176.061822678, -3427099.20373563)"
2014-06,INTA - RAFAELA (EMC),19.2633333333333,6.96333333333333,0.2,Espinal,Espinal,"c(638171.986567111, -3450456.03868206)"
2014-06,RAFAELA,6.80333333333333,18.2233333333333,0,Espinal,Espinal,"c(642806.63507224, -3460126.2734163)"
2014-06,RAFAELA - EEA RAFAELA,19.025,7.05833333333333,0,Espinal,Espinal,"c(642906.974182038, -3452736.4850108)"
2014-06,SUNCHALES,6.68666666666667,19.3133333333333,3.2,Espinal,Espinal,"c(659176.061822678, -3427099.20373563)"
2014-07,INTA - RAFAELA (EMC),19.8741935483871,7.09032258064516,28.5,Espinal,Espinal,"c(638171.986567111, -3450456.03868206)"
2014-07,RAFAELA,6.60322580645161,19.0032258064516,24,Espinal,Espinal,"c(642806.63507224, -3460126.2734163)"
2014-07,RAFAELA - EEA RAFAELA,20.5869565217391,9.12608695652174,29.75,Espinal,Espinal,"c(642906.974182038, -3452736.4850108)"
2014-07,SUNCHALES,7.01935483870968,19.8129032258065,12.4,Espinal,Espinal,"c(659176.061822678, -3427099.20373563)"
2014-08,INTA - RAFAELA (EMC),24.2903225806452,8.64193548387097,0,Espinal,Espinal,"c(638171.986567111, -3450456.03868206)"
2014-08,RAFAELA,7.81935483870968,23.2612903225806,0,Espinal,Espinal,"c(642806.63507224, -3460126.2734163)"
2014-08,RAFAELA - EEA RAFAELA,24.5533333333333,9.22666666666667,0,Espinal,Espinal,"c(642906.974182038, -3452736.4850108)"
2014-08,SUNCHALES,7.49677419354839,24.4516129032258,0,Espinal,Espinal,"c(659176.061822678, -3427099.20373563)"
2014-09,INTA - RAFAELA (EMC),24.61,10.75,73.1,Espinal,Espinal,"c(638171.986567111, -3450456.03868206)"
2014-09,RAFAELA,10.4766666666667,23.64,58,Espinal,Espinal,"c(642806.63507224, -3460126.2734163)"
2014-09,RAFAELA - EEA RAFAELA,24.67,10.9266666666667,78,Espinal,Espinal,"c(642906.974182038, -3452736.4850108)"
2014-09,SUNCHALES,10.76,24.6633333333333,62.2,Espinal,Espinal,"c(659176.061822678, -3427099.20373563)"
2014-10,INTA - RAFAELA (EMC),29.1935483870968,15.5935483870968,64.1,Espinal,Espinal,"c(638171.986567111, -3450456.03868206)"
2014-10,RAFAELA,15.3,28.1677419354839,78,Espinal,Espinal,"c(642806.63507224, -3460126.2734163)"
2014-10,RAFAELA - EEA RAFAELA,29.5451612903226,15.8225806451613,68.5,Espinal,Espinal,"c(642906.974182038, -3452736.4850108)"
2014-10,SUNCHALES,15.5387096774194,29.3,73.2,Espinal,Espinal,"c(659176.061822678, -3427099.20373563)"
2014-11,INTA - RAFAELA (EMC),29.97,14.7633333333333,123.2,Espinal,Espinal,"c(638171.986567111, -3450456.03868206)"
2014-11,RAFAELA,15.19,28.82,111,Espinal,Espinal,"c(642806.63507224, -3460126.2734163)"
2014-11,RAFAELA - EEA RAFAELA,30.6071428571429,15.525,87,Espinal,Espinal,"c(642906.974182038, -3452736.4850108)"
2014-11,SUNCHALES,14.9233333333333,29.6966666666667,134.5,Espinal,Espinal,"c(659176.061822678, -3427099.20373563)"
2014-12,INTA - RAFAELA (EMC),30.9483870967742,17.1838709677419,144.8,Espinal,Espinal,"c(638171.986567111, -3450456.03868206)"
2014-12,RAFAELA,17.2612903225806,29.7129032258065,139,Espinal,Espinal,"c(642806.63507224, -3460126.2734163)"
2014-12,RAFAELA - EEA RAFAELA,30.9935483870968,17.3129032258065,114.5,Espinal,Espinal,"c(642906.974182038, -3452736.4850108)"
2014-12,SUNCHALES,17.0483870967742,30.3129032258065,133.6,Espinal,Espinal,"c(659176.061822678, -3427099.20373563)"
2015-01,INTA - RAFAELA (EMC),32.1322580645161,19.3193548387097,187.9,Espinal,Espinal,"c(638171.986567111, -3450456.03868206)"
2015-01,RAFAELA,19.4290322580645,30.8838709677419,204,Espinal,Espinal,"c(642806.63507224, -3460126.2734163)"
2015-01,RAFAELA - EEA RAFAELA,32.2483870967742,19.7774193548387,202.25,Espinal,Espinal,"c(642906.974182038, -3452736.4850108)"
2015-01,SUNCHALES,19.4741935483871,31.7741935483871,204.9,Espinal,Espinal,"c(659176.061822678, -3427099.20373563)"
2015-02,INTA - RAFAELA (EMC),30.5785714285714,18.5321428571429,244.3,Espinal,Espinal,"c(638171.986567111, -3450456.03868206)"
2015-02,RAFAELA,18.3892857142857,29.6392857142857,370,Espinal,Espinal,"c(642806.63507224, -3460126.2734163)"
2015-02,RAFAELA - EEA RAFAELA,30.7571428571429,18.6892857142857,249.25,Espinal,Espinal,"c(642906.974182038, -3452736.4850108)"
2015-02,SUNCHALES,18.6964285714286,30.3071428571429,213.1,Espinal,Espinal,"c(659176.061822678, -3427099.20373563)"
2015-03,INTA - RAFAELA (EMC),29.7806451612903,16.6032258064516,206.1,Espinal,Espinal,"c(638171.986567111, -3450456.03868206)"
2015-03,RAFAELA,17.1677419354839,28.3354838709677,171,Espinal,Espinal,"c(642806.63507224, -3460126.2734163)"
2015-03,RAFAELA - EEA RAFAELA,30.4592592592593,17.6777777777778,195,Espinal,Espinal,"c(642906.974182038, -3452736.4850108)"
2015-03,SUNCHALES,17.1645161290323,29.2709677419355,215,Espinal,Espinal,"c(659176.061822678, -3427099.20373563)"
2015-04,INTA - RAFAELA (EMC),29.6966666666667,14.8966666666667,44,Espinal,Espinal,"c(638171.986567111, -3450456.03868206)"
2015-04,RAFAELA,15.2933333333333,28.1133333333333,74,Espinal,Espinal,"c(642806.63507224, -3460126.2734163)"
2015-04,RAFAELA - EEA RAFAELA,30.1157894736842,15.7684210526316,44.75,Espinal,Espinal,"c(642906.974182038, -3452736.4850108)"
2015-04,SUNCHALES,14.7266666666667,28.49,43,Espinal,Espinal,"c(659176.061822678, -3427099.20373563)"
2015-05,INTA - RAFAELA (EMC),25.34,12.008,6.8,Espinal,Espinal,"c(638171.986567111, -3450456.03868206)"
2015-05,RAFAELA,11.8838709677419,23.4935483870968,7,Espinal,Espinal,"c(642806.63507224, -3460126.2734163)"
2015-05,RAFAELA - EEA RAFAELA,25.5421052631579,11.6578947368421,7,Espinal,Espinal,"c(642906.974182038, -3452736.4850108)"
2015-05,SUNCHALES,11.8387096774194,24.0774193548387,19,Espinal,Espinal,"c(659176.061822678, -3427099.20373563)"
2015-06,RAFAELA,8.45,20.7566666666667,1,Espinal,Espinal,"c(642806.63507224, -3460126.2734163)"
2015-06,RAFAELA - EEA RAFAELA,25.3222222222222,14.0666666666667,1,Espinal,Espinal,"c(642906.974182038, -3452736.4850108)"
2015-06,SUNCHALES,8.8,21.4733333333333,2.3,Espinal,Espinal,"c(659176.061822678, -3427099.20373563)"
2015-07,RAFAELA,6.10967741935484,20.0387096774194,5,Espinal,Espinal,"c(642806.63507224, -3460126.2734163)"
2015-07,RAFAELA - EEA RAFAELA,21.4387096774194,6.06451612903226,4.75,Espinal,Espinal,"c(642906.974182038, -3452736.4850108)"
2015-07,SUNCHALES,6.11935483870968,21.1741935483871,6,Espinal,Espinal,"c(659176.061822678, -3427099.20373563)"
2015-08,INTA - RAFAELA (EMC),21.0592592592593,9.99259259259259,92,Espinal,Espinal,"c(638171.986567111, -3450456.03868206)"
2015-08,RAFAELA,10.2483870967742,20.3741935483871,119.9,Espinal,Espinal,"c(642806.63507224, -3460126.2734163)"
2015-08,RAFAELA - EEA RAFAELA,22.9034482758621,10.9275862068966,2,Espinal,Espinal,"c(642906.974182038, -3452736.4850108)"
2015-08,SUNCHALES,10.9161290322581,22.3741935483871,96,Espinal,Espinal,"c(659176.061822678, -3427099.20373563)"
2015-09,RAFAELA,10.0866666666667,22.2033333333333,17,Espinal,Espinal,"c(642806.63507224, -3460126.2734163)"
2015-09,RAFAELA - EEA RAFAELA,23.4333333333333,10.0533333333333,25,Espinal,Espinal,"c(642906.974182038, -3452736.4850108)"
2015-09,SUNCHALES,9.81333333333333,22.9433333333333,52,Espinal,Espinal,"c(659176.061822678, -3427099.20373563)"
2015-10,RAFAELA,11.6548387096774,23.9709677419355,47,Espinal,Espinal,"c(642806.63507224, -3460126.2734163)"
2015-10,RAFAELA - EEA RAFAELA,25.2354838709677,12.6129032258065,66,Espinal,Espinal,"c(642906.974182038, -3452736.4850108)"
2015-10,SUNCHALES,12.1387096774194,24.358064516129,112,Espinal,Espinal,"c(659176.061822678, -3427099.20373563)"
2015-11,INTA - RAFAELA (EMC),28.3473684210526,15.7473684210526,70.2,Espinal,Espinal,"c(638171.986567111, -3450456.03868206)"
2015-11,RAFAELA,15.82,27.26,169,Espinal,Espinal,"c(642806.63507224, -3460126.2734163)"
2015-11,RAFAELA - EEA RAFAELA,28.6233333333333,15.7133333333333,143.75,Espinal,Espinal,"c(642906.974182038, -3452736.4850108)"
2015-11,SUNCHALES,15,27.4366666666667,175.7,Espinal,Espinal,"c(659176.061822678, -3427099.20373563)"
2015-12,RAFAELA,19.158064516129,30.5806451612903,94,Espinal,Espinal,"c(642806.63507224, -3460126.2734163)"
2015-12,RAFAELA - EEA RAFAELA,32.2555555555556,18.9851851851852,46.25,Espinal,Espinal,"c(642906.974182038, -3452736.4850108)"
2015-12,SUNCHALES,18.4322580645161,31.2451612903226,112.5,Espinal,Espinal,"c(659176.061822678, -3427099.20373563)"
2016-01,RAFAELA,20.37,33.3133333333333,66,Espinal,Espinal,"c(642806.63507224, -3460126.2734163)"
2016-01,RAFAELA - EEA RAFAELA,34.5884615384615,20.1307692307692,68.5,Espinal,Espinal,"c(642906.974182038, -3452736.4850108)"
2016-01,SUNCHALES,20.0322580645161,34.3612903225806,65,Espinal,Espinal,"c(659176.061822678, -3427099.20373563)"
2016-02,RAFAELA,19.8448275862069,31.5724137931035,409,Espinal,Espinal,"c(642806.63507224, -3460126.2734163)"
2016-02,RAFAELA - EEA RAFAELA,33.0521739130435,19.8304347826087,181.75,Espinal,Espinal,"c(642906.974182038, -3452736.4850108)"
2016-02,SUNCHALES,19.9068965517241,32.5931034482759,373,Espinal,Espinal,"c(659176.061822678, -3427099.20373563)"
2016-03,INTA - RAFAELA (EMC),27.6548387096774,15.5903225806452,55,Espinal,Espinal,"c(638171.986567111, -3450456.03868206)"
2016-03,RAFAELA,15.5161290322581,26.7838709677419,56,Espinal,Espinal,"c(642806.63507224, -3460126.2734163)"
2016-03,RAFAELA - EEA RAFAELA,28.5923076923077,15.3692307692308,39.75,Espinal,Espinal,"c(642906.974182038, -3452736.4850108)"
2016-03,SUNCHALES,15.1516129032258,27.6322580645161,53.3,Espinal,Espinal,"c(659176.061822678, -3427099.20373563)"
2016-04,INTA - RAFAELA (EMC),22.4366666666667,15.0466666666667,307,Espinal,Espinal,"c(638171.986567111, -3450456.03868206)"
2016-04,RAFAELA,14.66,21.53,401,Espinal,Espinal,"c(642806.63507224, -3460126.2734163)"
2016-04,RAFAELA - EEA RAFAELA,23.3346153846154,14.8961538461538,281.5,Espinal,Espinal,"c(642906.974182038, -3452736.4850108)"
2016-04,SUNCHALES,14.97,22.4633333333333,466.3,Espinal,Espinal,"c(659176.061822678, -3427099.20373563)"
2016-05,INTA - RAFAELA (EMC),20.82,9.74,0,Espinal,Espinal,"c(638171.986567111, -3450456.03868206)"
2016-05,RAFAELA,8.96129032258065,18.0612903225806,13,Espinal,Espinal,"c(642806.63507224, -3460126.2734163)"
2016-05,RAFAELA - EEA RAFAELA,19.458064516129,9.45806451612903,15.25,Espinal,Espinal,"c(642906.974182038, -3452736.4850108)"
2016-05,SUNCHALES,9.22258064516129,18.7129032258065,9.6,Espinal,Espinal,"c(659176.061822678, -3427099.20373563)"
2016-06,RAFAELA,4.7448275862069,15.9586206896552,37,Espinal,Espinal,"c(642806.63507224, -3460126.2734163)"
2016-06,RAFAELA - EEA RAFAELA,17.1566666666667,4.82333333333333,55,Espinal,Espinal,"c(642906.974182038, -3452736.4850108)"
2016-06,SUNCHALES,4.43,16.85,41,Espinal,Espinal,"c(659176.061822678, -3427099.20373563)"
2016-07,RAFAELA,6.33870967741936,15.7129032258065,13,Espinal,Espinal,"c(642806.63507224, -3460126.2734163)"
2016-07,RAFAELA - EEA RAFAELA,16.9103448275862,6.93103448275862,6.25,Espinal,Espinal,"c(642906.974182038, -3452736.4850108)"
2016-07,SUNCHALES,6.5258064516129,16.4870967741936,19.4,Espinal,Espinal,"c(659176.061822678, -3427099.20373563)"
2016-08,RAFAELA,7.38666666666667,22.14,0,Espinal,Espinal,"c(642806.63507224, -3460126.2734163)"
2016-08,RAFAELA - EEA RAFAELA,20.5777777777778,7.65555555555556,3.5,Espinal,Espinal,"c(642906.974182038, -3452736.4850108)"
2016-08,SUNCHALES,7.36451612903226,23.1774193548387,0.2,Espinal,Espinal,"c(659176.061822678, -3427099.20373563)"
2016-09,INTA - RAFAELA (EMC),21.9157894736842,7.43157894736842,5.4,Espinal,Espinal,"c(638171.986567111, -3450456.03868206)"
2016-09,RAFAELA,8.54,23.0433333333333,21,Espinal,Espinal,"c(642806.63507224, -3460126.2734163)"
2016-09,RAFAELA - EEA RAFAELA,23.0333333333333,8.90833333333333,18,Espinal,Espinal,"c(642906.974182038, -3452736.4850108)"
2016-09,SUNCHALES,8.13666666666667,23.92,22,Espinal,Espinal,"c(659176.061822678, -3427099.20373563)"
2016-10,RAFAELA,12.3193548387097,24.0645161290323,148,Espinal,Espinal,"c(642806.63507224, -3460126.2734163)"
2016-10,RAFAELA - EEA RAFAELA,25.1967741935484,12.6935483870968,170.5,Espinal,Espinal,"c(642906.974182038, -3452736.4850108)"
2016-10,SUNCHALES,12.4161290322581,24.8677419354839,183.6,Espinal,Espinal,"c(659176.061822678, -3427099.20373563)"
2016-11,RAFAELA,13.9551724137931,28.2034482758621,60,Espinal,Espinal,"c(642806.63507224, -3460126.2734163)"
2016-11,RAFAELA - EEA RAFAELA,29.85,14.5733333333333,58,Espinal,Espinal,"c(642906.974182038, -3452736.4850108)"
2016-11,SUNCHALES,14.31,29.1,75,Espinal,Espinal,"c(659176.061822678, -3427099.20373563)"
2016-12,RAFAELA,17.9333333333333,31.0066666666667,256,Espinal,Espinal,"c(642806.63507224, -3460126.2734163)"
2016-12,RAFAELA - EEA RAFAELA,32.5619047619048,16.7,28.25,Espinal,Espinal,"c(642906.974182038, -3452736.4850108)"
2016-12,SUNCHALES,17.9451612903226,32.041935483871,309,Espinal,Espinal,"c(659176.061822678, -3427099.20373563)"
2017-01,RAFAELA,19.2566666666667,31.0533333333333,260,Espinal,Espinal,"c(642806.63507224, -3460126.2734163)"
2017-01,RAFAELA - EEA RAFAELA,33.1115384615385,19.9230769230769,60.25,Espinal,Espinal,"c(642906.974182038, -3452736.4850108)"
2017-01,SUNCHALES,19.7903225806452,32.0516129032258,331.5,Espinal,Espinal,"c(659176.061822678, -3427099.20373563)"
2017-02,RAFAELA,18.9321428571429,30.125,157,Espinal,Espinal,"c(642806.63507224, -3460126.2734163)"
2017-02,RAFAELA - EEA RAFAELA,31.725,19.525,149.5,Espinal,Espinal,"c(642906.974182038, -3452736.4850108)"
2017-02,SUNCHALES,19.5928571428571,30.8571428571429,135.7,Espinal,Espinal,"c(659176.061822678, -3427099.20373563)"
2017-03,RAFAELA,16.6862068965517,28.1344827586207,31,Espinal,Espinal,"c(642806.63507224, -3460126.2734163)"
2017-03,RAFAELA - EEA RAFAELA,29.841935483871,16.8193548387097,31.5,Espinal,Espinal,"c(642906.974182038, -3452736.4850108)"
2017-03,SUNCHALES,16.9322580645161,28.7290322580645,90.1,Espinal,Espinal,"c(659176.061822678, -3427099.20373563)"
2017-04,RAFAELA,12.4666666666667,23.8233333333333,117,Espinal,Espinal,"c(642806.63507224, -3460126.2734163)"
2017-04,RAFAELA - EEA RAFAELA,25.2133333333333,12.7833333333333,153.25,Espinal,Espinal,"c(642906.974182038, -3452736.4850108)"
2017-04,SUNCHALES,12.7066666666667,24.42,97.2,Espinal,Espinal,"c(659176.061822678, -3427099.20373563)"
2017-05,RAFAELA,11.1903225806452,20.1677419354839,58,Espinal,Espinal,"c(642806.63507224, -3460126.2734163)"
2017-05,RAFAELA - EEA RAFAELA,21.6322580645161,11.5548387096774,45,Espinal,Espinal,"c(642906.974182038, -3452736.4850108)"
2017-05,SUNCHALES,11.3548387096774,20.7516129032258,34,Espinal,Espinal,"c(659176.061822678, -3427099.20373563)"
2017-06,INTA - RAFAELA (EMC),20.2666666666667,8.03666666666667,7.6,Espinal,Espinal,"c(638171.986567111, -3450456.03868206)"
2017-06,RAFAELA,7.86333333333333,19.71,5,Espinal,Espinal,"c(642806.63507224, -3460126.2734163)"
2017-06,RAFAELA - EEA RAFAELA,21.6655172413793,8.1551724137931,7,Espinal,Espinal,"c(642906.974182038, -3452736.4850108)"
2017-06,SUNCHALES,8.19,20.9,1.8,Espinal,Espinal,"c(659176.061822678, -3427099.20373563)"
2017-07,INTA - RAFAELA (EMC),19.4387096774194,8.79354838709677,18.3,Espinal,Espinal,"c(638171.986567111, -3450456.03868206)"
2017-07,RAFAELA,8.52758620689655,19.3034482758621,17,Espinal,Espinal,"c(642806.63507224, -3460126.2734163)"
2017-07,RAFAELA - EEA RAFAELA,21.048,8.736,17,Espinal,Espinal,"c(642906.974182038, -3452736.4850108)"
2017-07,SUNCHALES,8.96129032258065,20.0903225806452,17.5,Espinal,Espinal,"c(659176.061822678, -3427099.20373563)"
2017-08,INTA - RAFAELA (EMC),21.0322580645161,9.43225806451613,84.6,Espinal,Espinal,"c(638171.986567111, -3450456.03868206)"
2017-08,RAFAELA,9.22413793103448,21.3172413793103,40,Espinal,Espinal,"c(642806.63507224, -3460126.2734163)"
2017-08,RAFAELA - EEA RAFAELA,22.7884615384615,9.66923076923077,63,Espinal,Espinal,"c(642906.974182038, -3452736.4850108)"
2017-08,SUNCHALES,9.35483870967742,22.1354838709677,64,Espinal,Espinal,"c(659176.061822678, -3427099.20373563)"
2017-09,INTA - RAFAELA (EMC),22.7,11.12,0.6,Espinal,Espinal,"c(638171.986567111, -3450456.03868206)"
2017-09,RAFAELA,10.4566666666667,22.1266666666667,176,Espinal,Espinal,"c(642806.63507224, -3460126.2734163)"
2017-09,RAFAELA - EEA RAFAELA,23.5862068965517,10.9793103448276,119.5,Espinal,Espinal,"c(642906.974182038, -3452736.4850108)"
2017-09,SUNCHALES,10.76,22.82,185,Espinal,Espinal,"c(659176.061822678, -3427099.20373563)"
2017-10,RAFAELA,11.8633333333333,24.0233333333333,97,Espinal,Espinal,"c(642806.63507224, -3460126.2734163)"
2017-10,RAFAELA - EEA RAFAELA,25.5071428571429,12.2821428571429,107.25,Espinal,Espinal,"c(642906.974182038, -3452736.4850108)"
2017-10,SUNCHALES,12.1354838709677,25.1451612903226,78.2,Espinal,Espinal,"c(659176.061822678, -3427099.20373563)"
2017-11,RAFAELA,13.7,28.6214285714286,79,Espinal,Espinal,"c(642806.63507224, -3460126.2734163)"
2017-11,RAFAELA - EEA RAFAELA,30.6103448275862,14.3275862068966,68.25,Espinal,Espinal,"c(642906.974182038, -3452736.4850108)"
2017-11,SUNCHALES,13.8733333333333,29.7366666666667,92.4,Espinal,Espinal,"c(659176.061822678, -3427099.20373563)"
2017-12,RAFAELA,17.537037037037,31.9962962962963,75,Espinal,Espinal,"c(642806.63507224, -3460126.2734163)"
2017-12,RAFAELA - EEA RAFAELA,33.1129032258065,18.0290322580645,95.25,Espinal,Espinal,"c(642906.974182038, -3452736.4850108)"
2017-12,SUNCHALES,18.0225806451613,33.0903225806452,117.5,Espinal,Espinal,"c(659176.061822678, -3427099.20373563)"
2009-01,SAUCE VIEJO,18.0193548387097,32.6709677419355,28.3,Espinal,Espinal,"c(706918.746108169, -3509256.0135134)"
2009-02,SAUCE VIEJO,18.7964285714286,30.6607142857143,132,Espinal,Espinal,"c(706918.746108169, -3509256.0135134)"
2009-03,SAUCE VIEJO,17.9677419354839,30.3741935483871,168,Espinal,Espinal,"c(706918.746108169, -3509256.0135134)"
2009-04,SAUCE VIEJO,14.7166666666667,27.4266666666667,42,Espinal,Espinal,"c(706918.746108169, -3509256.0135134)"
2009-05,SAUCE VIEJO,11.1322580645161,23.3064516129032,23,Espinal,Espinal,"c(706918.746108169, -3509256.0135134)"
2009-06,SAUCE VIEJO,4.72666666666667,18.1566666666667,7.3,Espinal,Espinal,"c(706918.746108169, -3509256.0135134)"
2009-07,SAUCE VIEJO,3.30967741935484,17.3935483870968,48,Espinal,Espinal,"c(706918.746108169, -3509256.0135134)"
2009-08,SAUCE VIEJO,10.0645161290323,23.7548387096774,2.1,Espinal,Espinal,"c(706918.746108169, -3509256.0135134)"
2009-09,SAUCE VIEJO,9.4,20.1,110,Espinal,Espinal,"c(706918.746108169, -3509256.0135134)"
2009-10,SAUCE VIEJO,13.1935483870968,26.5,63,Espinal,Espinal,"c(706918.746108169, -3509256.0135134)"
2009-11,SAUCE VIEJO,19.4333333333333,28.8733333333333,189.4,Espinal,Espinal,"c(706918.746108169, -3509256.0135134)"
2009-12,SAUCE VIEJO,19.7645161290323,28.6838709677419,261.6,Espinal,Espinal,"c(706918.746108169, -3509256.0135134)"
2010-01,SAUCE VIEJO,21.0677419354839,31.7322580645161,114,Espinal,Espinal,"c(706918.746108169, -3509256.0135134)"
2010-02,SAUCE VIEJO,21.6464285714286,29.8464285714286,259.2,Espinal,Espinal,"c(706918.746108169, -3509256.0135134)"
2010-03,SAUCE VIEJO,18.8290322580645,29.558064516129,110.6,Espinal,Espinal,"c(706918.746108169, -3509256.0135134)"
2010-04,SAUCE VIEJO,13.1233333333333,23.7866666666667,105.9,Espinal,Espinal,"c(706918.746108169, -3509256.0135134)"
2010-05,SAUCE VIEJO,10.1741935483871,19.7548387096774,54.4,Espinal,Espinal,"c(706918.746108169, -3509256.0135134)"
2010-06,SAUCE VIEJO,7.51666666666667,17.39,2.6,Espinal,Espinal,"c(706918.746108169, -3509256.0135134)"
2010-07,SAUCE VIEJO,5.03870967741936,17.1903225806452,14.9,Espinal,Espinal,"c(706918.746108169, -3509256.0135134)"
2010-08,SAUCE VIEJO,5.80967741935484,18.0387096774194,10.6,Espinal,Espinal,"c(706918.746108169, -3509256.0135134)"
2010-09,SAUCE VIEJO,10.74,21.97,62,Espinal,Espinal,"c(706918.746108169, -3509256.0135134)"
2010-10,SAUCE VIEJO,11.4096774193548,24.5161290322581,61.5,Espinal,Espinal,"c(706918.746108169, -3509256.0135134)"
2010-11,SAUCE VIEJO,15.4933333333333,28.9,37.2,Espinal,Espinal,"c(706918.746108169, -3509256.0135134)"
2010-12,SAUCE VIEJO,18.8387096774194,31.8774193548387,70.5,Espinal,Espinal,"c(706918.746108169, -3509256.0135134)"
2011-01,SAUCE VIEJO,20.441935483871,32.6516129032258,116,Espinal,Espinal,"c(706918.746108169, -3509256.0135134)"
2011-02,SAUCE VIEJO,19.4214285714286,29.2392857142857,135,Espinal,Espinal,"c(706918.746108169, -3509256.0135134)"
2011-03,SAUCE VIEJO,16.6193548387097,28.5129032258065,135.2,Espinal,Espinal,"c(706918.746108169, -3509256.0135134)"
2011-04,SAUCE VIEJO,13.32,25.2966666666667,99,Espinal,Espinal,"c(706918.746108169, -3509256.0135134)"
2011-05,SAUCE VIEJO,10.7774193548387,20.2516129032258,100,Espinal,Espinal,"c(706918.746108169, -3509256.0135134)"
2011-06,SAUCE VIEJO,7.90666666666667,16.5366666666667,39.1,Espinal,Espinal,"c(706918.746108169, -3509256.0135134)"
2011-07,SAUCE VIEJO,6.0258064516129,17.3935483870968,25,Espinal,Espinal,"c(706918.746108169, -3509256.0135134)"
2011-08,SAUCE VIEJO,6.94838709677419,17.758064516129,13,Espinal,Espinal,"c(706918.746108169, -3509256.0135134)"
2011-09,SAUCE VIEJO,10.6166666666667,23.5866666666667,18.7,Espinal,Espinal,"c(706918.746108169, -3509256.0135134)"
2011-10,SAUCE VIEJO,13.6032258064516,23.141935483871,135.9,Espinal,Espinal,"c(706918.746108169, -3509256.0135134)"
2011-11,SAUCE VIEJO,18.5,29.1533333333333,129,Espinal,Espinal,"c(706918.746108169, -3509256.0135134)"
2011-12,SAUCE VIEJO,18.2064516129032,30.6322580645161,42.3,Espinal,Espinal,"c(706918.746108169, -3509256.0135134)"
2012-01,SAUCE VIEJO,20.4258064516129,33.5354838709677,81,Espinal,Espinal,"c(706918.746108169, -3509256.0135134)"
2012-02,SAUCE VIEJO,20.6655172413793,30.9896551724138,190,Espinal,Espinal,"c(706918.746108169, -3509256.0135134)"
2012-03,SAUCE VIEJO,16.9838709677419,28.6806451612903,121,Espinal,Espinal,"c(706918.746108169, -3509256.0135134)"
2012-04,SAUCE VIEJO,13.66,24.3833333333333,36.5,Espinal,Espinal,"c(706918.746108169, -3509256.0135134)"
2012-05,SAUCE VIEJO,12.541935483871,23.0677419354839,72.4,Espinal,Espinal,"c(706918.746108169, -3509256.0135134)"
2012-06,SAUCE VIEJO,7.31666666666667,18.9233333333333,6,Espinal,Espinal,"c(706918.746108169, -3509256.0135134)"
2012-07,SAUCE VIEJO,3.58387096774194,17.6161290322581,4.5,Espinal,Espinal,"c(706918.746108169, -3509256.0135134)"
2012-08,SAUCE VIEJO,9.56451612903226,19.9935483870968,120,Espinal,Espinal,"c(706918.746108169, -3509256.0135134)"
2012-09,SAUCE VIEJO,12.22,23.2733333333333,89,Espinal,Espinal,"c(706918.746108169, -3509256.0135134)"
2012-10,SAUCE VIEJO,15.3354838709677,24.4903225806452,243.6,Espinal,Espinal,"c(706918.746108169, -3509256.0135134)"
2012-11,SAUCE VIEJO,17.64,29,81,Espinal,Espinal,"c(706918.746108169, -3509256.0135134)"
2012-12,SAUCE VIEJO,19.2354838709677,30.6064516129032,316,Espinal,Espinal,"c(706918.746108169, -3509256.0135134)"
2013-01,SAUCE VIEJO,19.9612903225806,31.258064516129,68,Espinal,Espinal,"c(706918.746108169, -3509256.0135134)"
2013-02,SAUCE VIEJO,18.7964285714286,30.1214285714286,74.6,Espinal,Espinal,"c(706918.746108169, -3509256.0135134)"
2013-03,SAUCE VIEJO,15.7193548387097,26.5387096774194,86.3,Espinal,Espinal,"c(706918.746108169, -3509256.0135134)"
2013-04,SAUCE VIEJO,13.6,26.0066666666667,144.5,Espinal,Espinal,"c(706918.746108169, -3509256.0135134)"
2013-05,SAUCE VIEJO,10.6709677419355,20.9645161290323,70.3,Espinal,Espinal,"c(706918.746108169, -3509256.0135134)"
2013-06,SAUCE VIEJO,7.39333333333333,19.4166666666667,40.1,Espinal,Espinal,"c(706918.746108169, -3509256.0135134)"
2013-07,SAUCE VIEJO,8.11290322580645,18.4774193548387,7,Espinal,Espinal,"c(706918.746108169, -3509256.0135134)"
2013-08,SAUCE VIEJO,6.05806451612903,19.7387096774194,3,Espinal,Espinal,"c(706918.746108169, -3509256.0135134)"
2013-09,SAUCE VIEJO,10.2966666666667,22.54,19.7,Espinal,Espinal,"c(706918.746108169, -3509256.0135134)"
2013-10,SAUCE VIEJO,14.5161290322581,27.3258064516129,92.2,Espinal,Espinal,"c(706918.746108169, -3509256.0135134)"
2013-11,SAUCE VIEJO,17.39,27.77,239,Espinal,Espinal,"c(706918.746108169, -3509256.0135134)"
2013-12,SAUCE VIEJO,21.3612903225806,33.9774193548387,95.3,Espinal,Espinal,"c(706918.746108169, -3509256.0135134)"
2014-01,SAUCE VIEJO,21.6354838709677,33.3516129032258,74,Espinal,Espinal,"c(706918.746108169, -3509256.0135134)"
2014-02,SAUCE VIEJO,20.1821428571429,28.7142857142857,231.7,Espinal,Espinal,"c(706918.746108169, -3509256.0135134)"
2014-03,SAUCE VIEJO,15.3354838709677,26.3096774193548,223,Espinal,Espinal,"c(706918.746108169, -3509256.0135134)"
2014-04,SAUCE VIEJO,14.5566666666667,24.2533333333333,164.5,Espinal,Espinal,"c(706918.746108169, -3509256.0135134)"
2014-05,SAUCE VIEJO,12.1387096774194,20.6322580645161,61.8,Espinal,Espinal,"c(706918.746108169, -3509256.0135134)"
2014-06,SAUCE VIEJO,8.17333333333333,18.3533333333333,10,Espinal,Espinal,"c(706918.746108169, -3509256.0135134)"
2014-07,SAUCE VIEJO,8.8,18.7548387096774,85.4,Espinal,Espinal,"c(706918.746108169, -3509256.0135134)"
2014-08,SAUCE VIEJO,9.75806451612903,22.2935483870968,0,Espinal,Espinal,"c(706918.746108169, -3509256.0135134)"
2014-09,SAUCE VIEJO,12.5566666666667,23.1233333333333,86,Espinal,Espinal,"c(706918.746108169, -3509256.0135134)"
2014-10,SAUCE VIEJO,16.8741935483871,27.4935483870968,64,Espinal,Espinal,"c(706918.746108169, -3509256.0135134)"
2014-11,SAUCE VIEJO,16.4466666666667,28.6666666666667,108,Espinal,Espinal,"c(706918.746108169, -3509256.0135134)"
2014-12,SAUCE VIEJO,17.9806451612903,29.5677419354839,135,Espinal,Espinal,"c(706918.746108169, -3509256.0135134)"
2015-01,SAUCE VIEJO,20.3322580645161,31.2193548387097,143.8,Espinal,Espinal,"c(706918.746108169, -3509256.0135134)"
2015-02,SAUCE VIEJO,20.0142857142857,30.3178571428571,175,Espinal,Espinal,"c(706918.746108169, -3509256.0135134)"
2015-03,SAUCE VIEJO,18.558064516129,28.7935483870968,160,Espinal,Espinal,"c(706918.746108169, -3509256.0135134)"
2015-04,SAUCE VIEJO,15.29,27.99,29.6,Espinal,Espinal,"c(706918.746108169, -3509256.0135134)"
2015-05,SAUCE VIEJO,12.9870967741935,23.2967741935484,21.7,Espinal,Espinal,"c(706918.746108169, -3509256.0135134)"
2015-06,SAUCE VIEJO,9.41333333333333,21.0633333333333,77,Espinal,Espinal,"c(706918.746108169, -3509256.0135134)"
2015-07,SAUCE VIEJO,7.45806451612903,19.7709677419355,41,Espinal,Espinal,"c(706918.746108169, -3509256.0135134)"
2015-08,SAUCE VIEJO,12.4064516129032,21.3774193548387,115.7,Espinal,Espinal,"c(706918.746108169, -3509256.0135134)"
2015-09,SAUCE VIEJO,10.4433333333333,21.88,11.5,Espinal,Espinal,"c(706918.746108169, -3509256.0135134)"
2015-10,SAUCE VIEJO,13.1064516129032,23.5096774193548,99,Espinal,Espinal,"c(706918.746108169, -3509256.0135134)"
2015-11,SAUCE VIEJO,16.31,26.89,138.7,Espinal,Espinal,"c(706918.746108169, -3509256.0135134)"
2015-12,SAUCE VIEJO,20.1096774193548,30.2774193548387,138.7,Espinal,Espinal,"c(706918.746108169, -3509256.0135134)"
2016-01,SAUCE VIEJO,22.2967741935484,32.8032258064516,80,Espinal,Espinal,"c(706918.746108169, -3509256.0135134)"
2016-02,SAUCE VIEJO,21.3241379310345,31.4724137931035,302,Espinal,Espinal,"c(706918.746108169, -3509256.0135134)"
2016-03,SAUCE VIEJO,16.6193548387097,26.7838709677419,91,Espinal,Espinal,"c(706918.746108169, -3509256.0135134)"
2016-04,SAUCE VIEJO,15.86,22.5566666666667,353.8,Espinal,Espinal,"c(706918.746108169, -3509256.0135134)"
2016-05,SAUCE VIEJO,10.658064516129,17.8225806451613,9.5,Espinal,Espinal,"c(706918.746108169, -3509256.0135134)"
2016-06,SAUCE VIEJO,5.10666666666667,16.1533333333333,31,Espinal,Espinal,"c(706918.746108169, -3509256.0135134)"
2016-07,SAUCE VIEJO,7.41612903225806,15.4806451612903,25,Espinal,Espinal,"c(706918.746108169, -3509256.0135134)"
2016-08,SAUCE VIEJO,8.4741935483871,21.1774193548387,5,Espinal,Espinal,"c(706918.746108169, -3509256.0135134)"
2016-09,SAUCE VIEJO,9.40666666666667,22.7933333333333,34.4,Espinal,Espinal,"c(706918.746108169, -3509256.0135134)"
2016-10,SAUCE VIEJO,14.1677419354839,24.1032258064516,193.5,Espinal,Espinal,"c(706918.746108169, -3509256.0135134)"
2016-11,SAUCE VIEJO,15.5433333333333,27.9066666666667,146.9,Espinal,Espinal,"c(706918.746108169, -3509256.0135134)"
2016-12,SAUCE VIEJO,18.7064516129032,30.7806451612903,243.3,Espinal,Espinal,"c(706918.746108169, -3509256.0135134)"
2017-01,SAUCE VIEJO,21.041935483871,31.2516129032258,207,Espinal,Espinal,"c(706918.746108169, -3509256.0135134)"
2017-02,SAUCE VIEJO,20.1321428571429,30.0964285714286,133.7,Espinal,Espinal,"c(706918.746108169, -3509256.0135134)"
2017-03,SAUCE VIEJO,17.7516129032258,28.0677419354839,73.3,Espinal,Espinal,"c(706918.746108169, -3509256.0135134)"
2017-04,SAUCE VIEJO,13.4466666666667,24.28,137.9,Espinal,Espinal,"c(706918.746108169, -3509256.0135134)"
2017-05,SAUCE VIEJO,12.6193548387097,20.5032258064516,71.3,Espinal,Espinal,"c(706918.746108169, -3509256.0135134)"
2017-06,SAUCE VIEJO,8.85333333333333,19.26,16.4,Espinal,Espinal,"c(706918.746108169, -3509256.0135134)"
2017-07,SAUCE VIEJO,10.1774193548387,19.1548387096774,25.8,Espinal,Espinal,"c(706918.746108169, -3509256.0135134)"
2017-08,SAUCE VIEJO,10.5225806451613,20.9161290322581,93.7,Espinal,Espinal,"c(706918.746108169, -3509256.0135134)"
2017-09,SAUCE VIEJO,12.2033333333333,22.3066666666667,114,Espinal,Espinal,"c(706918.746108169, -3509256.0135134)"
2017-10,SAUCE VIEJO,13.4032258064516,24.2258064516129,90,Espinal,Espinal,"c(706918.746108169, -3509256.0135134)"
2017-11,SAUCE VIEJO,15.1433333333333,28.32,89,Espinal,Espinal,"c(706918.746108169, -3509256.0135134)"
2017-12,SAUCE VIEJO,18.958064516129,31.8451612903226,111.2,Espinal,Espinal,"c(706918.746108169, -3509256.0135134)"
2009-01,LAS ROSAS (EMC),31.3064516129032,15.5645161290323,75,Humid Pampas,Pampa,"c(634368.685845652, -3594542.65737433)"
2009-01,MONTES DE OCA,16.3966666666667,30.69,117.8,Humid Pampas,Pampa,"c(615642.512288631, -3604065.99785854)"
2009-02,LAS ROSAS (EMC),29.4464285714286,16.1964285714286,227,Humid Pampas,Pampa,"c(634368.685845652, -3594542.65737433)"
2009-02,MONTES DE OCA,16.1392857142857,28.2678571428571,210,Humid Pampas,Pampa,"c(615642.512288631, -3604065.99785854)"
2009-03,LAS ROSAS (EMC),30.5161290322581,15.4516129032258,119,Humid Pampas,Pampa,"c(634368.685845652, -3594542.65737433)"
2009-03,MONTES DE OCA,15.9935483870968,29.1806451612903,130.4,Humid Pampas,Pampa,"c(615642.512288631, -3604065.99785854)"
2009-04,LAS ROSAS (EMC),27.8833333333333,12.3166666666667,47,Humid Pampas,Pampa,"c(634368.685845652, -3594542.65737433)"
2009-04,MONTES DE OCA,12.7133333333333,26.71,62,Humid Pampas,Pampa,"c(615642.512288631, -3604065.99785854)"
2009-05,LAS ROSAS (EMC),23.4677419354839,8.38709677419355,9,Humid Pampas,Pampa,"c(634368.685845652, -3594542.65737433)"
2009-05,MONTES DE OCA,8.90967741935484,21.6129032258065,17.2,Humid Pampas,Pampa,"c(615642.512288631, -3604065.99785854)"
2009-06,LAS ROSAS (EMC),18.5333333333333,2.28333333333333,0,Humid Pampas,Pampa,"c(634368.685845652, -3594542.65737433)"
2009-06,MONTES DE OCA,2.84333333333333,17.1966666666667,0,Humid Pampas,Pampa,"c(615642.512288631, -3604065.99785854)"
2009-07,LAS ROSAS (EMC),17.4354838709677,1.25806451612903,41,Humid Pampas,Pampa,"c(634368.685845652, -3594542.65737433)"
2009-07,MONTES DE OCA,1.7,15.7193548387097,25.6,Humid Pampas,Pampa,"c(615642.512288631, -3604065.99785854)"
2009-08,LAS ROSAS (EMC),23.5322580645161,7.12903225806452,1,Humid Pampas,Pampa,"c(634368.685845652, -3594542.65737433)"
2009-08,MONTES DE OCA,6.03548387096774,21.9903225806452,0,Humid Pampas,Pampa,"c(615642.512288631, -3604065.99785854)"
2009-09,LAS ROSAS (EMC),19.15,5.9,112,Humid Pampas,Pampa,"c(634368.685845652, -3594542.65737433)"
2009-09,MONTES DE OCA,5.8,18.0166666666667,104.8,Humid Pampas,Pampa,"c(615642.512288631, -3604065.99785854)"
2009-10,LAS ROSAS (EMC),26.758064516129,10.7258064516129,72,Humid Pampas,Pampa,"c(634368.685845652, -3594542.65737433)"
2009-10,MONTES DE OCA,9.96774193548387,25.6483870967742,37.2,Humid Pampas,Pampa,"c(615642.512288631, -3604065.99785854)"
2009-11,LAS ROSAS (EMC),29.15,15.7166666666667,82,Humid Pampas,Pampa,"c(634368.685845652, -3594542.65737433)"
2009-11,MONTES DE OCA,15.2066666666667,27.7833333333333,130.4,Humid Pampas,Pampa,"c(615642.512288631, -3604065.99785854)"
2009-12,LAS ROSAS (EMC),28.8064516129032,16.9354838709677,248,Humid Pampas,Pampa,"c(634368.685845652, -3594542.65737433)"
2009-12,MONTES DE OCA,15.9064516129032,26.9129032258065,194.4,Humid Pampas,Pampa,"c(615642.512288631, -3604065.99785854)"
2010-01,LAS ROSAS (EMC),31.1774193548387,17.6290322580645,129,Humid Pampas,Pampa,"c(634368.685845652, -3594542.65737433)"
2010-01,MONTES DE OCA,17.8741935483871,30.1258064516129,88.4,Humid Pampas,Pampa,"c(615642.512288631, -3604065.99785854)"
2010-02,LAS ROSAS (EMC),29.1964285714286,18.8392857142857,209,Humid Pampas,Pampa,"c(634368.685845652, -3594542.65737433)"
2010-02,MONTES DE OCA,18.1,28.2107142857143,146.4,Humid Pampas,Pampa,"c(615642.512288631, -3604065.99785854)"
2010-03,LAS ROSAS (EMC),30.5161290322581,15.5322580645161,160,Humid Pampas,Pampa,"c(634368.685845652, -3594542.65737433)"
2010-03,MONTES DE OCA,16.2451612903226,29.8870967741936,47.2,Humid Pampas,Pampa,"c(615642.512288631, -3604065.99785854)"
2010-04,LAS ROSAS (EMC),24.0333333333333,10.1833333333333,67,Humid Pampas,Pampa,"c(634368.685845652, -3594542.65737433)"
2010-04,MONTES DE OCA,10.2733333333333,22.79,48.4,Humid Pampas,Pampa,"c(615642.512288631, -3604065.99785854)"
2010-05,LAS ROSAS (EMC),20.241935483871,7.32258064516129,48,Humid Pampas,Pampa,"c(634368.685845652, -3594542.65737433)"
2010-05,MONTES DE OCA,7.66774193548387,19.058064516129,45.2,Humid Pampas,Pampa,"c(615642.512288631, -3604065.99785854)"
2010-06,LAS ROSAS (EMC),17.3,4.85,0,Humid Pampas,Pampa,"c(634368.685845652, -3594542.65737433)"
2010-06,MONTES DE OCA,4.63333333333333,16.0333333333333,10.4,Humid Pampas,Pampa,"c(615642.512288631, -3604065.99785854)"
2010-07,LAS ROSAS (EMC),17.4516129032258,2.24193548387097,7,Humid Pampas,Pampa,"c(634368.685845652, -3594542.65737433)"
2010-07,MONTES DE OCA,2.7741935483871,15.7838709677419,0.8,Humid Pampas,Pampa,"c(615642.512288631, -3604065.99785854)"
2010-08,LAS ROSAS (EMC),18.1451612903226,3.11290322580645,3,Humid Pampas,Pampa,"c(634368.685845652, -3594542.65737433)"
2010-08,MONTES DE OCA,3.76774193548387,17.1451612903226,4.8,Humid Pampas,Pampa,"c(615642.512288631, -3604065.99785854)"
2010-09,LAS ROSAS (EMC),21.6,7.68333333333333,60,Humid Pampas,Pampa,"c(634368.685845652, -3594542.65737433)"
2010-09,MONTES DE OCA,7.6,20.14,90.8,Humid Pampas,Pampa,"c(615642.512288631, -3604065.99785854)"
2010-10,LAS ROSAS (EMC),24.5967741935484,9.11290322580645,36,Humid Pampas,Pampa,"c(634368.685845652, -3594542.65737433)"
2010-10,MONTES DE OCA,8.89032258064516,23.1903225806452,38.8,Humid Pampas,Pampa,"c(615642.512288631, -3604065.99785854)"
2010-11,LAS ROSAS (EMC),30.05,12.5666666666667,27,Humid Pampas,Pampa,"c(634368.685845652, -3594542.65737433)"
2010-11,MONTES DE OCA,13.01,28.66,32.8,Humid Pampas,Pampa,"c(615642.512288631, -3604065.99785854)"
2010-12,LAS ROSAS (EMC),32.258064516129,16.0322580645161,104,Humid Pampas,Pampa,"c(634368.685845652, -3594542.65737433)"
2010-12,MONTES DE OCA,16.0774193548387,30.941935483871,131.4,Humid Pampas,Pampa,"c(615642.512288631, -3604065.99785854)"
2011-01,LAS ROSAS (EMC),33.3387096774194,17.5483870967742,114,Humid Pampas,Pampa,"c(634368.685845652, -3594542.65737433)"
2011-01,MONTES DE OCA,17.4483870967742,31.6290322580645,114,Humid Pampas,Pampa,"c(615642.512288631, -3604065.99785854)"
2011-02,LAS ROSAS (EMC),29.3571428571429,15.7321428571429,154,Humid Pampas,Pampa,"c(634368.685845652, -3594542.65737433)"
2011-02,MONTES DE OCA,16.5714285714286,28.5464285714286,78,Humid Pampas,Pampa,"c(615642.512288631, -3604065.99785854)"
2011-03,LAS ROSAS (EMC),29.5483870967742,12.4032258064516,86,Humid Pampas,Pampa,"c(634368.685845652, -3594542.65737433)"
2011-03,MONTES DE OCA,13.8612903225806,28.4612903225806,79.2,Humid Pampas,Pampa,"c(615642.512288631, -3604065.99785854)"
2011-04,LAS ROSAS (EMC),25.7166666666667,10.7,128,Humid Pampas,Pampa,"c(634368.685845652, -3594542.65737433)"
2011-04,MONTES DE OCA,11.1566666666667,24.5333333333333,113.6,Humid Pampas,Pampa,"c(615642.512288631, -3604065.99785854)"
2011-05,LAS ROSAS (EMC),20.1129032258065,7.33870967741936,100,Humid Pampas,Pampa,"c(634368.685845652, -3594542.65737433)"
2011-05,MONTES DE OCA,7.58064516129032,18.9548387096774,112.8,Humid Pampas,Pampa,"c(615642.512288631, -3604065.99785854)"
2011-06,LAS ROSAS (EMC),16.3666666666667,5.36666666666667,12,Humid Pampas,Pampa,"c(634368.685845652, -3594542.65737433)"
2011-06,MONTES DE OCA,4.57333333333333,14.44,16.8,Humid Pampas,Pampa,"c(615642.512288631, -3604065.99785854)"
2011-07,LAS ROSAS (EMC),17.6612903225806,3.25806451612903,1,Humid Pampas,Pampa,"c(634368.685845652, -3594542.65737433)"
2011-07,MONTES DE OCA,2.70322580645161,16.2354838709677,4.4,Humid Pampas,Pampa,"c(615642.512288631, -3604065.99785854)"
2011-08,LAS ROSAS (EMC),18.3064516129032,3.46774193548387,11,Humid Pampas,Pampa,"c(634368.685845652, -3594542.65737433)"
2011-08,MONTES DE OCA,3.69677419354839,16.2064516129032,16.8,Humid Pampas,Pampa,"c(615642.512288631, -3604065.99785854)"
2011-09,LAS ROSAS (EMC),24.7833333333333,7.48333333333333,12,Humid Pampas,Pampa,"c(634368.685845652, -3594542.65737433)"
2011-09,MONTES DE OCA,8.14666666666667,23.6233333333333,21.2,Humid Pampas,Pampa,"c(615642.512288631, -3604065.99785854)"
2011-10,LAS ROSAS (EMC),23.9516129032258,10.3870967741935,124,Humid Pampas,Pampa,"c(634368.685845652, -3594542.65737433)"
2011-10,MONTES DE OCA,10.5677419354839,22.7516129032258,128.4,Humid Pampas,Pampa,"c(615642.512288631, -3604065.99785854)"
2011-11,LAS ROSAS - EEA OLIVEROS,25.4,13.1,0,Humid Pampas,Pampa,"c(634353.821708151, -3595651.31434557)"
2011-11,LAS ROSAS (EMC),30.8833333333333,15.1833333333333,76,Humid Pampas,Pampa,"c(634368.685845652, -3594542.65737433)"
2011-11,MONTES DE OCA,14.9933333333333,29.2566666666667,72.8,Humid Pampas,Pampa,"c(615642.512288631, -3604065.99785854)"
2011-12,LAS ROSAS - EEA OLIVEROS,33.1483870967742,14.3161290322581,9,Humid Pampas,Pampa,"c(634353.821708151, -3595651.31434557)"
2011-12,LAS ROSAS (EMC),32.8064516129032,14.8709677419355,7,Humid Pampas,Pampa,"c(634368.685845652, -3594542.65737433)"
2011-12,MONTES DE OCA,15.5064516129032,30.9709677419355,9.2,Humid Pampas,Pampa,"c(615642.512288631, -3604065.99785854)"
2012-01,LAS ROSAS - EEA OLIVEROS,34.4193548387097,16.4322580645161,139.90002,Humid Pampas,Pampa,"c(634353.821708151, -3595651.31434557)"
2012-01,LAS ROSAS (EMC),33.8064516129032,16.8709677419355,138,Humid Pampas,Pampa,"c(634368.685845652, -3594542.65737433)"
2012-01,MONTES DE OCA,17.3935483870968,32.3161290322581,96,Humid Pampas,Pampa,"c(615642.512288631, -3604065.99785854)"
2012-02,LAS ROSAS - EEA OLIVEROS,31.5758620689655,18.151724137931,202.70001,Humid Pampas,Pampa,"c(634353.821708151, -3595651.31434557)"
2012-02,LAS ROSAS (EMC),30.6379310344828,18.051724137931,200,Humid Pampas,Pampa,"c(634368.685845652, -3594542.65737433)"
2012-02,MONTES DE OCA,17.5241379310345,30.1413793103448,207.2,Humid Pampas,Pampa,"c(615642.512288631, -3604065.99785854)"
2012-03,LAS ROSAS - EEA OLIVEROS,29.9032258064516,14.4161290322581,182.10008,Humid Pampas,Pampa,"c(634353.821708151, -3595651.31434557)"
2012-03,LAS ROSAS (EMC),28.5967741935484,14.2741935483871,175,Humid Pampas,Pampa,"c(634368.685845652, -3594542.65737433)"
2012-03,MONTES DE OCA,14.7032258064516,28.2354838709677,117.6,Humid Pampas,Pampa,"c(615642.512288631, -3604065.99785854)"
2012-04,LAS ROSAS - EEA OLIVEROS,26.28,11.5833333333333,41.200001,Humid Pampas,Pampa,"c(634353.821708151, -3595651.31434557)"
2012-04,LAS ROSAS (EMC),25.4166666666667,11.5833333333333,40.5,Humid Pampas,Pampa,"c(634368.685845652, -3594542.65737433)"
2012-04,MONTES DE OCA,12.0666666666667,24.1966666666667,25.6,Humid Pampas,Pampa,"c(615642.512288631, -3604065.99785854)"
2012-05,LAS ROSAS - EEA OLIVEROS,23.5258064516129,10.458064516129,60.9,Humid Pampas,Pampa,"c(634353.821708151, -3595651.31434557)"
2012-05,LAS ROSAS (EMC),22.3870967741936,10.5645161290323,56,Humid Pampas,Pampa,"c(634368.685845652, -3594542.65737433)"
2012-05,MONTES DE OCA,10.1,21.2903225806452,112,Humid Pampas,Pampa,"c(615642.512288631, -3604065.99785854)"
2012-06,LAS ROSAS - EEA OLIVEROS,19.09,4.54,7.4,Humid Pampas,Pampa,"c(634353.821708151, -3595651.31434557)"
2012-06,LAS ROSAS (EMC),18.5,5.31666666666667,6,Humid Pampas,Pampa,"c(634368.685845652, -3594542.65737433)"
2012-06,MONTES DE OCA,4.46666666666667,17.04,5.2,Humid Pampas,Pampa,"c(615642.512288631, -3604065.99785854)"
2012-07,LAS ROSAS - EEA OLIVEROS,17.7321428571429,0.328571428571429,1.2,Humid Pampas,Pampa,"c(634353.821708151, -3595651.31434557)"
2012-07,LAS ROSAS (EMC),17.0741935483871,0.338709677419355,1,Humid Pampas,Pampa,"c(634368.685845652, -3594542.65737433)"
2012-07,MONTES DE OCA,1.69354838709677,15.9387096774194,7.6,Humid Pampas,Pampa,"c(615642.512288631, -3604065.99785854)"
2012-08,LAS ROSAS - EEA OLIVEROS,19.4692307692308,7.78076923076923,127.599982,Humid Pampas,Pampa,"c(634353.821708151, -3595651.31434557)"
2012-08,LAS ROSAS (EMC),18.741935483871,7.66129032258065,128,Humid Pampas,Pampa,"c(634368.685845652, -3594542.65737433)"
2012-08,MONTES DE OCA,6.26129032258065,17.841935483871,115.6,Humid Pampas,Pampa,"c(615642.512288631, -3604065.99785854)"
2012-09,LAS ROSAS - EEA OLIVEROS,24.5058823529412,10.3705882352941,99.599991,Humid Pampas,Pampa,"c(634353.821708151, -3595651.31434557)"
2012-09,LAS ROSAS (EMC),22.05,9.51666666666667,110,Humid Pampas,Pampa,"c(634368.685845652, -3594542.65737433)"
2012-09,MONTES DE OCA,9.12,21.4866666666667,108,Humid Pampas,Pampa,"c(615642.512288631, -3604065.99785854)"
2012-10,LAS ROSAS - EEA OLIVEROS,24.8225806451613,12.8741935483871,226.09996,Humid Pampas,Pampa,"c(634353.821708151, -3595651.31434557)"
2012-10,LAS ROSAS (EMC),24.1290322580645,12.9354838709677,229,Humid Pampas,Pampa,"c(634368.685845652, -3594542.65737433)"
2012-10,MONTES DE OCA,12.3870967741936,23.0290322580645,255.6,Humid Pampas,Pampa,"c(615642.512288631, -3604065.99785854)"
2012-11,LAS ROSAS - EEA OLIVEROS,31.424,15.328,67.6,Humid Pampas,Pampa,"c(634353.821708151, -3595651.31434557)"
2012-11,LAS ROSAS (EMC),29.9,15.0966666666667,94,Humid Pampas,Pampa,"c(634368.685845652, -3594542.65737433)"
2012-11,MONTES DE OCA,15.24,28.45,92.4,Humid Pampas,Pampa,"c(615642.512288631, -3604065.99785854)"
2012-12,LAS ROSAS - EEA OLIVEROS,31.7709677419355,17.1129032258065,146.5,Humid Pampas,Pampa,"c(634353.821708151, -3595651.31434557)"
2012-12,LAS ROSAS (EMC),31.0483870967742,17.1290322580645,161,Humid Pampas,Pampa,"c(634368.685845652, -3594542.65737433)"
2012-12,MONTES DE OCA,16.3870967741935,29.5612903225807,296.4,Humid Pampas,Pampa,"c(615642.512288631, -3604065.99785854)"
2013-01,LAS ROSAS - EEA OLIVEROS,33.4387096774194,16.4258064516129,18,Humid Pampas,Pampa,"c(634353.821708151, -3595651.31434557)"
2013-01,LAS ROSAS (EMC),33.3064516129032,16.9516129032258,17,Humid Pampas,Pampa,"c(634368.685845652, -3594542.65737433)"
2013-01,MONTES DE OCA,17.1774193548387,31.2612903225807,29.2,Humid Pampas,Pampa,"c(615642.512288631, -3604065.99785854)"
2013-02,LAS ROSAS - EEA OLIVEROS,30.7357142857143,16.1464285714286,71,Humid Pampas,Pampa,"c(634353.821708151, -3595651.31434557)"
2013-02,LAS ROSAS (EMC),29.8214285714286,15.8571428571429,87,Humid Pampas,Pampa,"c(634368.685845652, -3594542.65737433)"
2013-02,MONTES DE OCA,16.2928571428571,28.8428571428571,76.8,Humid Pampas,Pampa,"c(615642.512288631, -3604065.99785854)"
2013-03,LAS ROSAS - EEA OLIVEROS,27.5354838709677,12.3677419354839,129.5,Humid Pampas,Pampa,"c(634353.821708151, -3595651.31434557)"
2013-03,LAS ROSAS (EMC),26.741935483871,12.2741935483871,146,Humid Pampas,Pampa,"c(634368.685845652, -3594542.65737433)"
2013-03,MONTES DE OCA,12.9741935483871,25.8225806451613,129.2,Humid Pampas,Pampa,"c(615642.512288631, -3604065.99785854)"
2013-04,LAS ROSAS - EEA OLIVEROS,27.42,10.3566666666667,25.75,Humid Pampas,Pampa,"c(634353.821708151, -3595651.31434557)"
2013-04,LAS ROSAS (EMC),26.4,10.8666666666667,27,Humid Pampas,Pampa,"c(634368.685845652, -3594542.65737433)"
2013-04,MONTES DE OCA,11.5133333333333,24.64,111.2,Humid Pampas,Pampa,"c(615642.512288631, -3604065.99785854)"
2013-05,LAS ROSAS - EEA OLIVEROS,22.3612903225806,7.5,74.25,Humid Pampas,Pampa,"c(634353.821708151, -3595651.31434557)"
2013-05,LAS ROSAS (EMC),21.3225806451613,7.29032258064516,71,Humid Pampas,Pampa,"c(634368.685845652, -3594542.65737433)"
2013-05,MONTES DE OCA,7.69354838709677,20.0387096774194,61.6,Humid Pampas,Pampa,"c(615642.512288631, -3604065.99785854)"
2013-06,LAS ROSAS - EEA OLIVEROS,20.1966666666667,4.85,16.75,Humid Pampas,Pampa,"c(634353.821708151, -3595651.31434557)"
2013-06,LAS ROSAS (EMC),19.1333333333333,5.5,16,Humid Pampas,Pampa,"c(634368.685845652, -3594542.65737433)"
2013-06,MONTES DE OCA,4.81666666666667,18.0466666666667,21.6,Humid Pampas,Pampa,"c(615642.512288631, -3604065.99785854)"
2013-07,LAS ROSAS - EEA OLIVEROS,18.7935483870968,4.70967741935484,5.75,Humid Pampas,Pampa,"c(634353.821708151, -3595651.31434557)"
2013-07,LAS ROSAS (EMC),17.8225806451613,5.46774193548387,4,Humid Pampas,Pampa,"c(634368.685845652, -3594542.65737433)"
2013-07,MONTES DE OCA,4.83548387096774,16.5870967741935,6.8,Humid Pampas,Pampa,"c(615642.512288631, -3604065.99785854)"
2013-08,LAS ROSAS - EEA OLIVEROS,20.9967741935484,2.08709677419355,0.25,Humid Pampas,Pampa,"c(634353.821708151, -3595651.31434557)"
2013-08,LAS ROSAS (EMC),19.9677419354839,2.56451612903226,0,Humid Pampas,Pampa,"c(634368.685845652, -3594542.65737433)"
2013-08,MONTES DE OCA,3.30967741935484,18.8193548387097,1.6,Humid Pampas,Pampa,"c(615642.512288631, -3604065.99785854)"
2013-09,LAS ROSAS - EEA OLIVEROS,23.548275862069,6.98965517241379,20.75,Humid Pampas,Pampa,"c(634353.821708151, -3595651.31434557)"
2013-09,LAS ROSAS (EMC),22.6833333333333,7.21666666666667,19,Humid Pampas,Pampa,"c(634368.685845652, -3594542.65737433)"
2013-09,MONTES DE OCA,6.97666666666667,21.0433333333333,28.8,Humid Pampas,Pampa,"c(615642.512288631, -3604065.99785854)"
2013-10,LAS ROSAS - EEA OLIVEROS,29.1258064516129,11.7096774193548,205,Humid Pampas,Pampa,"c(634353.821708151, -3595651.31434557)"
2013-10,LAS ROSAS (EMC),28.4838709677419,12.0645161290323,254,Humid Pampas,Pampa,"c(634368.685845652, -3594542.65737433)"
2013-10,MONTES DE OCA,12.3645161290323,27.1516129032258,82.8,Humid Pampas,Pampa,"c(615642.512288631, -3604065.99785854)"
2013-11,LAS ROSAS - EEA OLIVEROS,29.81,15.1433333333333,137.75,Humid Pampas,Pampa,"c(634353.821708151, -3595651.31434557)"
2013-11,LAS ROSAS (EMC),29.0166666666667,14.9833333333333,138,Humid Pampas,Pampa,"c(634368.685845652, -3594542.65737433)"
2013-11,MONTES DE OCA,14.8533333333333,28.0733333333333,264,Humid Pampas,Pampa,"c(615642.512288631, -3604065.99785854)"
2013-12,LAS ROSAS - EEA OLIVEROS,35.6064516129032,18.6903225806452,86.5,Humid Pampas,Pampa,"c(634353.821708151, -3595651.31434557)"
2013-12,LAS ROSAS (EMC),34.7741935483871,19.1451612903226,97,Humid Pampas,Pampa,"c(634368.685845652, -3594542.65737433)"
2013-12,MONTES DE OCA,19.1548387096774,33.8,76.8,Humid Pampas,Pampa,"c(615642.512288631, -3604065.99785854)"
2014-01,LAS ROSAS - EEA OLIVEROS,34.041935483871,18.358064516129,63.25,Humid Pampas,Pampa,"c(634353.821708151, -3595651.31434557)"
2014-01,LAS ROSAS (EMC),32.9193548387097,18.4838709677419,67,Humid Pampas,Pampa,"c(634368.685845652, -3594542.65737433)"
2014-01,MONTES DE OCA,18.2387096774194,31.5935483870968,91.6,Humid Pampas,Pampa,"c(615642.512288631, -3604065.99785854)"
2014-02,LAS ROSAS - EEA OLIVEROS,28.7392857142857,17.6678571428571,185,Humid Pampas,Pampa,"c(634353.821708151, -3595651.31434557)"
2014-02,LAS ROSAS (EMC),27.4642857142857,17.0357142857143,202,Humid Pampas,Pampa,"c(634368.685845652, -3594542.65737433)"
2014-02,MONTES DE OCA,17.2678571428571,26.5928571428571,171.6,Humid Pampas,Pampa,"c(615642.512288631, -3604065.99785854)"
2014-03,LAS ROSAS - EEA OLIVEROS,27.3774193548387,12.0806451612903,151.75,Humid Pampas,Pampa,"c(634353.821708151, -3595651.31434557)"
2014-03,LAS ROSAS (EMC),24.8666666666667,11.6333333333333,119,Humid Pampas,Pampa,"c(634368.685845652, -3594542.65737433)"
2014-03,MONTES DE OCA,12.8193548387097,25.4,154,Humid Pampas,Pampa,"c(615642.512288631, -3604065.99785854)"
2014-04,LAS ROSAS - EEA OLIVEROS,25.5566666666667,12.1166666666667,110.25,Humid Pampas,Pampa,"c(634353.821708151, -3595651.31434557)"
2014-04,LAS ROSAS (EMC),21.3733333333333,9.32666666666667,29,Humid Pampas,Pampa,"c(634368.685845652, -3594542.65737433)"
2014-04,MONTES DE OCA,11.93,23.7466666666667,62.4,Humid Pampas,Pampa,"c(615642.512288631, -3604065.99785854)"
2014-05,LAS ROSAS - EEA OLIVEROS,21.2967741935484,9.27741935483871,28.75,Humid Pampas,Pampa,"c(634353.821708151, -3595651.31434557)"
2014-05,LAS ROSAS (EMC),19.2733333333333,4.22666666666667,24.3,Humid Pampas,Pampa,"c(634368.685845652, -3594542.65737433)"
2014-05,MONTES DE OCA,9.31290322580645,19.1806451612903,18.8,Humid Pampas,Pampa,"c(615642.512288631, -3604065.99785854)"
2014-06,LAS ROSAS - EEA OLIVEROS,19.2733333333333,4.22666666666667,24,Humid Pampas,Pampa,"c(634353.821708151, -3595651.31434557)"
2014-06,LAS ROSAS (EMC),18.0833333333333,4.66666666666667,26,Humid Pampas,Pampa,"c(634368.685845652, -3594542.65737433)"
2014-06,MONTES DE OCA,4.98333333333333,17.5466666666667,17.2,Humid Pampas,Pampa,"c(615642.512288631, -3604065.99785854)"
2014-07,LAS ROSAS - EEA OLIVEROS,19.2548387096774,4.93548387096774,16,Humid Pampas,Pampa,"c(634353.821708151, -3595651.31434557)"
2014-07,LAS ROSAS (EMC),18.4516129032258,5.93548387096774,16,Humid Pampas,Pampa,"c(634368.685845652, -3594542.65737433)"
2014-07,MONTES DE OCA,5.61034482758621,17.9758620689655,21.2,Humid Pampas,Pampa,"c(615642.512288631, -3604065.99785854)"
2014-08,LAS ROSAS - EEA OLIVEROS,23.6645161290323,5.86129032258065,1,Humid Pampas,Pampa,"c(634353.821708151, -3595651.31434557)"
2014-08,LAS ROSAS (EMC),22.8225806451613,5.79032258064516,0,Humid Pampas,Pampa,"c(634368.685845652, -3594542.65737433)"
2014-08,MONTES DE OCA,5.91333333333333,21.82,1.6,Humid Pampas,Pampa,"c(615642.512288631, -3604065.99785854)"
2014-09,LAS ROSAS - EEA OLIVEROS,23.79,7.98666666666667,37,Humid Pampas,Pampa,"c(634353.821708151, -3595651.31434557)"
2014-09,LAS ROSAS (EMC),23.79,7.98666666666667,38,Humid Pampas,Pampa,"c(634368.685845652, -3594542.65737433)"
2014-09,MONTES DE OCA,8.98333333333333,22.6,49.2,Humid Pampas,Pampa,"c(615642.512288631, -3604065.99785854)"
2014-10,LAS ROSAS - EEA OLIVEROS,30.5352941176471,14.0941176470588,65.25,Humid Pampas,Pampa,"c(634353.821708151, -3595651.31434557)"
2014-10,LAS ROSAS (EMC),28.258064516129,13.4516129032258,74,Humid Pampas,Pampa,"c(634368.685845652, -3594542.65737433)"
2014-10,MONTES DE OCA,13.7709677419355,27.7064516129032,60,Humid Pampas,Pampa,"c(615642.512288631, -3604065.99785854)"
2014-11,LAS ROSAS - EEA OLIVEROS,30.22,13.71,163,Humid Pampas,Pampa,"c(634353.821708151, -3595651.31434557)"
2014-11,LAS ROSAS (EMC),29.5166666666667,13.7166666666667,178,Humid Pampas,Pampa,"c(634368.685845652, -3594542.65737433)"
2014-11,MONTES DE OCA,13.5448275862069,28.0206896551724,179.2,Humid Pampas,Pampa,"c(615642.512288631, -3604065.99785854)"
2014-12,LAS ROSAS - EEA OLIVEROS,30.8935483870968,15.9903225806452,155.5,Humid Pampas,Pampa,"c(634353.821708151, -3595651.31434557)"
2014-12,LAS ROSAS (EMC),30.1935483870968,16.1451612903226,172,Humid Pampas,Pampa,"c(634368.685845652, -3594542.65737433)"
2014-12,MONTES DE OCA,15.8103448275862,29.151724137931,136,Humid Pampas,Pampa,"c(615642.512288631, -3604065.99785854)"
2015-01,LAS ROSAS - EEA OLIVEROS,31.3870967741936,17.7677419354839,201.75,Humid Pampas,Pampa,"c(634353.821708151, -3595651.31434557)"
2015-01,LAS ROSAS (EMC),31.0161290322581,17.8225806451613,214,Humid Pampas,Pampa,"c(634368.685845652, -3594542.65737433)"
2015-01,MONTES DE OCA,17.7464285714286,30.3142857142857,228.8,Humid Pampas,Pampa,"c(615642.512288631, -3604065.99785854)"
2015-02,LAS ROSAS - EEA OLIVEROS,29.8285714285714,16.3035714285714,100.25,Humid Pampas,Pampa,"c(634353.821708151, -3595651.31434557)"
2015-02,LAS ROSAS (EMC),29.3392857142857,16.3214285714286,140,Humid Pampas,Pampa,"c(634368.685845652, -3594542.65737433)"
2015-02,MONTES DE OCA,15.6074074074074,28.9259259259259,171.2,Humid Pampas,Pampa,"c(615642.512288631, -3604065.99785854)"
2015-03,LAS ROSAS - EEA OLIVEROS,29.5451612903226,15.3516129032258,158,Humid Pampas,Pampa,"c(634353.821708151, -3595651.31434557)"
2015-03,LAS ROSAS (EMC),29.5451612903226,15.3516129032258,158,Humid Pampas,Pampa,"c(634368.685845652, -3594542.65737433)"
2015-03,MONTES DE OCA,17.0571428571429,29.2535714285714,179.6,Humid Pampas,Pampa,"c(615642.512288631, -3604065.99785854)"
2015-04,LAS ROSAS - EEA OLIVEROS,30.1766666666667,13.69,35.5,Humid Pampas,Pampa,"c(634353.821708151, -3595651.31434557)"
2015-04,LAS ROSAS (EMC),31.2916666666667,14.7083333333333,36.5,Humid Pampas,Pampa,"c(634368.685845652, -3594542.65737433)"
2015-04,MONTES DE OCA,14.6769230769231,28,62,Humid Pampas,Pampa,"c(615642.512288631, -3604065.99785854)"
2015-05,LAS ROSAS - EEA OLIVEROS,24.0935483870968,10.1645161290323,14.25,Humid Pampas,Pampa,"c(634353.821708151, -3595651.31434557)"
2015-05,LAS ROSAS (EMC),19.7857142857143,8.14285714285714,18,Humid Pampas,Pampa,"c(634368.685845652, -3594542.65737433)"
2015-05,MONTES DE OCA,10.8677419354839,21.8322580645161,22,Humid Pampas,Pampa,"c(615642.512288631, -3604065.99785854)"
2015-06,LAS ROSAS - EEA OLIVEROS,21.3133333333333,6.12,168.75,Humid Pampas,Pampa,"c(634353.821708151, -3595651.31434557)"
2015-06,LAS ROSAS (EMC),20.5266666666667,6.32666666666667,180,Humid Pampas,Pampa,"c(634368.685845652, -3594542.65737433)"
2015-06,MONTES DE OCA,6.95333333333333,19.2266666666667,91.6,Humid Pampas,Pampa,"c(615642.512288631, -3604065.99785854)"
2015-07,LAS ROSAS - EEA OLIVEROS,19.5290322580645,4.29354838709677,45.5,Humid Pampas,Pampa,"c(634353.821708151, -3595651.31434557)"
2015-07,LAS ROSAS (EMC),18.4516129032258,4.96774193548387,50,Humid Pampas,Pampa,"c(634368.685845652, -3594542.65737433)"
2015-07,MONTES DE OCA,8.38181818181818,20.5818181818182,57.2,Humid Pampas,Pampa,"c(615642.512288631, -3604065.99785854)"
2015-08,LAS ROSAS - EEA OLIVEROS,20.5064516129032,8.76451612903226,111.25,Humid Pampas,Pampa,"c(634353.821708151, -3595651.31434557)"
2015-08,LAS ROSAS (EMC),19.7258064516129,8.95161290322581,123,Humid Pampas,Pampa,"c(634368.685845652, -3594542.65737433)"
2015-08,MONTES DE OCA,9.03870967741936,18.8193548387097,152,Humid Pampas,Pampa,"c(615642.512288631, -3604065.99785854)"
2015-09,LAS ROSAS - EEA OLIVEROS,22.77,7.63,32.25,Humid Pampas,Pampa,"c(634353.821708151, -3595651.31434557)"
2015-09,LAS ROSAS (EMC),21.7666666666667,7.98333333333333,35,Humid Pampas,Pampa,"c(634368.685845652, -3594542.65737433)"
2015-09,MONTES DE OCA,8.45666666666667,21.42,19.2,Humid Pampas,Pampa,"c(615642.512288631, -3604065.99785854)"
2015-10,LAS ROSAS - EEA OLIVEROS,24.7064516129032,10.3387096774194,75.75,Humid Pampas,Pampa,"c(634353.821708151, -3595651.31434557)"
2015-10,LAS ROSAS (EMC),23.8548387096774,10.9193548387097,75,Humid Pampas,Pampa,"c(634368.685845652, -3594542.65737433)"
2015-10,MONTES DE OCA,10.6387096774194,22.3612903225806,76.4,Humid Pampas,Pampa,"c(615642.512288631, -3604065.99785854)"
2015-11,LAS ROSAS - EEA OLIVEROS,29.0466666666667,14.1333333333333,112.75,Humid Pampas,Pampa,"c(634353.821708151, -3595651.31434557)"
2015-11,LAS ROSAS (EMC),28.35,14.4,125,Humid Pampas,Pampa,"c(634368.685845652, -3594542.65737433)"
2015-11,MONTES DE OCA,14.38,26.8566666666667,129.2,Humid Pampas,Pampa,"c(615642.512288631, -3604065.99785854)"
2015-12,LAS ROSAS - EEA OLIVEROS,32.358064516129,17.4967741935484,113.5,Humid Pampas,Pampa,"c(634353.821708151, -3595651.31434557)"
2015-12,LAS ROSAS (EMC),31.5806451612903,17.3548387096774,123.5,Humid Pampas,Pampa,"c(634368.685845652, -3594542.65737433)"
2015-12,MONTES DE OCA,17.6161290322581,30.7838709677419,112.8,Humid Pampas,Pampa,"c(615642.512288631, -3604065.99785854)"
2016-01,LAS ROSAS - EEA OLIVEROS,33.5870967741936,18.4516129032258,81.25,Humid Pampas,Pampa,"c(634353.821708151, -3595651.31434557)"
2016-01,LAS ROSAS (EMC),32.7903225806452,18.2096774193548,87,Humid Pampas,Pampa,"c(634368.685845652, -3594542.65737433)"
2016-01,MONTES DE OCA,18.9741935483871,31.458064516129,182.8,Humid Pampas,Pampa,"c(615642.512288631, -3604065.99785854)"
2016-02,LAS ROSAS - EEA OLIVEROS,32.5344827586207,18.2241379310345,32.75,Humid Pampas,Pampa,"c(634353.821708151, -3595651.31434557)"
2016-02,LAS ROSAS (EMC),31.5,18.4655172413793,292,Humid Pampas,Pampa,"c(634368.685845652, -3594542.65737433)"
2016-02,MONTES DE OCA,19.4448275862069,30.9448275862069,253.2,Humid Pampas,Pampa,"c(615642.512288631, -3604065.99785854)"
2016-03,LAS ROSAS - EEA OLIVEROS,28.7290322580645,13.8096774193548,17.25,Humid Pampas,Pampa,"c(634353.821708151, -3595651.31434557)"
2016-03,LAS ROSAS (EMC),27.6290322580645,13.741935483871,53,Humid Pampas,Pampa,"c(634368.685845652, -3594542.65737433)"
2016-03,MONTES DE OCA,14.7354838709677,27.4774193548387,57.6,Humid Pampas,Pampa,"c(615642.512288631, -3604065.99785854)"
2016-04,LAS ROSAS - EEA OLIVEROS,22.7966666666667,13.2466666666667,206,Humid Pampas,Pampa,"c(634353.821708151, -3595651.31434557)"
2016-04,LAS ROSAS (EMC),21.4333333333333,12.6166666666667,224.5,Humid Pampas,Pampa,"c(634368.685845652, -3594542.65737433)"
2016-04,MONTES DE OCA,12.8333333333333,20.67,162,Humid Pampas,Pampa,"c(615642.512288631, -3604065.99785854)"
2016-05,LAS ROSAS - EEA OLIVEROS,19.1387096774194,7.50645161290323,3.5,Humid Pampas,Pampa,"c(634353.821708151, -3595651.31434557)"
2016-05,LAS ROSAS (EMC),18.3064516129032,7.54838709677419,0,Humid Pampas,Pampa,"c(634368.685845652, -3594542.65737433)"
2016-05,MONTES DE OCA,8.1741935483871,17.2935483870968,4.4,Humid Pampas,Pampa,"c(615642.512288631, -3604065.99785854)"
2016-06,LAS ROSAS - EEA OLIVEROS,16.6133333333333,2.96333333333333,50.75,Humid Pampas,Pampa,"c(634353.821708151, -3595651.31434557)"
2016-06,LAS ROSAS (EMC),15.6833333333333,3.68333333333333,50,Humid Pampas,Pampa,"c(634368.685845652, -3594542.65737433)"
2016-06,MONTES DE OCA,4.16333333333333,14.71,64,Humid Pampas,Pampa,"c(615642.512288631, -3604065.99785854)"
2016-07,LAS ROSAS - EEA OLIVEROS,16.0161290322581,4.7741935483871,12,Humid Pampas,Pampa,"c(634353.821708151, -3595651.31434557)"
2016-07,LAS ROSAS (EMC),15.2258064516129,5.09677419354839,12,Humid Pampas,Pampa,"c(634368.685845652, -3594542.65737433)"
2016-07,MONTES DE OCA,5.32903225806452,14.4161290322581,26,Humid Pampas,Pampa,"c(615642.512288631, -3604065.99785854)"
2016-08,LAS ROSAS - EEA OLIVEROS,22.841935483871,4.86129032258065,11.5,Humid Pampas,Pampa,"c(634353.821708151, -3595651.31434557)"
2016-08,LAS ROSAS (EMC),21.4354838709677,5.5,10,Humid Pampas,Pampa,"c(634368.685845652, -3594542.65737433)"
2016-08,MONTES DE OCA,6.43225806451613,21.1903225806452,14,Humid Pampas,Pampa,"c(615642.512288631, -3604065.99785854)"
2016-09,LAS ROSAS - EEA OLIVEROS,23.5866666666667,6.00333333333333,17.5,Humid Pampas,Pampa,"c(634353.821708151, -3595651.31434557)"
2016-09,LAS ROSAS (EMC),22.0666666666667,6.35,16,Humid Pampas,Pampa,"c(634368.685845652, -3594542.65737433)"
2016-09,MONTES DE OCA,7.20666666666667,21.7933333333333,13.2,Humid Pampas,Pampa,"c(615642.512288631, -3604065.99785854)"
2016-10,LAS ROSAS - EEA OLIVEROS,25.0451612903226,11.0032258064516,111,Humid Pampas,Pampa,"c(634353.821708151, -3595651.31434557)"
2016-10,LAS ROSAS (EMC),23.9354838709677,11.2903225806452,117,Humid Pampas,Pampa,"c(634368.685845652, -3594542.65737433)"
2016-10,MONTES DE OCA,11.4129032258065,23.4516129032258,103.2,Humid Pampas,Pampa,"c(615642.512288631, -3604065.99785854)"
2016-11,LAS ROSAS - EEA OLIVEROS,30.13,12.7733333333333,68.25,Humid Pampas,Pampa,"c(634353.821708151, -3595651.31434557)"
2016-11,LAS ROSAS (EMC),30.13,12.7733333333333,68.4,Humid Pampas,Pampa,"c(634368.685845652, -3594542.65737433)"
2016-11,MONTES DE OCA,13.36,27.91,88.8,Humid Pampas,Pampa,"c(615642.512288631, -3604065.99785854)"
2016-12,LAS ROSAS - EEA OLIVEROS,33.6903225806452,16.0032258064516,193.5,Humid Pampas,Pampa,"c(634353.821708151, -3595651.31434557)"
2016-12,LAS ROSAS (EMC),32.5483870967742,16.5483870967742,217,Humid Pampas,Pampa,"c(634368.685845652, -3594542.65737433)"
2016-12,MONTES DE OCA,16.65,30.1766666666667,177.2,Humid Pampas,Pampa,"c(615642.512288631, -3604065.99785854)"
2017-01,LAS ROSAS - EEA OLIVEROS,32.4766666666667,18.19,142.75,Humid Pampas,Pampa,"c(634353.821708151, -3595651.31434557)"
2017-01,LAS ROSAS (EMC),31.758064516129,18.2258064516129,151,Humid Pampas,Pampa,"c(634368.685845652, -3594542.65737433)"
2017-01,MONTES DE OCA,18.858064516129,31.5548387096774,244.8,Humid Pampas,Pampa,"c(615642.512288631, -3604065.99785854)"
2017-02,LAS ROSAS - EEA OLIVEROS,31.5285714285714,17.8928571428571,159.5,Humid Pampas,Pampa,"c(634353.821708151, -3595651.31434557)"
2017-02,LAS ROSAS (EMC),30.6428571428571,17.8571428571429,177,Humid Pampas,Pampa,"c(634368.685845652, -3594542.65737433)"
2017-02,MONTES DE OCA,18.8964285714286,30.4571428571429,154.4,Humid Pampas,Pampa,"c(615642.512288631, -3604065.99785854)"
2017-03,LAS ROSAS - EEA OLIVEROS,29.2387096774194,14.5322580645161,76.75,Humid Pampas,Pampa,"c(634353.821708151, -3595651.31434557)"
2017-03,LAS ROSAS (EMC),28.0967741935484,14.6451612903226,82,Humid Pampas,Pampa,"c(634368.685845652, -3594542.65737433)"
2017-03,MONTES DE OCA,15.8793103448276,28.4310344827586,60.4,Humid Pampas,Pampa,"c(615642.512288631, -3604065.99785854)"
2017-04,LAS ROSAS - EEA OLIVEROS,25.4666666666667,11.1666666666667,123.25,Humid Pampas,Pampa,"c(634353.821708151, -3595651.31434557)"
2017-04,LAS ROSAS (EMC),24.4166666666667,11.15,128,Humid Pampas,Pampa,"c(634368.685845652, -3594542.65737433)"
2017-04,MONTES DE OCA,12.07,23.3366666666667,190.8,Humid Pampas,Pampa,"c(615642.512288631, -3604065.99785854)"
2017-05,LAS ROSAS - EEA OLIVEROS,21.7903225806452,9.46451612903226,27.5,Humid Pampas,Pampa,"c(634353.821708151, -3595651.31434557)"
2017-05,LAS ROSAS (EMC),20.8064516129032,9.35483870967742,30,Humid Pampas,Pampa,"c(634368.685845652, -3594542.65737433)"
2017-05,MONTES DE OCA,10.2161290322581,19.8225806451613,42.8,Humid Pampas,Pampa,"c(615642.512288631, -3604065.99785854)"
2017-06,LAS ROSAS - EEA OLIVEROS,20.7866666666667,6.24666666666667,18.5,Humid Pampas,Pampa,"c(634353.821708151, -3595651.31434557)"
2017-06,LAS ROSAS (EMC),19.6,6.96666666666667,19,Humid Pampas,Pampa,"c(634368.685845652, -3594542.65737433)"
2017-06,MONTES DE OCA,6.81034482758621,18.7103448275862,20.4,Humid Pampas,Pampa,"c(615642.512288631, -3604065.99785854)"
2017-07,LAS ROSAS - EEA OLIVEROS,18.8677419354839,7.33225806451613,9.5,Humid Pampas,Pampa,"c(634353.821708151, -3595651.31434557)"
2017-07,LAS ROSAS (EMC),18.1129032258065,8.17741935483871,10,Humid Pampas,Pampa,"c(634368.685845652, -3594542.65737433)"
2017-07,MONTES DE OCA,7.23548387096774,17.6451612903226,12.8,Humid Pampas,Pampa,"c(615642.512288631, -3604065.99785854)"
2017-08,LAS ROSAS - EEA OLIVEROS,20.55,8.21666666666667,3,Humid Pampas,Pampa,"c(634353.821708151, -3595651.31434557)"
2017-08,MONTES DE OCA,8.11612903225806,20.0709677419355,48.8,Humid Pampas,Pampa,"c(615642.512288631, -3604065.99785854)"
2017-09,LAS ROSAS - EEA OLIVEROS,22.11,7.78333333333333,115,Humid Pampas,Pampa,"c(634353.821708151, -3595651.31434557)"
2017-09,MONTES DE OCA,8.73333333333333,20.78,105.2,Humid Pampas,Pampa,"c(615642.512288631, -3604065.99785854)"
2017-10,LAS ROSAS - EEA OLIVEROS,25.6903225806452,9.65806451612903,33,Humid Pampas,Pampa,"c(634353.821708151, -3595651.31434557)"
2017-10,MONTES DE OCA,10.9354838709677,24.6903225806452,52.8,Humid Pampas,Pampa,"c(615642.512288631, -3604065.99785854)"
2017-11,LAS ROSAS - EEA OLIVEROS,31.44,12.3666666666667,64.5,Humid Pampas,Pampa,"c(634353.821708151, -3595651.31434557)"
2017-11,MONTES DE OCA,13.52,29.38,70.8,Humid Pampas,Pampa,"c(615642.512288631, -3604065.99785854)"
2017-12,LAS ROSAS - EEA OLIVEROS,33.2516129032258,16.3387096774194,100.5,Humid Pampas,Pampa,"c(634353.821708151, -3595651.31434557)"
2017-12,MONTES DE OCA,17.1322580645161,31.5548387096774,114,Humid Pampas,Pampa,"c(615642.512288631, -3604065.99785854)"
2009-01,BIGAND,14.6774193548387,27.9225806451613,89.2,Humid Pampas,Pampa,"c(668791.2938796, -3694455.36522177)"
2009-01,GODEKEN,16.5064516129032,31.1774193548387,54.8,Humid Pampas,Pampa,"c(607412.176026097, -3696495.1975804)"
2009-02,BIGAND,14.0964285714286,26.3892857142857,287.6,Humid Pampas,Pampa,"c(668791.2938796, -3694455.36522177)"
2009-02,GODEKEN,15.7785714285714,29.4428571428571,241.2,Humid Pampas,Pampa,"c(607412.176026097, -3696495.1975804)"
2009-03,BIGAND,13.841935483871,25.9548387096774,83.2,Humid Pampas,Pampa,"c(668791.2938796, -3694455.36522177)"
2009-03,GODEKEN,15.9290322580645,30.141935483871,86.8,Humid Pampas,Pampa,"c(607412.176026097, -3696495.1975804)"
2009-04,BIGAND,10.2433333333333,24.1066666666667,88.6,Humid Pampas,Pampa,"c(668791.2938796, -3694455.36522177)"
2009-04,GODEKEN,12.1266666666667,28.05,32,Humid Pampas,Pampa,"c(607412.176026097, -3696495.1975804)"
2009-05,BIGAND,7.05483870967742,18.9677419354839,31.6,Humid Pampas,Pampa,"c(668791.2938796, -3694455.36522177)"
2009-05,GODEKEN,8.8258064516129,22.1032258064516,30.4,Humid Pampas,Pampa,"c(607412.176026097, -3696495.1975804)"
2009-06,BIGAND,1.25,14.31,1.2,Humid Pampas,Pampa,"c(668791.2938796, -3694455.36522177)"
2009-06,GODEKEN,2.65666666666667,17.88,2,Humid Pampas,Pampa,"c(607412.176026097, -3696495.1975804)"
2009-07,BIGAND,0.254838709677419,13.4709677419355,60,Humid Pampas,Pampa,"c(668791.2938796, -3694455.36522177)"
2009-07,GODEKEN,1.28064516129032,16.1387096774194,29.2,Humid Pampas,Pampa,"c(607412.176026097, -3696495.1975804)"
2009-08,BIGAND,4.75161290322581,19.4290322580645,0.4,Humid Pampas,Pampa,"c(668791.2938796, -3694455.36522177)"
2009-08,GODEKEN,6.20322580645161,22.5903225806452,2.8,Humid Pampas,Pampa,"c(607412.176026097, -3696495.1975804)"
2009-09,BIGAND,4.18333333333333,15.5933333333333,134,Humid Pampas,Pampa,"c(668791.2938796, -3694455.36522177)"
2009-09,GODEKEN,5.92,19.1466666666667,104,Humid Pampas,Pampa,"c(607412.176026097, -3696495.1975804)"
2009-10,BIGAND,7.69032258064516,22.2645161290323,56.4,Humid Pampas,Pampa,"c(668791.2938796, -3694455.36522177)"
2009-10,GODEKEN,9.8,26.7451612903226,43.2,Humid Pampas,Pampa,"c(607412.176026097, -3696495.1975804)"
2009-11,BIGAND,13.17,24.6966666666667,274.2,Humid Pampas,Pampa,"c(668791.2938796, -3694455.36522177)"
2009-11,GODEKEN,15.2233333333333,27.59,148.4,Humid Pampas,Pampa,"c(607412.176026097, -3696495.1975804)"
2009-12,BIGAND,13.1064516129032,24.4096774193548,273,Humid Pampas,Pampa,"c(668791.2938796, -3694455.36522177)"
2009-12,GODEKEN,16.4161290322581,28.7161290322581,202,Humid Pampas,Pampa,"c(607412.176026097, -3696495.1975804)"
2010-01,BIGAND,15.6935483870968,27.8451612903226,262,Humid Pampas,Pampa,"c(668791.2938796, -3694455.36522177)"
2010-01,GODEKEN,18.2806451612903,32.0838709677419,199.6,Humid Pampas,Pampa,"c(607412.176026097, -3696495.1975804)"
2010-02,BIGAND,16.34,25.47,48.8,Humid Pampas,Pampa,"c(668791.2938796, -3694455.36522177)"
2010-02,GODEKEN,18.8071428571429,29.5142857142857,94,Humid Pampas,Pampa,"c(607412.176026097, -3696495.1975804)"
2010-03,BIGAND,13.13,25.98,34,Humid Pampas,Pampa,"c(668791.2938796, -3694455.36522177)"
2010-03,GODEKEN,16.4645161290323,31.2903225806452,83.6,Humid Pampas,Pampa,"c(607412.176026097, -3696495.1975804)"
2010-04,BIGAND,8.55,22.3033333333333,90.4,Humid Pampas,Pampa,"c(668791.2938796, -3694455.36522177)"
2010-04,GODEKEN,9.94333333333333,23.7566666666667,54,Humid Pampas,Pampa,"c(607412.176026097, -3696495.1975804)"
2010-05,BIGAND,5.14193548387097,16.3,93.6,Humid Pampas,Pampa,"c(668791.2938796, -3694455.36522177)"
2010-05,GODEKEN,7.86451612903226,20.1451612903226,48.4,Humid Pampas,Pampa,"c(607412.176026097, -3696495.1975804)"
2010-06,BIGAND,2.04347826086957,12.4260869565217,8.8,Humid Pampas,Pampa,"c(668791.2938796, -3694455.36522177)"
2010-06,GODEKEN,4.21,17.1966666666667,11.6,Humid Pampas,Pampa,"c(607412.176026097, -3696495.1975804)"
2010-07,BIGAND,-0.332258064516129,11.5193548387097,17.6,Humid Pampas,Pampa,"c(668791.2938796, -3694455.36522177)"
2010-07,GODEKEN,2.5741935483871,16.3870967741935,4,Humid Pampas,Pampa,"c(607412.176026097, -3696495.1975804)"
2010-08,BIGAND,0.438709677419355,13.1870967741936,6.8,Humid Pampas,Pampa,"c(668791.2938796, -3694455.36522177)"
2010-08,GODEKEN,3.06451612903226,17.9677419354839,4,Humid Pampas,Pampa,"c(607412.176026097, -3696495.1975804)"
2010-09,BIGAND,4.92666666666667,16.6066666666667,115.2,Humid Pampas,Pampa,"c(668791.2938796, -3694455.36522177)"
2010-09,GODEKEN,7.87,21.18,71.2,Humid Pampas,Pampa,"c(607412.176026097, -3696495.1975804)"
2010-10,BIGAND,6.11935483870968,19.0193548387097,96,Humid Pampas,Pampa,"c(668791.2938796, -3694455.36522177)"
2010-10,GODEKEN,9.3,23.6806451612903,98,Humid Pampas,Pampa,"c(607412.176026097, -3696495.1975804)"
2010-11,BIGAND,9.97333333333333,24.8966666666667,48,Humid Pampas,Pampa,"c(668791.2938796, -3694455.36522177)"
2010-11,GODEKEN,13.1966666666667,29.42,69.2,Humid Pampas,Pampa,"c(607412.176026097, -3696495.1975804)"
2010-12,BIGAND,13.4870967741936,27.6548387096774,124.4,Humid Pampas,Pampa,"c(668791.2938796, -3694455.36522177)"
2010-12,GODEKEN,16.7064516129032,32.7354838709677,103.2,Humid Pampas,Pampa,"c(607412.176026097, -3696495.1975804)"
2011-01,BIGAND,13.9129032258065,27.8225806451613,90.8,Humid Pampas,Pampa,"c(668791.2938796, -3694455.36522177)"
2011-01,GODEKEN,17.8032258064516,33.441935483871,51.2,Humid Pampas,Pampa,"c(607412.176026097, -3696495.1975804)"
2011-02,BIGAND,13.1892857142857,24.5071428571429,201.6,Humid Pampas,Pampa,"c(668791.2938796, -3694455.36522177)"
2011-02,GODEKEN,16.8428571428571,29.9571428571429,93.6,Humid Pampas,Pampa,"c(607412.176026097, -3696495.1975804)"
2011-03,BIGAND,10.2741935483871,24.3129032258065,60.8,Humid Pampas,Pampa,"c(668791.2938796, -3694455.36522177)"
2011-03,GODEKEN,13.6322580645161,30.0322580645161,49.2,Humid Pampas,Pampa,"c(607412.176026097, -3696495.1975804)"
2011-04,BIGAND,8.48,20.5133333333333,140,Humid Pampas,Pampa,"c(668791.2938796, -3694455.36522177)"
2011-04,GODEKEN,11.2066666666667,25.53,87.2,Humid Pampas,Pampa,"c(607412.176026097, -3696495.1975804)"
2011-05,BIGAND,4.95666666666667,15.0733333333333,67.2,Humid Pampas,Pampa,"c(668791.2938796, -3694455.36522177)"
2011-05,GODEKEN,7.35483870967742,19.8709677419355,28.4,Humid Pampas,Pampa,"c(607412.176026097, -3696495.1975804)"
2011-06,BIGAND,2.04,11.3966666666667,22,Humid Pampas,Pampa,"c(668791.2938796, -3694455.36522177)"
2011-06,GODEKEN,4.7,15.9566666666667,18.8,Humid Pampas,Pampa,"c(607412.176026097, -3696495.1975804)"
2011-07,BIGAND,-0.383870967741935,12.0129032258065,4.8,Humid Pampas,Pampa,"c(668791.2938796, -3694455.36522177)"
2011-07,GODEKEN,1.84193548387097,16.7870967741935,8.8,Humid Pampas,Pampa,"c(607412.176026097, -3696495.1975804)"
2011-08,BIGAND,0.532258064516129,12.6967741935484,7.6,Humid Pampas,Pampa,"c(668791.2938796, -3694455.36522177)"
2011-08,GODEKEN,3.56774193548387,17.1935483870968,9.6,Humid Pampas,Pampa,"c(607412.176026097, -3696495.1975804)"
2011-09,BIGAND,5.14333333333333,20.11,2.8,Humid Pampas,Pampa,"c(668791.2938796, -3694455.36522177)"
2011-09,GODEKEN,7.94666666666667,25.19,9.6,Humid Pampas,Pampa,"c(607412.176026097, -3696495.1975804)"
2011-10,BIGAND,7.04516129032258,18.7967741935484,161.8,Humid Pampas,Pampa,"c(668791.2938796, -3694455.36522177)"
2011-10,GODEKEN,10.6516129032258,23.9,109.6,Humid Pampas,Pampa,"c(607412.176026097, -3696495.1975804)"
2011-11,BIGAND,12.08,25.66,75.6,Humid Pampas,Pampa,"c(668791.2938796, -3694455.36522177)"
2011-11,GODEKEN,15.5666666666667,31.9133333333333,113.6,Humid Pampas,Pampa,"c(607412.176026097, -3696495.1975804)"
2011-12,BIGAND,12.458064516129,28.2677419354839,21.2,Humid Pampas,Pampa,"c(668791.2938796, -3694455.36522177)"
2011-12,GODEKEN,15.4645161290323,32.4064516129032,40.4,Humid Pampas,Pampa,"c(607412.176026097, -3696495.1975804)"
2012-01,BIGAND,14.5838709677419,29.9161290322581,70,Humid Pampas,Pampa,"c(668791.2938796, -3694455.36522177)"
2012-01,GODEKEN,17.7064516129032,34.9161290322581,61.2,Humid Pampas,Pampa,"c(607412.176026097, -3696495.1975804)"
2012-02,BIGAND,14.5689655172414,25.8586206896552,249.2,Humid Pampas,Pampa,"c(668791.2938796, -3694455.36522177)"
2012-02,GODEKEN,18.0413793103448,31.148275862069,240.8,Humid Pampas,Pampa,"c(607412.176026097, -3696495.1975804)"
2012-03,BIGAND,11.6483870967742,24.3096774193548,242,Humid Pampas,Pampa,"c(668791.2938796, -3694455.36522177)"
2012-03,GODEKEN,15.0451612903226,29.6903225806452,170,Humid Pampas,Pampa,"c(607412.176026097, -3696495.1975804)"
2012-04,BIGAND,8.62333333333333,20.3933333333333,40.4,Humid Pampas,Pampa,"c(668791.2938796, -3694455.36522177)"
2012-04,GODEKEN,12.24,25.62,34.8,Humid Pampas,Pampa,"c(607412.176026097, -3696495.1975804)"
2012-05,BIGAND,7.77096774193548,17.541935483871,98.8,Humid Pampas,Pampa,"c(668791.2938796, -3694455.36522177)"
2012-05,GODEKEN,10.8870967741935,22.7516129032258,52.4,Humid Pampas,Pampa,"c(607412.176026097, -3696495.1975804)"
2012-06,BIGAND,1.22857142857143,12.7821428571429,10.8,Humid Pampas,Pampa,"c(668791.2938796, -3694455.36522177)"
2012-06,GODEKEN,4.29,18.3366666666667,4.8,Humid Pampas,Pampa,"c(607412.176026097, -3696495.1975804)"
2012-07,BIGAND,-1.23548387096774,11.6290322580645,16.4,Humid Pampas,Pampa,"c(668791.2938796, -3694455.36522177)"
2012-07,GODEKEN,1.33548387096774,17.3774193548387,1.2,Humid Pampas,Pampa,"c(607412.176026097, -3696495.1975804)"
2012-08,BIGAND,4.17096774193548,13.7967741935484,220.8,Humid Pampas,Pampa,"c(668791.2938796, -3694455.36522177)"
2012-08,GODEKEN,7.31612903225807,19.5935483870968,57.2,Humid Pampas,Pampa,"c(607412.176026097, -3696495.1975804)"
2012-09,BIGAND,6.17666666666667,17.0066666666667,92,Humid Pampas,Pampa,"c(668791.2938796, -3694455.36522177)"
2012-09,GODEKEN,9.51666666666667,22.7233333333333,104,Humid Pampas,Pampa,"c(607412.176026097, -3696495.1975804)"
2012-10,BIGAND,9.39032258064516,19.3838709677419,286.4,Humid Pampas,Pampa,"c(668791.2938796, -3694455.36522177)"
2012-10,GODEKEN,12.8483870967742,24.2483870967742,296,Humid Pampas,Pampa,"c(607412.176026097, -3696495.1975804)"
2012-11,BIGAND,12.19,24.97,108.4,Humid Pampas,Pampa,"c(668791.2938796, -3694455.36522177)"
2012-11,GODEKEN,15.8933333333333,30.23,139.2,Humid Pampas,Pampa,"c(607412.176026097, -3696495.1975804)"
2012-12,BIGAND,13.5516129032258,26.6258064516129,157.2,Humid Pampas,Pampa,"c(668791.2938796, -3694455.36522177)"
2012-12,GODEKEN,16.8870967741935,32.0677419354839,109.6,Humid Pampas,Pampa,"c(607412.176026097, -3696495.1975804)"
2013-01,BIGAND,13.9129032258065,27.441935483871,38,Humid Pampas,Pampa,"c(668791.2938796, -3694455.36522177)"
2013-01,GODEKEN,17.3451612903226,32.858064516129,22,Humid Pampas,Pampa,"c(607412.176026097, -3696495.1975804)"
2013-02,BIGAND,12.9964285714286,25.3678571428571,126,Humid Pampas,Pampa,"c(668791.2938796, -3694455.36522177)"
2013-02,GODEKEN,16.2785714285714,30.7714285714286,108,Humid Pampas,Pampa,"c(607412.176026097, -3696495.1975804)"
2013-03,BIGAND,9.74516129032258,21.8483870967742,52.4,Humid Pampas,Pampa,"c(668791.2938796, -3694455.36522177)"
2013-03,GODEKEN,13.3322580645161,27.3387096774194,33.2,Humid Pampas,Pampa,"c(607412.176026097, -3696495.1975804)"
2013-04,BIGAND,8.84,18.535,47.2,Humid Pampas,Pampa,"c(668791.2938796, -3694455.36522177)"
2013-04,GODEKEN,11.3766666666667,26.5066666666667,62,Humid Pampas,Pampa,"c(607412.176026097, -3696495.1975804)"
2013-05,BIGAND,4.7258064516129,15.9387096774194,47.6,Humid Pampas,Pampa,"c(668791.2938796, -3694455.36522177)"
2013-05,GODEKEN,7.48387096774194,21.2903225806452,71.2,Humid Pampas,Pampa,"c(607412.176026097, -3696495.1975804)"
2013-06,BIGAND,1.71,13.6533333333333,20.8,Humid Pampas,Pampa,"c(668791.2938796, -3694455.36522177)"
2013-06,GODEKEN,4.97,19.23,27.6,Humid Pampas,Pampa,"c(607412.176026097, -3696495.1975804)"
2013-07,BIGAND,1.7741935483871,12.6516129032258,18.8,Humid Pampas,Pampa,"c(668791.2938796, -3694455.36522177)"
2013-07,GODEKEN,4.9,17.7741935483871,13.6,Humid Pampas,Pampa,"c(607412.176026097, -3696495.1975804)"
2013-08,BIGAND,0.125806451612903,14.8774193548387,0,Humid Pampas,Pampa,"c(668791.2938796, -3694455.36522177)"
2013-08,GODEKEN,3.17096774193548,20.1741935483871,0,Humid Pampas,Pampa,"c(607412.176026097, -3696495.1975804)"
2013-09,BIGAND,4.06666666666667,17.2133333333333,9.2,Humid Pampas,Pampa,"c(668791.2938796, -3694455.36522177)"
2013-09,GODEKEN,6.93666666666667,21.8366666666667,5.6,Humid Pampas,Pampa,"c(607412.176026097, -3696495.1975804)"
2013-10,BIGAND,9.00322580645161,22.8935483870968,38.8,Humid Pampas,Pampa,"c(668791.2938796, -3694455.36522177)"
2013-10,GODEKEN,12.3870967741936,28.4709677419355,33.2,Humid Pampas,Pampa,"c(607412.176026097, -3696495.1975804)"
2013-11,BIGAND,11.5033333333333,24,245.6,Humid Pampas,Pampa,"c(668791.2938796, -3694455.36522177)"
2013-11,GODEKEN,14.87,29.31,231.6,Humid Pampas,Pampa,"c(607412.176026097, -3696495.1975804)"
2013-12,BIGAND,16.2032258064516,30.6483870967742,46,Humid Pampas,Pampa,"c(668791.2938796, -3694455.36522177)"
2013-12,GODEKEN,19.6806451612903,36.0838709677419,23.6,Humid Pampas,Pampa,"c(607412.176026097, -3696495.1975804)"
2014-01,BIGAND,15.3483870967742,28.5677419354839,114.4,Humid Pampas,Pampa,"c(668791.2938796, -3694455.36522177)"
2014-01,GODEKEN,18.9129032258065,33.6322580645161,171.2,Humid Pampas,Pampa,"c(607412.176026097, -3696495.1975804)"
2014-02,BIGAND,14.3357142857143,22.9357142857143,423.2,Humid Pampas,Pampa,"c(668791.2938796, -3694455.36522177)"
2014-02,GODEKEN,18.1857142857143,28.5607142857143,448.8,Humid Pampas,Pampa,"c(607412.176026097, -3696495.1975804)"
2014-03,BIGAND,9.92258064516129,21.5612903225806,137.2,Humid Pampas,Pampa,"c(668791.2938796, -3694455.36522177)"
2014-03,GODEKEN,13.7612903225806,27.0258064516129,118.8,Humid Pampas,Pampa,"c(607412.176026097, -3696495.1975804)"
2014-04,BIGAND,8.87,18.9366666666667,144.4,Humid Pampas,Pampa,"c(668791.2938796, -3694455.36522177)"
2014-04,GODEKEN,12.8233333333333,24.6333333333333,199.6,Humid Pampas,Pampa,"c(607412.176026097, -3696495.1975804)"
2014-05,BIGAND,6.67096774193548,14.6967741935484,88.4,Humid Pampas,Pampa,"c(668791.2938796, -3694455.36522177)"
2014-05,GODEKEN,10.6677419354839,20.2516129032258,62,Humid Pampas,Pampa,"c(607412.176026097, -3696495.1975804)"
2014-06,BIGAND,2.69333333333333,13.12,61.2,Humid Pampas,Pampa,"c(668791.2938796, -3694455.36522177)"
2014-06,GODEKEN,5.98333333333333,18.4866666666667,18.4,Humid Pampas,Pampa,"c(607412.176026097, -3696495.1975804)"
2014-07,BIGAND,2.90645161290323,13.3032258064516,24.4,Humid Pampas,Pampa,"c(668791.2938796, -3694455.36522177)"
2014-07,GODEKEN,6.03870967741936,18.7548387096774,11.2,Humid Pampas,Pampa,"c(607412.176026097, -3696495.1975804)"
2014-08,BIGAND,4.39032258064516,17.0935483870968,1.2,Humid Pampas,Pampa,"c(668791.2938796, -3694455.36522177)"
2014-08,GODEKEN,7.23548387096774,22.9129032258065,0.8,Humid Pampas,Pampa,"c(607412.176026097, -3696495.1975804)"
2014-09,BIGAND,6.23666666666667,17.89,72,Humid Pampas,Pampa,"c(668791.2938796, -3694455.36522177)"
2014-09,GODEKEN,9.41666666666667,23.6066666666667,71.2,Humid Pampas,Pampa,"c(607412.176026097, -3696495.1975804)"
2014-10,BIGAND,10.5387096774194,23.0225806451613,78,Humid Pampas,Pampa,"c(668791.2938796, -3694455.36522177)"
2014-10,GODEKEN,13.8483870967742,28.8225806451613,80,Humid Pampas,Pampa,"c(607412.176026097, -3696495.1975804)"
2014-11,BIGAND,10.6518518518519,23.4555555555556,217.2,Humid Pampas,Pampa,"c(668791.2938796, -3694455.36522177)"
2014-11,GODEKEN,14.1433333333333,29.4333333333333,142.4,Humid Pampas,Pampa,"c(607412.176026097, -3696495.1975804)"
2014-12,BIGAND,13.6935483870968,26.5516129032258,103.2,Humid Pampas,Pampa,"c(668791.2938796, -3694455.36522177)"
2014-12,GODEKEN,16.5387096774194,31.2612903225807,91.2,Humid Pampas,Pampa,"c(607412.176026097, -3696495.1975804)"
2015-01,BIGAND,14.9516129032258,26.241935483871,226,Humid Pampas,Pampa,"c(668791.2938796, -3694455.36522177)"
2015-01,GODEKEN,18.4935483870968,31.4870967741936,97.2,Humid Pampas,Pampa,"c(607412.176026097, -3696495.1975804)"
2015-02,BIGAND,13.95,24.8535714285714,72.8,Humid Pampas,Pampa,"c(668791.2938796, -3694455.36522177)"
2015-02,GODEKEN,17.6357142857143,29.7464285714286,147.6,Humid Pampas,Pampa,"c(607412.176026097, -3696495.1975804)"
2015-03,BIGAND,13.0806451612903,24.0193548387097,251.2,Humid Pampas,Pampa,"c(668791.2938796, -3694455.36522177)"
2015-03,GODEKEN,16.8870967741935,30.1612903225806,148.4,Humid Pampas,Pampa,"c(607412.176026097, -3696495.1975804)"
2015-04,BIGAND,12.52,24.272,38.4,Humid Pampas,Pampa,"c(668791.2938796, -3694455.36522177)"
2015-04,GODEKEN,15.1461538461538,29.0653846153846,60.4,Humid Pampas,Pampa,"c(607412.176026097, -3696495.1975804)"
2015-05,BIGAND,7.96129032258065,17.3709677419355,151.2,Humid Pampas,Pampa,"c(668791.2938796, -3694455.36522177)"
2015-05,GODEKEN,11.2161290322581,21.8903225806452,82.8,Humid Pampas,Pampa,"c(607412.176026097, -3696495.1975804)"
2015-06,BIGAND,4.21304347826087,14.1695652173913,54.4,Humid Pampas,Pampa,"c(668791.2938796, -3694455.36522177)"
2015-06,GODEKEN,7.33333333333333,19.9333333333333,5.2,Humid Pampas,Pampa,"c(607412.176026097, -3696495.1975804)"
2015-07,BIGAND,2.79354838709677,13.3290322580645,69.6,Humid Pampas,Pampa,"c(668791.2938796, -3694455.36522177)"
2015-07,GODEKEN,5.82941176470588,16.2294117647059,39.6,Humid Pampas,Pampa,"c(607412.176026097, -3696495.1975804)"
2015-08,BIGAND,5.71290322580645,14.7161290322581,157.2,Humid Pampas,Pampa,"c(668791.2938796, -3694455.36522177)"
2015-08,GODEKEN,10.5555555555556,15.3333333333333,98.8,Humid Pampas,Pampa,"c(607412.176026097, -3696495.1975804)"
2015-09,BIGAND,5.2,15.8233333333333,60.4,Humid Pampas,Pampa,"c(668791.2938796, -3694455.36522177)"
2015-09,GODEKEN,8.41666666666667,13.85,58,Humid Pampas,Pampa,"c(607412.176026097, -3696495.1975804)"
2015-10,BIGAND,7.06,17.3733333333333,100.8,Humid Pampas,Pampa,"c(668791.2938796, -3694455.36522177)"
2015-10,GODEKEN,12.9470588235294,20.7058823529412,94.4,Humid Pampas,Pampa,"c(607412.176026097, -3696495.1975804)"
2015-11,BIGAND,11.6846153846154,23.0461538461538,193.2,Humid Pampas,Pampa,"c(668791.2938796, -3694455.36522177)"
2015-11,GODEKEN,14.8733333333333,27.5366666666667,219.6,Humid Pampas,Pampa,"c(607412.176026097, -3696495.1975804)"
2015-12,BIGAND,15.5230769230769,32.2307692307692,119.2,Humid Pampas,Pampa,"c(668791.2938796, -3694455.36522177)"
2015-12,GODEKEN,18.4677419354839,32.4548387096774,143.2,Humid Pampas,Pampa,"c(607412.176026097, -3696495.1975804)"
2016-01,BIGAND,16.5095238095238,30.5476190476191,140.8,Humid Pampas,Pampa,"c(668791.2938796, -3694455.36522177)"
2016-01,GODEKEN,19.7193548387097,31.7645161290323,128.4,Humid Pampas,Pampa,"c(607412.176026097, -3696495.1975804)"
2016-02,BIGAND,18.5434782608696,31.6130434782609,236.4,Humid Pampas,Pampa,"c(668791.2938796, -3694455.36522177)"
2016-02,GODEKEN,19.8,32.5655172413793,329.2,Humid Pampas,Pampa,"c(607412.176026097, -3696495.1975804)"
2016-03,BIGAND,11.5862068965517,22.448275862069,91.6,Humid Pampas,Pampa,"c(668791.2938796, -3694455.36522177)"
2016-03,GODEKEN,15.1838709677419,28.2677419354839,79.6,Humid Pampas,Pampa,"c(607412.176026097, -3696495.1975804)"
2016-04,BIGAND,10.3038461538462,17.8192307692308,176.8,Humid Pampas,Pampa,"c(668791.2938796, -3694455.36522177)"
2016-04,GODEKEN,13.4366666666667,21.63,138.4,Humid Pampas,Pampa,"c(607412.176026097, -3696495.1975804)"
2016-05,BIGAND,5.45172413793103,12.4241379310345,9.6,Humid Pampas,Pampa,"c(668791.2938796, -3694455.36522177)"
2016-05,GODEKEN,8.88064516129032,17.1806451612903,15.2,Humid Pampas,Pampa,"c(607412.176026097, -3696495.1975804)"
2016-06,BIGAND,1.28275862068966,10.8620689655172,44,Humid Pampas,Pampa,"c(668791.2938796, -3694455.36522177)"
2016-06,GODEKEN,4.99,16.84,52,Humid Pampas,Pampa,"c(607412.176026097, -3696495.1975804)"
2016-07,BIGAND,2.18387096774194,10.041935483871,22.4,Humid Pampas,Pampa,"c(668791.2938796, -3694455.36522177)"
2016-07,GODEKEN,6.50967741935484,16.2193548387097,22,Humid Pampas,Pampa,"c(607412.176026097, -3696495.1975804)"
2016-08,BIGAND,3.83703703703704,16.1037037037037,15.6,Humid Pampas,Pampa,"c(668791.2938796, -3694455.36522177)"
2016-08,GODEKEN,7.40645161290323,22.9483870967742,6,Humid Pampas,Pampa,"c(607412.176026097, -3696495.1975804)"
2016-09,BIGAND,5.14347826086957,20,25.6,Humid Pampas,Pampa,"c(668791.2938796, -3694455.36522177)"
2016-09,GODEKEN,8.29666666666667,22.9966666666667,31.6,Humid Pampas,Pampa,"c(607412.176026097, -3696495.1975804)"
2016-10,BIGAND,8.1,20.0129032258065,163.6,Humid Pampas,Pampa,"c(668791.2938796, -3694455.36522177)"
2016-10,GODEKEN,12.658064516129,24.6741935483871,143.6,Humid Pampas,Pampa,"c(607412.176026097, -3696495.1975804)"
2016-11,BIGAND,10.49,23.93,105.2,Humid Pampas,Pampa,"c(668791.2938796, -3694455.36522177)"
2016-11,GODEKEN,13.8866666666667,29.3033333333333,50.4,Humid Pampas,Pampa,"c(607412.176026097, -3696495.1975804)"
2016-12,BIGAND,14.1870967741935,28.8354838709677,207.6,Humid Pampas,Pampa,"c(668791.2938796, -3694455.36522177)"
2016-12,GODEKEN,17.5322580645161,33.3096774193548,123.6,Humid Pampas,Pampa,"c(607412.176026097, -3696495.1975804)"
2017-01,BIGAND,15.4612903225806,26.7774193548387,277.6,Humid Pampas,Pampa,"c(668791.2938796, -3694455.36522177)"
2017-01,GODEKEN,19.5903225806452,33.4,161.6,Humid Pampas,Pampa,"c(607412.176026097, -3696495.1975804)"
2017-02,BIGAND,15.3928571428571,25.7392857142857,84.8,Humid Pampas,Pampa,"c(668791.2938796, -3694455.36522177)"
2017-02,GODEKEN,19.7428571428571,32.2035714285714,59.6,Humid Pampas,Pampa,"c(607412.176026097, -3696495.1975804)"
2017-03,BIGAND,12.3933333333333,23.7433333333333,103.2,Humid Pampas,Pampa,"c(668791.2938796, -3694455.36522177)"
2017-03,GODEKEN,16.441935483871,29.7161290322581,130.8,Humid Pampas,Pampa,"c(607412.176026097, -3696495.1975804)"
2017-04,BIGAND,8.84666666666667,18.81,192.8,Humid Pampas,Pampa,"c(668791.2938796, -3694455.36522177)"
2017-04,GODEKEN,12.7266666666667,24.4633333333333,272.8,Humid Pampas,Pampa,"c(607412.176026097, -3696495.1975804)"
2017-05,BIGAND,9.47647058823529,20.9352941176471,73.2,Humid Pampas,Pampa,"c(668791.2938796, -3694455.36522177)"
2017-05,GODEKEN,11.4,20.4709677419355,130.4,Humid Pampas,Pampa,"c(607412.176026097, -3696495.1975804)"
2017-06,BIGAND,3.88666666666667,16.27,15.6,Humid Pampas,Pampa,"c(668791.2938796, -3694455.36522177)"
2017-06,GODEKEN,7.6,20.2366666666667,24.4,Humid Pampas,Pampa,"c(607412.176026097, -3696495.1975804)"
2017-07,BIGAND,6.98888888888889,18.5259259259259,26,Humid Pampas,Pampa,"c(668791.2938796, -3694455.36522177)"
2017-07,GODEKEN,8.05483870967742,18.3612903225806,34,Humid Pampas,Pampa,"c(607412.176026097, -3696495.1975804)"
2017-08,BIGAND,5.21935483870968,15.4161290322581,49.6,Humid Pampas,Pampa,"c(668791.2938796, -3694455.36522177)"
2017-08,GODEKEN,8.96129032258065,21.3612903225806,31.6,Humid Pampas,Pampa,"c(607412.176026097, -3696495.1975804)"
2017-09,BIGAND,5.86,20.7433333333333,100,Humid Pampas,Pampa,"c(668791.2938796, -3694455.36522177)"
2017-09,GODEKEN,9.93,22.0233333333333,128,Humid Pampas,Pampa,"c(607412.176026097, -3696495.1975804)"
2017-10,BIGAND,8,20.2258064516129,58.4,Humid Pampas,Pampa,"c(668791.2938796, -3694455.36522177)"
2017-10,GODEKEN,12.2322580645161,26.7774193548387,59.2,Humid Pampas,Pampa,"c(607412.176026097, -3696495.1975804)"
2017-11,BIGAND,10.4566666666667,24.6433333333333,41.2,Humid Pampas,Pampa,"c(668791.2938796, -3694455.36522177)"
2017-11,GODEKEN,14.52,31.0266666666667,52.4,Humid Pampas,Pampa,"c(607412.176026097, -3696495.1975804)"
2017-12,BIGAND,14.1612903225806,27.158064516129,173.6,Humid Pampas,Pampa,"c(668791.2938796, -3694455.36522177)"
2017-12,GODEKEN,18.2709677419355,33.0935483870968,218.8,Humid Pampas,Pampa,"c(607412.176026097, -3696495.1975804)"
2009-01,SANTA TERESA,16.5555555555556,32.5777777777778,34.4,Humid Pampas,Pampa,"c(705334.449641389, -3702087.710273)"
2009-02,SANTA TERESA,16.0148148148148,30.5851851851852,239.6,Humid Pampas,Pampa,"c(705334.449641389, -3702087.710273)"
2009-03,SANTA TERESA,15.6483870967742,30.2516129032258,79.6,Humid Pampas,Pampa,"c(705334.449641389, -3702087.710273)"
2009-04,SANTA TERESA,13.2666666666667,20.1333333333333,33.6,Humid Pampas,Pampa,"c(705334.449641389, -3702087.710273)"
2009-05,SANTA TERESA,9.44545454545455,23.1909090909091,6.8,Humid Pampas,Pampa,"c(705334.449641389, -3702087.710273)"
2009-06,SANTA TERESA,1.58888888888889,23.1444444444444,3.2,Humid Pampas,Pampa,"c(705334.449641389, -3702087.710273)"
2009-07,SANTA TERESA,2.06666666666667,16.4633333333333,61.6,Humid Pampas,Pampa,"c(705334.449641389, -3702087.710273)"
2009-08,SANTA TERESA,6.13870967741936,23.0612903225806,0.4,Humid Pampas,Pampa,"c(705334.449641389, -3702087.710273)"
2009-09,SANTA TERESA,6.33103448275862,18.7310344827586,102.8,Humid Pampas,Pampa,"c(705334.449641389, -3702087.710273)"
2009-10,SANTA TERESA,9.78260869565217,26.9913043478261,96,Humid Pampas,Pampa,"c(705334.449641389, -3702087.710273)"
2009-11,SANTA TERESA,15.3266666666667,27.0966666666667,157.2,Humid Pampas,Pampa,"c(705334.449641389, -3702087.710273)"
2009-12,SANTA TERESA,16.3612903225806,28.6838709677419,250.4,Humid Pampas,Pampa,"c(705334.449641389, -3702087.710273)"
2010-01,SANTA TERESA,18.758064516129,31.9612903225806,148.8,Humid Pampas,Pampa,"c(705334.449641389, -3702087.710273)"
2010-02,SANTA TERESA,18.9714285714286,30.1964285714286,171.2,Humid Pampas,Pampa,"c(705334.449641389, -3702087.710273)"
2010-03,SANTA TERESA,16.1935483870968,30.7645161290323,72.8,Humid Pampas,Pampa,"c(705334.449641389, -3702087.710273)"
2010-04,SANTA TERESA,10.2733333333333,24.4333333333333,84.4,Humid Pampas,Pampa,"c(705334.449641389, -3702087.710273)"
2010-05,SANTA TERESA,8.8,21.0483870967742,74.4,Humid Pampas,Pampa,"c(705334.449641389, -3702087.710273)"
2010-06,SANTA TERESA,5.46333333333333,17.72,23.2,Humid Pampas,Pampa,"c(705334.449641389, -3702087.710273)"
2010-07,SANTA TERESA,3.71290322580645,16.8451612903226,34.4,Humid Pampas,Pampa,"c(705334.449641389, -3702087.710273)"
2010-08,SANTA TERESA,3.48064516129032,18.0322580645161,8.8,Humid Pampas,Pampa,"c(705334.449641389, -3702087.710273)"
2010-09,SANTA TERESA,8.55333333333333,21.6733333333333,54.8,Humid Pampas,Pampa,"c(705334.449641389, -3702087.710273)"
2010-10,SANTA TERESA,9.7,24.2935483870968,42,Humid Pampas,Pampa,"c(705334.449641389, -3702087.710273)"
2010-11,SANTA TERESA,13.2766666666667,30.7233333333333,20.8,Humid Pampas,Pampa,"c(705334.449641389, -3702087.710273)"
2010-12,SANTA TERESA,16.7967741935484,33.058064516129,57.2,Humid Pampas,Pampa,"c(705334.449641389, -3702087.710273)"
2011-01,SANTA TERESA,18.3935483870968,33.5064516129032,106,Humid Pampas,Pampa,"c(705334.449641389, -3702087.710273)"
2011-02,SANTA TERESA,17.0678571428571,30.3714285714286,130,Humid Pampas,Pampa,"c(705334.449641389, -3702087.710273)"
2011-03,SANTA TERESA,13.6612903225806,30.1161290322581,29.2,Humid Pampas,Pampa,"c(705334.449641389, -3702087.710273)"
2011-04,SANTA TERESA,11.9833333333333,26.1766666666667,118.8,Humid Pampas,Pampa,"c(705334.449641389, -3702087.710273)"
2011-05,SANTA TERESA,8.33548387096774,20.8,64.4,Humid Pampas,Pampa,"c(705334.449641389, -3702087.710273)"
2011-06,SANTA TERESA,6.24666666666667,16.9733333333333,27.6,Humid Pampas,Pampa,"c(705334.449641389, -3702087.710273)"
2011-07,SANTA TERESA,3.21935483870968,16.6290322580645,32.8,Humid Pampas,Pampa,"c(705334.449641389, -3702087.710273)"
2011-08,SANTA TERESA,3.51612903225806,15.7161290322581,6.4,Humid Pampas,Pampa,"c(705334.449641389, -3702087.710273)"
2011-09,SANTA TERESA,7.35666666666667,22.3533333333333,6.8,Humid Pampas,Pampa,"c(705334.449641389, -3702087.710273)"
2011-10,SANTA TERESA,9.74516129032258,21.8129032258065,155.6,Humid Pampas,Pampa,"c(705334.449641389, -3702087.710273)"
2011-11,SANTA TERESA,14.71,27.6,69.6,Humid Pampas,Pampa,"c(705334.449641389, -3702087.710273)"
2011-12,SANTA TERESA,14.058064516129,29.6774193548387,34,Humid Pampas,Pampa,"c(705334.449641389, -3702087.710273)"
2012-01,SANTA TERESA,14.4741935483871,29.7741935483871,54,Humid Pampas,Pampa,"c(705334.449641389, -3702087.710273)"
2012-02,SANTA TERESA,17.4034482758621,28.7655172413793,233.6,Humid Pampas,Pampa,"c(705334.449641389, -3702087.710273)"
2012-03,SANTA TERESA,15.1266666666667,28.15,104.4,Humid Pampas,Pampa,"c(705334.449641389, -3702087.710273)"
2012-04,SANTA TERESA,11.5241379310345,25.6103448275862,32.8,Humid Pampas,Pampa,"c(705334.449641389, -3702087.710273)"
2012-05,SANTA TERESA,10.9612903225806,22.8032258064516,86,Humid Pampas,Pampa,"c(705334.449641389, -3702087.710273)"
2012-06,SANTA TERESA,5.19444444444445,16.9833333333333,14.4,Humid Pampas,Pampa,"c(705334.449641389, -3702087.710273)"
2012-07,SANTA TERESA,2.98,16.5,32.8,Humid Pampas,Pampa,"c(705334.449641389, -3702087.710273)"
2012-08,SANTA TERESA,8.31935483870968,19.2903225806452,189.6,Humid Pampas,Pampa,"c(705334.449641389, -3702087.710273)"
2012-09,SANTA TERESA,9.86666666666667,22.5466666666667,106,Humid Pampas,Pampa,"c(705334.449641389, -3702087.710273)"
2012-10,SANTA TERESA,13.6774193548387,25.0064516129032,240,Humid Pampas,Pampa,"c(705334.449641389, -3702087.710273)"
2012-11,SANTA TERESA,16.0233333333333,30.7933333333333,92.4,Humid Pampas,Pampa,"c(705334.449641389, -3702087.710273)"
2012-12,SANTA TERESA,17.2032258064516,31.6032258064516,174,Humid Pampas,Pampa,"c(705334.449641389, -3702087.710273)"
2013-01,SANTA TERESA,17.0645161290323,33.2903225806452,30,Humid Pampas,Pampa,"c(705334.449641389, -3702087.710273)"
2013-02,SANTA TERESA,16.35,30.7428571428571,115.6,Humid Pampas,Pampa,"c(705334.449641389, -3702087.710273)"
2013-03,SANTA TERESA,12.9387096774194,27.6322580645161,87.2,Humid Pampas,Pampa,"c(705334.449641389, -3702087.710273)"
2013-04,SANTA TERESA,11.1928571428571,25.8,54.8,Humid Pampas,Pampa,"c(705334.449641389, -3702087.710273)"
2013-05,SANTA TERESA,8.19642857142857,21.7571428571429,46,Humid Pampas,Pampa,"c(705334.449641389, -3702087.710273)"
2013-06,SANTA TERESA,5.69230769230769,19.7923076923077,10.4,Humid Pampas,Pampa,"c(705334.449641389, -3702087.710273)"
2013-07,SANTA TERESA,7.51,19.515,27.6,Humid Pampas,Pampa,"c(705334.449641389, -3702087.710273)"
2013-08,SANTA TERESA,3.30322580645161,21.1483870967742,1.6,Humid Pampas,Pampa,"c(705334.449641389, -3702087.710273)"
2013-09,SANTA TERESA,8.01,22.7366666666667,17.2,Humid Pampas,Pampa,"c(705334.449641389, -3702087.710273)"
2013-10,SANTA TERESA,12.3161290322581,29.2741935483871,50.8,Humid Pampas,Pampa,"c(705334.449641389, -3702087.710273)"
2013-11,SANTA TERESA,15.5133333333333,29.4733333333333,225.2,Humid Pampas,Pampa,"c(705334.449641389, -3702087.710273)"
2013-12,SANTA TERESA,19.7161290322581,36.7,51.6,Humid Pampas,Pampa,"c(705334.449641389, -3702087.710273)"
2014-01,SANTA TERESA,18.8290322580645,33.258064516129,186,Humid Pampas,Pampa,"c(705334.449641389, -3702087.710273)"
2014-02,SANTA TERESA,18.025,27.9035714285714,475.6,Humid Pampas,Pampa,"c(705334.449641389, -3702087.710273)"
2014-03,SANTA TERESA,13.1806451612903,26.4709677419355,135.2,Humid Pampas,Pampa,"c(705334.449641389, -3702087.710273)"
2014-04,SANTA TERESA,12.6666666666667,24.9333333333333,122,Humid Pampas,Pampa,"c(705334.449641389, -3702087.710273)"
2014-05,SANTA TERESA,10.2193548387097,20.441935483871,105.6,Humid Pampas,Pampa,"c(705334.449641389, -3702087.710273)"
2014-06,SANTA TERESA,5.58333333333333,19.3666666666667,24.8,Humid Pampas,Pampa,"c(705334.449641389, -3702087.710273)"
2014-07,SANTA TERESA,6.84193548387097,19.2483870967742,44,Humid Pampas,Pampa,"c(705334.449641389, -3702087.710273)"
2014-08,SANTA TERESA,7.73225806451613,23.5677419354839,5.6,Humid Pampas,Pampa,"c(705334.449641389, -3702087.710273)"
2014-09,SANTA TERESA,9.49666666666667,23.6433333333333,58.4,Humid Pampas,Pampa,"c(705334.449641389, -3702087.710273)"
2014-10,SANTA TERESA,14.0129032258065,28.3903225806452,102,Humid Pampas,Pampa,"c(705334.449641389, -3702087.710273)"
2014-11,SANTA TERESA,14.6035714285714,29.7642857142857,190.4,Humid Pampas,Pampa,"c(705334.449641389, -3702087.710273)"
2014-12,SANTA TERESA,16.841935483871,31.0838709677419,107.2,Humid Pampas,Pampa,"c(705334.449641389, -3702087.710273)"
2015-01,SANTA TERESA,18.7433333333333,31.43,270,Humid Pampas,Pampa,"c(705334.449641389, -3702087.710273)"
2015-02,SANTA TERESA,17.9178571428571,31.8035714285714,42,Humid Pampas,Pampa,"c(705334.449641389, -3702087.710273)"
2015-03,SANTA TERESA,16.4064516129032,30.6290322580645,121.2,Humid Pampas,Pampa,"c(705334.449641389, -3702087.710273)"
2015-04,SANTA TERESA,14,28.5076923076923,41.2,Humid Pampas,Pampa,"c(705334.449641389, -3702087.710273)"
2015-05,SANTA TERESA,13.8555555555556,20.3,121.2,Humid Pampas,Pampa,"c(705334.449641389, -3702087.710273)"
2015-06,SANTA TERESA,6.53684210526316,21.0052631578947,34.8,Humid Pampas,Pampa,"c(705334.449641389, -3702087.710273)"
2015-07,SANTA TERESA,7.44375,19.425,37.2,Humid Pampas,Pampa,"c(705334.449641389, -3702087.710273)"
2015-08,SANTA TERESA,11.2285714285714,18.1714285714286,158.8,Humid Pampas,Pampa,"c(705334.449641389, -3702087.710273)"
2015-09,SANTA TERESA,10.3,13.6,58.8,Humid Pampas,Pampa,"c(705334.449641389, -3702087.710273)"
2015-10,SANTA TERESA,14.6181818181818,20.8181818181818,101.2,Humid Pampas,Pampa,"c(705334.449641389, -3702087.710273)"
2015-11,SANTA TERESA,16.152380952381,26.7571428571429,179.2,Humid Pampas,Pampa,"c(705334.449641389, -3702087.710273)"
2015-12,SANTA TERESA,19.0161290322581,33.1806451612903,62,Humid Pampas,Pampa,"c(705334.449641389, -3702087.710273)"
2016-01,SANTA TERESA,20.22,32.4533333333333,89.2,Humid Pampas,Pampa,"c(705334.449641389, -3702087.710273)"
2016-02,SANTA TERESA,20.2551724137931,31.6758620689655,277.6,Humid Pampas,Pampa,"c(705334.449641389, -3702087.710273)"
2016-03,SANTA TERESA,16.30625,30.275,64.4,Humid Pampas,Pampa,"c(705334.449641389, -3702087.710273)"
2016-04,SANTA TERESA,15.0208333333333,20.9875,300.4,Humid Pampas,Pampa,"c(705334.449641389, -3702087.710273)"
2016-05,SANTA TERESA,11.06,16.3,18,Humid Pampas,Pampa,"c(705334.449641389, -3702087.710273)"
2016-06,SANTA TERESA,5.00357142857143,17.3035714285714,39.6,Humid Pampas,Pampa,"c(705334.449641389, -3702087.710273)"
2016-07,SANTA TERESA,10.75,12.4833333333333,32,Humid Pampas,Pampa,"c(705334.449641389, -3702087.710273)"
2016-08,SANTA TERESA,8.85,17.575,30,Humid Pampas,Pampa,"c(705334.449641389, -3702087.710273)"
2016-09,SANTA TERESA,8.0375,19.4125,24,Humid Pampas,Pampa,"c(705334.449641389, -3702087.710273)"
2016-10,SANTA TERESA,12.4655172413793,22.4758620689655,141.6,Humid Pampas,Pampa,"c(705334.449641389, -3702087.710273)"
2016-11,SANTA TERESA,13.8241379310345,27.5896551724138,81.6,Humid Pampas,Pampa,"c(705334.449641389, -3702087.710273)"
2016-12,SANTA TERESA,17.4571428571429,31.0392857142857,216.4,Humid Pampas,Pampa,"c(705334.449641389, -3702087.710273)"
2017-01,SANTA TERESA,20.1538461538462,28.6846153846154,354.4,Humid Pampas,Pampa,"c(705334.449641389, -3702087.710273)"
2017-02,SANTA TERESA,19.7,29.1391304347826,90.8,Humid Pampas,Pampa,"c(705334.449641389, -3702087.710273)"
2017-03,SANTA TERESA,16.8333333333333,27.5851851851852,148,Humid Pampas,Pampa,"c(705334.449641389, -3702087.710273)"
2017-04,SANTA TERESA,13.3892857142857,23.8178571428571,113.2,Humid Pampas,Pampa,"c(705334.449641389, -3702087.710273)"
2017-05,SANTA TERESA,12.2739130434783,21.3478260869565,94.4,Humid Pampas,Pampa,"c(705334.449641389, -3702087.710273)"
2017-06,SANTA TERESA,8.39166666666667,18.9791666666667,15.6,Humid Pampas,Pampa,"c(705334.449641389, -3702087.710273)"
2017-07,SANTA TERESA,8.72903225806452,17.9935483870968,40.4,Humid Pampas,Pampa,"c(705334.449641389, -3702087.710273)"
2017-08,SANTA TERESA,9.57096774193548,20.3516129032258,34,Humid Pampas,Pampa,"c(705334.449641389, -3702087.710273)"
2017-09,SANTA TERESA,10.7740740740741,21.3259259259259,152.8,Humid Pampas,Pampa,"c(705334.449641389, -3702087.710273)"
2017-10,SANTA TERESA,12.1225806451613,24.4258064516129,66.8,Humid Pampas,Pampa,"c(705334.449641389, -3702087.710273)"
2017-11,SANTA TERESA,14.3185185185185,28.6296296296296,32.8,Humid Pampas,Pampa,"c(705334.449641389, -3702087.710273)"
2017-12,SANTA TERESA,18.251724137931,31.2379310344828,176,Humid Pampas,Pampa,"c(705334.449641389, -3702087.710273)"
2009-01,CHOVET,15.4483870967742,28.9354838709677,57.6,Humid Pampas,Pampa,"c(629460.854591892, -3718765.4546)"
2009-01,LABORDEBOY,18.0161290322581,33.741935483871,50.8,Humid Pampas,Pampa,"c(656131.460055244, -3732347.09708138)"
2009-01,MAGGIOLO,15.4967741935484,30.1322580645161,56,Humid Pampas,Pampa,"c(569684.693170756, -3731855.2573059)"
2009-01,MARIA TERESA,14.5483870967742,30.9290322580645,69.6,Humid Pampas,Pampa,"c(601536.8864447, -3763397.79167318)"
2009-01,RUFINO,15.3258064516129,30.5806451612903,23.6,Humid Pampas,Pampa,"c(526541.040340462, -3791422.73594589)"
2009-01,VENADO TUERTO,15.3741935483871,30.1548387096774,34,Humid Pampas,Pampa,"c(595799.229629505, -3725676.56812775)"
2009-02,CHOVET,14.9392857142857,27.2321428571429,234,Humid Pampas,Pampa,"c(629460.854591892, -3718765.4546)"
2009-02,LABORDEBOY,17.5071428571429,32.0464285714286,231.2,Humid Pampas,Pampa,"c(656131.460055244, -3732347.09708138)"
2009-02,MAGGIOLO,15.4642857142857,28.8964285714286,126.4,Humid Pampas,Pampa,"c(569684.693170756, -3731855.2573059)"
2009-02,MARIA TERESA,14.1321428571429,28.9535714285714,138.4,Humid Pampas,Pampa,"c(601536.8864447, -3763397.79167318)"
2009-02,RUFINO,15.3821428571429,29.6535714285714,87.2,Humid Pampas,Pampa,"c(526541.040340462, -3791422.73594589)"
2009-02,VENADO TUERTO,15.3142857142857,28.3642857142857,127,Humid Pampas,Pampa,"c(595799.229629505, -3725676.56812775)"
2009-03,CHOVET,14.7161290322581,27.8193548387097,42,Humid Pampas,Pampa,"c(629460.854591892, -3718765.4546)"
2009-03,LABORDEBOY,17.6064516129032,32.4741935483871,78.8,Humid Pampas,Pampa,"c(656131.460055244, -3732347.09708138)"
2009-03,MAGGIOLO,15.0741935483871,29.7709677419355,56.8,Humid Pampas,Pampa,"c(569684.693170756, -3731855.2573059)"
2009-03,MARIA TERESA,13.7193548387097,29.8,64,Humid Pampas,Pampa,"c(601536.8864447, -3763397.79167318)"
2009-03,RUFINO,14.9741935483871,29.1064516129032,60.8,Humid Pampas,Pampa,"c(526541.040340462, -3791422.73594589)"
2009-03,VENADO TUERTO,15.0290322580645,29.5935483870968,75,Humid Pampas,Pampa,"c(595799.229629505, -3725676.56812775)"
2009-04,CHOVET,11.2933333333333,25.5833333333333,38.8,Humid Pampas,Pampa,"c(629460.854591892, -3718765.4546)"
2009-04,LABORDEBOY,12.8727272727273,29.6954545454545,10.4,Humid Pampas,Pampa,"c(656131.460055244, -3732347.09708138)"
2009-04,MAGGIOLO,11.4233333333333,27.2966666666667,44,Humid Pampas,Pampa,"c(569684.693170756, -3731855.2573059)"
2009-04,MARIA TERESA,11.15,26.705,45.6,Humid Pampas,Pampa,"c(601536.8864447, -3763397.79167318)"
2009-04,RUFINO,11.46,26.5633333333333,46,Humid Pampas,Pampa,"c(526541.040340462, -3791422.73594589)"
2009-04,VENADO TUERTO,11.6166666666667,27.3666666666667,51,Humid Pampas,Pampa,"c(595799.229629505, -3725676.56812775)"
2009-05,CHOVET,8.08064516129032,20.3193548387097,26.8,Humid Pampas,Pampa,"c(629460.854591892, -3718765.4546)"
2009-05,LABORDEBOY,11.041935483871,24.8258064516129,28,Humid Pampas,Pampa,"c(656131.460055244, -3732347.09708138)"
2009-05,MAGGIOLO,7.55483870967742,21.2193548387097,26,Humid Pampas,Pampa,"c(569684.693170756, -3731855.2573059)"
2009-05,MARIA TERESA,6.07058823529412,19.4235294117647,26,Humid Pampas,Pampa,"c(601536.8864447, -3763397.79167318)"
2009-05,RUFINO,8.04193548387097,20.7483870967742,30.8,Humid Pampas,Pampa,"c(526541.040340462, -3791422.73594589)"
2009-05,VENADO TUERTO,8.45161290322581,22.2193548387097,23,Humid Pampas,Pampa,"c(595799.229629505, -3725676.56812775)"
2009-06,CHOVET,2.23,16.1533333333333,0.8,Humid Pampas,Pampa,"c(629460.854591892, -3718765.4546)"
2009-06,LABORDEBOY,5.24333333333333,20.7866666666667,4.8,Humid Pampas,Pampa,"c(656131.460055244, -3732347.09708138)"
2009-06,MAGGIOLO,1.6,17.1766666666667,0.4,Humid Pampas,Pampa,"c(569684.693170756, -3731855.2573059)"
2009-06,MARIA TERESA,-0.38,15.0533333333333,2.8,Humid Pampas,Pampa,"c(601536.8864447, -3763397.79167318)"
2009-06,RUFINO,2.42666666666667,17.3433333333333,0.8,Humid Pampas,Pampa,"c(526541.040340462, -3791422.73594589)"
2009-06,VENADO TUERTO,2.09,17.7233333333333,0,Humid Pampas,Pampa,"c(595799.229629505, -3725676.56812775)"
2009-07,CHOVET,0.832258064516129,14.4032258064516,43.6,Humid Pampas,Pampa,"c(629460.854591892, -3718765.4546)"
2009-07,LABORDEBOY,2.86129032258065,17.9322580645161,58.8,Humid Pampas,Pampa,"c(656131.460055244, -3732347.09708138)"
2009-07,MAGGIOLO,0.106451612903226,15.5903225806452,23.2,Humid Pampas,Pampa,"c(569684.693170756, -3731855.2573059)"
2009-07,MARIA TERESA,-1.84666666666667,12.8333333333333,37.6,Humid Pampas,Pampa,"c(601536.8864447, -3763397.79167318)"
2009-07,RUFINO,1.50454545454545,15.9409090909091,22.4,Humid Pampas,Pampa,"c(526541.040340462, -3791422.73594589)"
2009-07,VENADO TUERTO,0.958064516129032,16.241935483871,32.3,Humid Pampas,Pampa,"c(595799.229629505, -3725676.56812775)"
2009-08,CHOVET,5.84838709677419,20.6935483870968,5.2,Humid Pampas,Pampa,"c(629460.854591892, -3718765.4546)"
2009-08,LABORDEBOY,8.0258064516129,24.0645161290323,10.8,Humid Pampas,Pampa,"c(656131.460055244, -3732347.09708138)"
2009-08,MAGGIOLO,5.15161290322581,21.4387096774194,1.2,Humid Pampas,Pampa,"c(569684.693170756, -3731855.2573059)"
2009-08,MARIA TERESA,8.91666666666667,20.5833333333333,1.6,Humid Pampas,Pampa,"c(601536.8864447, -3763397.79167318)"
2009-08,RUFINO,6.00357142857143,22.6214285714286,4.8,Humid Pampas,Pampa,"c(526541.040340462, -3791422.73594589)"
2009-08,VENADO TUERTO,5.71935483870968,22.5903225806452,3,Humid Pampas,Pampa,"c(595799.229629505, -3725676.56812775)"
2009-09,CHOVET,5.62083333333333,17.1208333333333,67.2,Humid Pampas,Pampa,"c(629460.854591892, -3718765.4546)"
2009-09,LABORDEBOY,7.24,20.2933333333333,92,Humid Pampas,Pampa,"c(656131.460055244, -3732347.09708138)"
2009-09,MAGGIOLO,4.96666666666667,18.5166666666667,97.6,Humid Pampas,Pampa,"c(569684.693170756, -3731855.2573059)"
2009-09,MARIA TERESA,4.75925925925926,16.9296296296296,119.2,Humid Pampas,Pampa,"c(601536.8864447, -3763397.79167318)"
2009-09,RUFINO,5.552,19.268,103.6,Humid Pampas,Pampa,"c(526541.040340462, -3791422.73594589)"
2009-09,VENADO TUERTO,5.48275862068966,19.3068965517241,101.5,Humid Pampas,Pampa,"c(595799.229629505, -3725676.56812775)"
2009-10,CHOVET,8.64,24.08,48.4,Humid Pampas,Pampa,"c(629460.854591892, -3718765.4546)"
2009-10,LABORDEBOY,10.641935483871,27.4483870967742,111.2,Humid Pampas,Pampa,"c(656131.460055244, -3732347.09708138)"
2009-10,MAGGIOLO,8.91935483870968,25.5870967741935,51.6,Humid Pampas,Pampa,"c(569684.693170756, -3731855.2573059)"
2009-10,MARIA TERESA,9.56774193548387,25.3838709677419,44.4,Humid Pampas,Pampa,"c(601536.8864447, -3763397.79167318)"
2009-10,RUFINO,9.80666666666667,26.3366666666667,42.4,Humid Pampas,Pampa,"c(526541.040340462, -3791422.73594589)"
2009-10,VENADO TUERTO,8.87096774193548,25.8290322580645,49.2,Humid Pampas,Pampa,"c(595799.229629505, -3725676.56812775)"
2009-11,CHOVET,13.6366666666667,25.3533333333333,199.2,Humid Pampas,Pampa,"c(629460.854591892, -3718765.4546)"
2009-11,LABORDEBOY,16.2466666666667,28.0233333333333,264,Humid Pampas,Pampa,"c(656131.460055244, -3732347.09708138)"
2009-11,MAGGIOLO,14.0551724137931,27.4137931034483,208.4,Humid Pampas,Pampa,"c(569684.693170756, -3731855.2573059)"
2009-11,MARIA TERESA,14.11,26.7433333333333,151.2,Humid Pampas,Pampa,"c(601536.8864447, -3763397.79167318)"
2009-11,RUFINO,14.6689655172414,27.6793103448276,92.4,Humid Pampas,Pampa,"c(526541.040340462, -3791422.73594589)"
2009-11,VENADO TUERTO,14.4266666666667,26.83,161.5,Humid Pampas,Pampa,"c(595799.229629505, -3725676.56812775)"
2009-12,CHOVET,15.0967741935484,26.0935483870968,269.6,Humid Pampas,Pampa,"c(629460.854591892, -3718765.4546)"
2009-12,LABORDEBOY,17.2064516129032,28.9451612903226,239.6,Humid Pampas,Pampa,"c(656131.460055244, -3732347.09708138)"
2009-12,MAGGIOLO,15.8032258064516,27.5516129032258,199.6,Humid Pampas,Pampa,"c(569684.693170756, -3731855.2573059)"
2009-12,MARIA TERESA,16.2612903225806,28.0451612903226,268,Humid Pampas,Pampa,"c(601536.8864447, -3763397.79167318)"
2009-12,RUFINO,16.4032258064516,27.2774193548387,279.2,Humid Pampas,Pampa,"c(526541.040340462, -3791422.73594589)"
2009-12,VENADO TUERTO,15.8677419354839,27.2645161290323,233.9,Humid Pampas,Pampa,"c(595799.229629505, -3725676.56812775)"
2010-01,CHOVET,17.1935483870968,28.9774193548387,164.8,Humid Pampas,Pampa,"c(629460.854591892, -3718765.4546)"
2010-01,LABORDEBOY,19.2903225806452,33.3806451612903,181.8,Humid Pampas,Pampa,"c(656131.460055244, -3732347.09708138)"
2010-01,MAGGIOLO,16.34,29.005,99.2,Humid Pampas,Pampa,"c(569684.693170756, -3731855.2573059)"
2010-01,MARIA TERESA,18.3857142857143,31.025,126.4,Humid Pampas,Pampa,"c(601536.8864447, -3763397.79167318)"
2010-01,RUFINO,18.2064516129032,30.4967741935484,237.4,Humid Pampas,Pampa,"c(526541.040340462, -3791422.73594589)"
2010-01,VENADO TUERTO,17.3161290322581,29.8709677419355,151.5,Humid Pampas,Pampa,"c(595799.229629505, -3725676.56812775)"
2010-02,CHOVET,17.2535714285714,26.5392857142857,218,Humid Pampas,Pampa,"c(629460.854591892, -3718765.4546)"
2010-02,LABORDEBOY,19.7821428571429,30.7964285714286,205,Humid Pampas,Pampa,"c(656131.460055244, -3732347.09708138)"
2010-02,MAGGIOLO,19.9666666666667,27.1666666666667,134.4,Humid Pampas,Pampa,"c(569684.693170756, -3731855.2573059)"
2010-02,MARIA TERESA,18.5285714285714,28.9392857142857,103.6,Humid Pampas,Pampa,"c(601536.8864447, -3763397.79167318)"
2010-02,RUFINO,18.1392857142857,27.9321428571429,116.8,Humid Pampas,Pampa,"c(526541.040340462, -3791422.73594589)"
2010-02,VENADO TUERTO,17.8392857142857,27.8428571428571,93,Humid Pampas,Pampa,"c(595799.229629505, -3725676.56812775)"
2010-03,CHOVET,15.041935483871,28.0677419354839,99.2,Humid Pampas,Pampa,"c(629460.854591892, -3718765.4546)"
2010-03,LABORDEBOY,17.4677419354839,32.1677419354839,61.2,Humid Pampas,Pampa,"c(656131.460055244, -3732347.09708138)"
2010-03,MAGGIOLO,17.7333333333333,32.7666666666667,0,Humid Pampas,Pampa,"c(569684.693170756, -3731855.2573059)"
2010-03,MARIA TERESA,16.3225806451613,30.0612903225806,97.2,Humid Pampas,Pampa,"c(601536.8864447, -3763397.79167318)"
2010-03,RUFINO,16.2266666666667,29.0033333333333,56,Humid Pampas,Pampa,"c(526541.040340462, -3791422.73594589)"
2010-03,VENADO TUERTO,15.7741935483871,29.758064516129,103,Humid Pampas,Pampa,"c(595799.229629505, -3725676.56812775)"
2010-04,CHOVET,8.73666666666667,21.7333333333333,54.4,Humid Pampas,Pampa,"c(629460.854591892, -3718765.4546)"
2010-04,LABORDEBOY,12.4533333333333,27.3133333333333,36.8,Humid Pampas,Pampa,"c(656131.460055244, -3732347.09708138)"
2010-04,MAGGIOLO,9.32666666666667,23.7,43.2,Humid Pampas,Pampa,"c(569684.693170756, -3731855.2573059)"
2010-04,MARIA TERESA,9.87333333333333,24.22,34,Humid Pampas,Pampa,"c(601536.8864447, -3763397.79167318)"
2010-04,RUFINO,9.32413793103448,23.4793103448276,28.4,Humid Pampas,Pampa,"c(526541.040340462, -3791422.73594589)"
2010-04,VENADO TUERTO,9.54666666666667,23.6666666666667,51.7,Humid Pampas,Pampa,"c(595799.229629505, -3725676.56812775)"
2010-05,CHOVET,7.06451612903226,18.4645161290323,75.6,Humid Pampas,Pampa,"c(629460.854591892, -3718765.4546)"
2010-05,LABORDEBOY,10.7,23.3645161290323,66,Humid Pampas,Pampa,"c(656131.460055244, -3732347.09708138)"
2010-05,MAGGIOLO,6.75161290322581,19.4645161290323,66.8,Humid Pampas,Pampa,"c(569684.693170756, -3731855.2573059)"
2010-05,MARIA TERESA,7.40645161290323,19.7645161290323,71.6,Humid Pampas,Pampa,"c(601536.8864447, -3763397.79167318)"
2010-05,RUFINO,6.60322580645161,18.9290322580645,32.4,Humid Pampas,Pampa,"c(526541.040340462, -3791422.73594589)"
2010-05,VENADO TUERTO,7.59032258064516,20.0774193548387,57.9,Humid Pampas,Pampa,"c(595799.229629505, -3725676.56812775)"
2010-06,CHOVET,2.26666666666667,16.1,1.2,Humid Pampas,Pampa,"c(629460.854591892, -3718765.4546)"
2010-06,LABORDEBOY,7.21333333333333,20.5,49.2,Humid Pampas,Pampa,"c(656131.460055244, -3732347.09708138)"
2010-06,MAGGIOLO,3.32666666666667,16.3266666666667,5.2,Humid Pampas,Pampa,"c(569684.693170756, -3731855.2573059)"
2010-06,MARIA TERESA,3.8,16.2333333333333,20.4,Humid Pampas,Pampa,"c(601536.8864447, -3763397.79167318)"
2010-06,VENADO TUERTO,4.27333333333333,17.1333333333333,12.6,Humid Pampas,Pampa,"c(595799.229629505, -3725676.56812775)"
2010-07,CHOVET,1.76129032258065,14.1161290322581,6,Humid Pampas,Pampa,"c(629460.854591892, -3718765.4546)"
2010-07,LABORDEBOY,5.56774193548387,19.1129032258065,19.2,Humid Pampas,Pampa,"c(656131.460055244, -3732347.09708138)"
2010-07,MAGGIOLO,0.964516129032258,15.1064516129032,4,Humid Pampas,Pampa,"c(569684.693170756, -3731855.2573059)"
2010-07,MARIA TERESA,1.68709677419355,14.9903225806452,6,Humid Pampas,Pampa,"c(601536.8864447, -3763397.79167318)"
2010-07,VENADO TUERTO,2.13225806451613,15.8,0.3,Humid Pampas,Pampa,"c(595799.229629505, -3725676.56812775)"
2010-08,CHOVET,1.54838709677419,15.4838709677419,3.2,Humid Pampas,Pampa,"c(629460.854591892, -3718765.4546)"
2010-08,LABORDEBOY,4.9,20.3709677419355,8,Humid Pampas,Pampa,"c(656131.460055244, -3732347.09708138)"
2010-08,MAGGIOLO,2.40967741935484,16.7612903225806,0.4,Humid Pampas,Pampa,"c(569684.693170756, -3731855.2573059)"
2010-08,MARIA TERESA,2.24838709677419,16.8870967741935,5.6,Humid Pampas,Pampa,"c(601536.8864447, -3763397.79167318)"
2010-08,RUFINO,4.21428571428571,18.8095238095238,0.4,Humid Pampas,Pampa,"c(526541.040340462, -3791422.73594589)"
2010-08,VENADO TUERTO,2.6258064516129,17.1870967741936,0.3,Humid Pampas,Pampa,"c(595799.229629505, -3725676.56812775)"
2010-09,CHOVET,6.89,18.86,90.8,Humid Pampas,Pampa,"c(629460.854591892, -3718765.4546)"
2010-09,LABORDEBOY,10.0233333333333,22.7133333333333,102,Humid Pampas,Pampa,"c(656131.460055244, -3732347.09708138)"
2010-09,MAGGIOLO,7.05,19.82,104,Humid Pampas,Pampa,"c(569684.693170756, -3731855.2573059)"
2010-09,MARIA TERESA,8.02666666666667,20.41,96,Humid Pampas,Pampa,"c(601536.8864447, -3763397.79167318)"
2010-09,RUFINO,7.78666666666667,20.8766666666667,75.6,Humid Pampas,Pampa,"c(526541.040340462, -3791422.73594589)"
2010-09,VENADO TUERTO,7.77333333333333,20.76,94.6,Humid Pampas,Pampa,"c(595799.229629505, -3725676.56812775)"
2010-10,CHOVET,8.6,21.6258064516129,84,Humid Pampas,Pampa,"c(629460.854591892, -3718765.4546)"
2010-10,LABORDEBOY,11.5774193548387,25.5516129032258,93.6,Humid Pampas,Pampa,"c(656131.460055244, -3732347.09708138)"
2010-10,MAGGIOLO,8.37096774193548,22.4903225806452,108.4,Humid Pampas,Pampa,"c(569684.693170756, -3731855.2573059)"
2010-10,MARIA TERESA,9.64333333333333,22.6466666666667,90.4,Humid Pampas,Pampa,"c(601536.8864447, -3763397.79167318)"
2010-10,RUFINO,9.41612903225806,22.7451612903226,81.6,Humid Pampas,Pampa,"c(526541.040340462, -3791422.73594589)"
2010-10,VENADO TUERTO,9.10645161290323,22.4677419354839,83.5,Humid Pampas,Pampa,"c(595799.229629505, -3725676.56812775)"
2010-11,CHOVET,12.4266666666667,26.88,46,Humid Pampas,Pampa,"c(629460.854591892, -3718765.4546)"
2010-11,LABORDEBOY,15.29,32.0666666666667,16,Humid Pampas,Pampa,"c(656131.460055244, -3732347.09708138)"
2010-11,MAGGIOLO,12.46,28.97,56,Humid Pampas,Pampa,"c(569684.693170756, -3731855.2573059)"
2010-11,MARIA TERESA,13.3275862068966,30.3379310344828,32,Humid Pampas,Pampa,"c(601536.8864447, -3763397.79167318)"
2010-11,RUFINO,12.8633333333333,28.2366666666667,38.8,Humid Pampas,Pampa,"c(526541.040340462, -3791422.73594589)"
2010-11,VENADO TUERTO,12.74,28.5433333333333,51,Humid Pampas,Pampa,"c(595799.229629505, -3725676.56812775)"
2010-12,CHOVET,15.4967741935484,29.3096774193548,60.8,Humid Pampas,Pampa,"c(629460.854591892, -3718765.4546)"
2010-12,LABORDEBOY,18.9516129032258,35.0354838709677,112,Humid Pampas,Pampa,"c(656131.460055244, -3732347.09708138)"
2010-12,MAGGIOLO,15.8483870967742,30.9483870967742,81.6,Humid Pampas,Pampa,"c(569684.693170756, -3731855.2573059)"
2010-12,MARIA TERESA,16.9774193548387,34.0709677419355,53.2,Humid Pampas,Pampa,"c(601536.8864447, -3763397.79167318)"
2010-12,RUFINO,16.2354838709677,32.3838709677419,43.2,Humid Pampas,Pampa,"c(526541.040340462, -3791422.73594589)"
2010-12,VENADO TUERTO,15.7645161290323,30.5064516129032,70.2,Humid Pampas,Pampa,"c(595799.229629505, -3725676.56812775)"
2011-01,CHOVET,15.9225806451613,29.4838709677419,96.6,Humid Pampas,Pampa,"c(629460.854591892, -3718765.4546)"
2011-01,LABORDEBOY,19.658064516129,35.841935483871,129.2,Humid Pampas,Pampa,"c(656131.460055244, -3732347.09708138)"
2011-01,MAGGIOLO,16.8354838709677,31.7645161290323,38.8,Humid Pampas,Pampa,"c(569684.693170756, -3731855.2573059)"
2011-01,MARIA TERESA,17.7612903225806,34.1516129032258,88.4,Humid Pampas,Pampa,"c(601536.8864447, -3763397.79167318)"
2011-01,RUFINO,16.8548387096774,32.3709677419355,66.4,Humid Pampas,Pampa,"c(526541.040340462, -3791422.73594589)"
2011-01,VENADO TUERTO,16.5612903225806,31.1258064516129,38.5,Humid Pampas,Pampa,"c(595799.229629505, -3725676.56812775)"
2011-02,CHOVET,15.3142857142857,27,92.8,Humid Pampas,Pampa,"c(629460.854591892, -3718765.4546)"
2011-02,LABORDEBOY,19.0607142857143,32.4321428571429,152.8,Humid Pampas,Pampa,"c(656131.460055244, -3732347.09708138)"
2011-02,MAGGIOLO,16.0214285714286,28.925,88.4,Humid Pampas,Pampa,"c(569684.693170756, -3731855.2573059)"
2011-02,MARIA TERESA,17.2392857142857,30.8285714285714,132.4,Humid Pampas,Pampa,"c(601536.8864447, -3763397.79167318)"
2011-02,RUFINO,16.3071428571429,29.9,56.4,Humid Pampas,Pampa,"c(526541.040340462, -3791422.73594589)"
2011-02,VENADO TUERTO,15.65,27.8642857142857,71.2,Humid Pampas,Pampa,"c(595799.229629505, -3725676.56812775)"
2011-03,CHOVET,12.0258064516129,26.8967741935484,35.2,Humid Pampas,Pampa,"c(629460.854591892, -3718765.4546)"
2011-03,LABORDEBOY,16.0322580645161,33.558064516129,32,Humid Pampas,Pampa,"c(656131.460055244, -3732347.09708138)"
2011-03,MAGGIOLO,13.2766666666667,28.5666666666667,93.2,Humid Pampas,Pampa,"c(569684.693170756, -3731855.2573059)"
2011-03,MARIA TERESA,13.8967741935484,30.5903225806452,62.4,Humid Pampas,Pampa,"c(601536.8864447, -3763397.79167318)"
2011-03,RUFINO,13.9071428571429,28.9071428571429,50,Humid Pampas,Pampa,"c(526541.040340462, -3791422.73594589)"
2011-03,VENADO TUERTO,12.2387096774194,27.8870967741936,89.3,Humid Pampas,Pampa,"c(595799.229629505, -3725676.56812775)"
2011-04,CHOVET,10.1533333333333,23.19,103.6,Humid Pampas,Pampa,"c(629460.854591892, -3718765.4546)"
2011-04,LABORDEBOY,14.3733333333333,29.5633333333333,141.6,Humid Pampas,Pampa,"c(656131.460055244, -3732347.09708138)"
2011-04,MAGGIOLO,10.0666666666667,24.8333333333333,135.2,Humid Pampas,Pampa,"c(569684.693170756, -3731855.2573059)"
2011-04,MARIA TERESA,11.3533333333333,25.6166666666667,95.2,Humid Pampas,Pampa,"c(601536.8864447, -3763397.79167318)"
2011-04,RUFINO,11.8208333333333,24.9583333333333,98.8,Humid Pampas,Pampa,"c(526541.040340462, -3791422.73594589)"
2011-04,VENADO TUERTO,10.3766666666667,24.5166666666667,105.2,Humid Pampas,Pampa,"c(595799.229629505, -3725676.56812775)"
2011-05,CHOVET,6.44516129032258,17.8064516129032,32.4,Humid Pampas,Pampa,"c(629460.854591892, -3718765.4546)"
2011-05,LABORDEBOY,10.7586206896552,23.8965517241379,71.8,Humid Pampas,Pampa,"c(656131.460055244, -3732347.09708138)"
2011-05,MAGGIOLO,6.78064516129032,19.1935483870968,46.4,Humid Pampas,Pampa,"c(569684.693170756, -3731855.2573059)"
2011-05,MARIA TERESA,7.33225806451613,19.8064516129032,37.2,Humid Pampas,Pampa,"c(601536.8864447, -3763397.79167318)"
2011-05,RUFINO,7.66451612903226,19.8612903225806,14,Humid Pampas,Pampa,"c(526541.040340462, -3791422.73594589)"
2011-05,VENADO TUERTO,7.00322580645161,19.5741935483871,23,Humid Pampas,Pampa,"c(595799.229629505, -3725676.56812775)"
2011-06,CHOVET,3.96,14.1166666666667,18.8,Humid Pampas,Pampa,"c(629460.854591892, -3718765.4546)"
2011-06,LABORDEBOY,7.47666666666667,19.0633333333333,8,Humid Pampas,Pampa,"c(656131.460055244, -3732347.09708138)"
2011-06,MAGGIOLO,3.60333333333333,14.92,18.4,Humid Pampas,Pampa,"c(569684.693170756, -3731855.2573059)"
2011-06,MARIA TERESA,4.54666666666667,15.7366666666667,26,Humid Pampas,Pampa,"c(601536.8864447, -3763397.79167318)"
2011-06,RUFINO,4.21,15.7033333333333,12,Humid Pampas,Pampa,"c(526541.040340462, -3791422.73594589)"
2011-06,VENADO TUERTO,4.29333333333333,15.57,10.8,Humid Pampas,Pampa,"c(595799.229629505, -3725676.56812775)"
2011-07,CHOVET,1.29677419354839,15.0354838709677,16.8,Humid Pampas,Pampa,"c(629460.854591892, -3718765.4546)"
2011-07,LABORDEBOY,3.88709677419355,19.3096774193548,4.8,Humid Pampas,Pampa,"c(656131.460055244, -3732347.09708138)"
2011-07,MAGGIOLO,0.993333333333333,15.8566666666667,5.2,Humid Pampas,Pampa,"c(569684.693170756, -3731855.2573059)"
2011-07,MARIA TERESA,1.40645161290323,16.1935483870968,8.4,Humid Pampas,Pampa,"c(601536.8864447, -3763397.79167318)"
2011-07,RUFINO,1.1258064516129,15.758064516129,3.2,Humid Pampas,Pampa,"c(526541.040340462, -3791422.73594589)"
2011-07,VENADO TUERTO,1.26451612903226,16.6161290322581,0,Humid Pampas,Pampa,"c(595799.229629505, -3725676.56812775)"
2011-08,CHOVET,2.68387096774194,15.0709677419355,8,Humid Pampas,Pampa,"c(629460.854591892, -3718765.4546)"
2011-08,LABORDEBOY,5.2258064516129,19.2322580645161,14.4,Humid Pampas,Pampa,"c(656131.460055244, -3732347.09708138)"
2011-08,MAGGIOLO,2.22258064516129,16.0451612903226,2,Humid Pampas,Pampa,"c(569684.693170756, -3731855.2573059)"
2011-08,MARIA TERESA,2.7,16.1741935483871,6.8,Humid Pampas,Pampa,"c(601536.8864447, -3763397.79167318)"
2011-08,RUFINO,2.73870967741936,16.4032258064516,2.8,Humid Pampas,Pampa,"c(526541.040340462, -3791422.73594589)"
2011-08,VENADO TUERTO,2.42258064516129,16.958064516129,1,Humid Pampas,Pampa,"c(595799.229629505, -3725676.56812775)"
2011-09,CHOVET,6.80666666666667,22.77,17.6,Humid Pampas,Pampa,"c(629460.854591892, -3718765.4546)"
2011-09,LABORDEBOY,9.29,27.2333333333333,12.8,Humid Pampas,Pampa,"c(656131.460055244, -3732347.09708138)"
2011-09,MAGGIOLO,5.22,22.39,6,Humid Pampas,Pampa,"c(569684.693170756, -3731855.2573059)"
2011-09,MARIA TERESA,7.04,24.5,6.8,Humid Pampas,Pampa,"c(601536.8864447, -3763397.79167318)"
2011-09,RUFINO,7.44666666666667,24.69,26.4,Humid Pampas,Pampa,"c(526541.040340462, -3791422.73594589)"
2011-09,VENADO TUERTO,6.82,24.43,5,Humid Pampas,Pampa,"c(595799.229629505, -3725676.56812775)"
2011-10,CHOVET,9.29677419354839,21.4225806451613,113.6,Humid Pampas,Pampa,"c(629460.854591892, -3718765.4546)"
2011-10,LABORDEBOY,11.2870967741935,24.3903225806452,163.2,Humid Pampas,Pampa,"c(656131.460055244, -3732347.09708138)"
2011-10,MAGGIOLO,7.45483870967742,19.8322580645161,140.8,Humid Pampas,Pampa,"c(569684.693170756, -3731855.2573059)"
2011-10,MARIA TERESA,10.0741935483871,22.6935483870968,136.8,Humid Pampas,Pampa,"c(601536.8864447, -3763397.79167318)"
2011-10,RUFINO,10.9129032258065,23.7645161290323,75.6,Humid Pampas,Pampa,"c(526541.040340462, -3791422.73594589)"
2011-10,VENADO TUERTO,9.55483870967742,22.7129032258065,124.6,Humid Pampas,Pampa,"c(595799.229629505, -3725676.56812775)"
2011-11,CHOVET,13.6333333333333,27.6933333333333,68,Humid Pampas,Pampa,"c(629460.854591892, -3718765.4546)"
2011-11,LABORDEBOY,18.1,34.6642857142857,54.8,Humid Pampas,Pampa,"c(656131.460055244, -3732347.09708138)"
2011-11,MAGGIOLO,13.6066666666667,27.4266666666667,108,Humid Pampas,Pampa,"c(569684.693170756, -3731855.2573059)"
2011-11,MARIA TERESA,15.5233333333333,31.5366666666667,70,Humid Pampas,Pampa,"c(601536.8864447, -3763397.79167318)"
2011-11,RUFINO,15.8166666666667,31.36,96.4,Humid Pampas,Pampa,"c(526541.040340462, -3791422.73594589)"
2011-11,VENADO TUERTO,14.21,29.5433333333333,62,Humid Pampas,Pampa,"c(595799.229629505, -3725676.56812775)"
2011-12,CHOVET,14,29.7161290322581,11.2,Humid Pampas,Pampa,"c(629460.854591892, -3718765.4546)"
2011-12,LABORDEBOY,17.9,37.4032258064516,7.6,Humid Pampas,Pampa,"c(656131.460055244, -3732347.09708138)"
2011-12,MAGGIOLO,14.3193548387097,30.2451612903226,18,Humid Pampas,Pampa,"c(569684.693170756, -3731855.2573059)"
2011-12,MARIA TERESA,15.5870967741936,34.9322580645161,7.2,Humid Pampas,Pampa,"c(601536.8864447, -3763397.79167318)"
2011-12,RUFINO,16,33.4064516129032,13.2,Humid Pampas,Pampa,"c(526541.040340462, -3791422.73594589)"
2011-12,VENADO TUERTO,13.8935483870968,31.1677419354839,9.2,Humid Pampas,Pampa,"c(595799.229629505, -3725676.56812775)"
2011-12,VILLA CAÑAS - EEA OLIVEROS,32.6363636363636,13.2136363636364,0.9,Humid Pampas,Pampa,"c(626580.3724696, -3758566.33657167)"
2012-01,CHOVET,16.2193548387097,31.6,94,Humid Pampas,Pampa,"c(629460.854591892, -3718765.4546)"
2012-01,LABORDEBOY,20.7130434782609,37.5173913043478,91.2,Humid Pampas,Pampa,"c(656131.460055244, -3732347.09708138)"
2012-01,MAGGIOLO,16.3935483870968,31.6548387096774,118.8,Humid Pampas,Pampa,"c(569684.693170756, -3731855.2573059)"
2012-01,MARIA TERESA,19.7290322580645,39.0451612903226,107.2,Humid Pampas,Pampa,"c(601536.8864447, -3763397.79167318)"
2012-01,RUFINO,17.6,33.4967741935484,113.2,Humid Pampas,Pampa,"c(526541.040340462, -3791422.73594589)"
2012-01,VENADO TUERTO,16.0774193548387,32.5741935483871,97.7,Humid Pampas,Pampa,"c(595799.229629505, -3725676.56812775)"
2012-01,VILLA CAÑAS - EEA OLIVEROS,33.5258064516129,15.5516129032258,122.29998,Humid Pampas,Pampa,"c(626580.3724696, -3758566.33657167)"
2012-02,CHOVET,16.5620689655172,27.9413793103448,195.2,Humid Pampas,Pampa,"c(629460.854591892, -3718765.4546)"
2012-02,LABORDEBOY,20.9448275862069,34.4827586206897,237.6,Humid Pampas,Pampa,"c(656131.460055244, -3732347.09708138)"
2012-02,MAGGIOLO,16.2689655172414,28.6206896551724,329.6,Humid Pampas,Pampa,"c(569684.693170756, -3731855.2573059)"
2012-02,MARIA TERESA,21.7555555555556,32.05,256,Humid Pampas,Pampa,"c(601536.8864447, -3763397.79167318)"
2012-02,RUFINO,17.3965517241379,29.7068965517241,176,Humid Pampas,Pampa,"c(526541.040340462, -3791422.73594589)"
2012-02,VENADO TUERTO,17.0137931034483,28.8655172413793,221.8,Humid Pampas,Pampa,"c(595799.229629505, -3725676.56812775)"
2012-02,VILLA CAÑAS - EEA OLIVEROS,29.6689655172414,17.2137931034483,220.199963,Humid Pampas,Pampa,"c(626580.3724696, -3758566.33657167)"
2012-03,CHOVET,15.855,27.815,194,Humid Pampas,Pampa,"c(629460.854591892, -3718765.4546)"
2012-03,LABORDEBOY,17.9161290322581,33.8032258064516,146,Humid Pampas,Pampa,"c(656131.460055244, -3732347.09708138)"
2012-03,MAGGIOLO,15.79,26.24,191.6,Humid Pampas,Pampa,"c(569684.693170756, -3731855.2573059)"
2012-03,MARIA TERESA,17.6782608695652,31.1782608695652,233.2,Humid Pampas,Pampa,"c(601536.8864447, -3763397.79167318)"
2012-03,RUFINO,14.8645161290323,28.1161290322581,161.6,Humid Pampas,Pampa,"c(526541.040340462, -3791422.73594589)"
2012-03,VENADO TUERTO,14.0354838709677,27.7161290322581,151,Humid Pampas,Pampa,"c(595799.229629505, -3725676.56812775)"
2012-03,VILLA CAÑAS - EEA OLIVEROS,27.8774193548387,13.7451612903226,158.89997,Humid Pampas,Pampa,"c(626580.3724696, -3758566.33657167)"
2012-04,CHOVET,9.08,18.91,27.6,Humid Pampas,Pampa,"c(629460.854591892, -3718765.4546)"
2012-04,LABORDEBOY,15.2033333333333,29.7166666666667,34.8,Humid Pampas,Pampa,"c(656131.460055244, -3732347.09708138)"
2012-04,MAGGIOLO,15.2142857142857,24.1285714285714,28.8,Humid Pampas,Pampa,"c(569684.693170756, -3731855.2573059)"
2012-04,MARIA TERESA,12.21,25.5,44.4,Humid Pampas,Pampa,"c(601536.8864447, -3763397.79167318)"
2012-04,RUFINO,12.2166666666667,24.74,76.4,Humid Pampas,Pampa,"c(526541.040340462, -3791422.73594589)"
2012-04,VENADO TUERTO,10.8366666666667,23.88,20.2,Humid Pampas,Pampa,"c(595799.229629505, -3725676.56812775)"
2012-04,VILLA CAÑAS - EEA OLIVEROS,24.3733333333333,10.2666666666667,26.3,Humid Pampas,Pampa,"c(626580.3724696, -3758566.33657167)"
2012-05,CHOVET,9.9,20.3741935483871,98.4,Humid Pampas,Pampa,"c(629460.854591892, -3718765.4546)"
2012-05,LABORDEBOY,15.4322580645161,27.4354838709677,68.4,Humid Pampas,Pampa,"c(656131.460055244, -3732347.09708138)"
2012-05,MAGGIOLO,11.675,18.5125,67.6,Humid Pampas,Pampa,"c(569684.693170756, -3731855.2573059)"
2012-05,MARIA TERESA,11.0193548387097,22.5064516129032,67.6,Humid Pampas,Pampa,"c(601536.8864447, -3763397.79167318)"
2012-05,RUFINO,11.8,23.0096774193548,76.8,Humid Pampas,Pampa,"c(526541.040340462, -3791422.73594589)"
2012-05,VENADO TUERTO,10.0258064516129,21.8290322580645,47,Humid Pampas,Pampa,"c(595799.229629505, -3725676.56812775)"
2012-05,VILLA CAÑAS - EEA OLIVEROS,22.2612903225806,9.79032258064516,87.000002,Humid Pampas,Pampa,"c(626580.3724696, -3758566.33657167)"
2012-06,CHOVET,3.43,16.14,5.2,Humid Pampas,Pampa,"c(629460.854591892, -3718765.4546)"
2012-06,LABORDEBOY,7.42333333333333,22.34,9.2,Humid Pampas,Pampa,"c(656131.460055244, -3732347.09708138)"
2012-06,MARIA TERESA,4.44666666666667,18.17,2,Humid Pampas,Pampa,"c(601536.8864447, -3763397.79167318)"
2012-06,RUFINO,3.6,17.5333333333333,3.2,Humid Pampas,Pampa,"c(526541.040340462, -3791422.73594589)"
2012-06,VENADO TUERTO,3.2,17.4566666666667,0.2,Humid Pampas,Pampa,"c(595799.229629505, -3725676.56812775)"
2012-06,VILLA CAÑAS - EEA OLIVEROS,17.8833333333333,2.77333333333333,1.7,Humid Pampas,Pampa,"c(626580.3724696, -3758566.33657167)"
2012-07,CHOVET,0.609677419354839,14.7741935483871,0.8,Humid Pampas,Pampa,"c(629460.854591892, -3718765.4546)"
2012-07,LABORDEBOY,4.14838709677419,20.1870967741936,1.6,Humid Pampas,Pampa,"c(656131.460055244, -3732347.09708138)"
2012-07,MARIA TERESA,1.42631578947368,15.0210526315789,0.4,Humid Pampas,Pampa,"c(601536.8864447, -3763397.79167318)"
2012-07,RUFINO,1.08888888888889,15.9481481481481,0,Humid Pampas,Pampa,"c(526541.040340462, -3791422.73594589)"
2012-07,VENADO TUERTO,-0.138709677419355,16.2129032258065,0,Humid Pampas,Pampa,"c(595799.229629505, -3725676.56812775)"
2012-07,VILLA CAÑAS - EEA OLIVEROS,16.2387096774194,-0.935483870967742,0.3,Humid Pampas,Pampa,"c(626580.3724696, -3758566.33657167)"
2012-08,CHOVET,6.35806451612903,16.9483870967742,77.6,Humid Pampas,Pampa,"c(629460.854591892, -3718765.4546)"
2012-08,LABORDEBOY,11.6208333333333,22.475,102.4,Humid Pampas,Pampa,"c(656131.460055244, -3732347.09708138)"
2012-08,MAGGIOLO,6.49411764705882,13.8058823529412,64,Humid Pampas,Pampa,"c(569684.693170756, -3731855.2573059)"
2012-08,MARIA TERESA,13.125,20.7416666666667,72,Humid Pampas,Pampa,"c(601536.8864447, -3763397.79167318)"
2012-08,RUFINO,6.13870967741936,18.0612903225806,73.6,Humid Pampas,Pampa,"c(526541.040340462, -3791422.73594589)"
2012-08,VENADO TUERTO,6.24516129032258,18.5451612903226,48.3,Humid Pampas,Pampa,"c(595799.229629505, -3725676.56812775)"
2012-08,VILLA CAÑAS - EEA OLIVEROS,18.9193548387097,6.56129032258065,57.6,Humid Pampas,Pampa,"c(626580.3724696, -3758566.33657167)"
2012-09,CHOVET,8.37333333333333,20.0466666666667,98,Humid Pampas,Pampa,"c(629460.854591892, -3718765.4546)"
2012-09,LABORDEBOY,11.9633333333333,25.3366666666667,102,Humid Pampas,Pampa,"c(656131.460055244, -3732347.09708138)"
2012-09,MAGGIOLO,9.93333333333333,18.4166666666667,121.6,Humid Pampas,Pampa,"c(569684.693170756, -3731855.2573059)"
2012-09,MARIA TERESA,9.35925925925926,22.8074074074074,74,Humid Pampas,Pampa,"c(601536.8864447, -3763397.79167318)"
2012-09,RUFINO,9.37333333333333,21.69,58.8,Humid Pampas,Pampa,"c(526541.040340462, -3791422.73594589)"
2012-09,VENADO TUERTO,8.20333333333333,21.5366666666667,92,Humid Pampas,Pampa,"c(595799.229629505, -3725676.56812775)"
2012-09,VILLA CAÑAS - EEA OLIVEROS,21.6714285714286,8.11428571428571,17.100002,Humid Pampas,Pampa,"c(626580.3724696, -3758566.33657167)"
2012-10,CHOVET,11.6774193548387,21.9967741935484,318.8,Humid Pampas,Pampa,"c(629460.854591892, -3718765.4546)"
2012-10,LABORDEBOY,16.0451612903226,27.7290322580645,427.6,Humid Pampas,Pampa,"c(656131.460055244, -3732347.09708138)"
2012-10,MAGGIOLO,12.2086956521739,21.2173913043478,247.2,Humid Pampas,Pampa,"c(569684.693170756, -3731855.2573059)"
2012-10,MARIA TERESA,12.9064516129032,24.341935483871,261.6,Humid Pampas,Pampa,"c(601536.8864447, -3763397.79167318)"
2012-10,RUFINO,12.5709677419355,23.6032258064516,276,Humid Pampas,Pampa,"c(526541.040340462, -3791422.73594589)"
2012-10,VENADO TUERTO,12,23.1290322580645,154.2,Humid Pampas,Pampa,"c(595799.229629505, -3725676.56812775)"
2012-10,VILLA CAÑAS - EEA OLIVEROS,23.8833333333333,11.92,205.299971,Humid Pampas,Pampa,"c(626580.3724696, -3758566.33657167)"
2012-11,CHOVET,14.6866666666667,27.4266666666667,84.8,Humid Pampas,Pampa,"c(629460.854591892, -3718765.4546)"
2012-11,LABORDEBOY,19.61,35.5166666666667,131.2,Humid Pampas,Pampa,"c(656131.460055244, -3732347.09708138)"
2012-11,MAGGIOLO,14.8875,23.85625,126.8,Humid Pampas,Pampa,"c(569684.693170756, -3731855.2573059)"
2012-11,MARIA TERESA,16.7833333333333,31.2533333333333,130.4,Humid Pampas,Pampa,"c(601536.8864447, -3763397.79167318)"
2012-11,RUFINO,16.8766666666667,29.92,207.2,Humid Pampas,Pampa,"c(526541.040340462, -3791422.73594589)"
2012-11,VENADO TUERTO,15.06,28.6866666666667,84.2,Humid Pampas,Pampa,"c(595799.229629505, -3725676.56812775)"
2012-11,VILLA CAÑAS - EEA OLIVEROS,29.3733333333333,15.0533333333333,112.69997,Humid Pampas,Pampa,"c(626580.3724696, -3758566.33657167)"
2012-12,CHOVET,15.7375,25.01875,138,Humid Pampas,Pampa,"c(629460.854591892, -3718765.4546)"
2012-12,LABORDEBOY,21.42,36.725,117.2,Humid Pampas,Pampa,"c(656131.460055244, -3732347.09708138)"
2012-12,MAGGIOLO,15.9,24.7454545454545,96,Humid Pampas,Pampa,"c(569684.693170756, -3731855.2573059)"
2012-12,MARIA TERESA,17.8677419354839,32.6322580645161,168.8,Humid Pampas,Pampa,"c(601536.8864447, -3763397.79167318)"
2012-12,RUFINO,17.1833333333333,30.72,116.8,Humid Pampas,Pampa,"c(526541.040340462, -3791422.73594589)"
2012-12,VENADO TUERTO,16.2677419354839,29.1935483870968,79,Humid Pampas,Pampa,"c(595799.229629505, -3725676.56812775)"
2012-12,VILLA CAÑAS - EEA OLIVEROS,30.1633333333333,16.38,134.8,Humid Pampas,Pampa,"c(626580.3724696, -3758566.33657167)"
2013-01,CHOVET,18.4,26.6428571428571,18.2,Humid Pampas,Pampa,"c(629460.854591892, -3718765.4546)"
2013-01,LABORDEBOY,19.13,35.12,34,Humid Pampas,Pampa,"c(656131.460055244, -3732347.09708138)"
2013-01,MAGGIOLO,17.3857142857143,28.5857142857143,26,Humid Pampas,Pampa,"c(569684.693170756, -3731855.2573059)"
2013-01,MARIA TERESA,18.8129032258065,35.3032258064516,31.2,Humid Pampas,Pampa,"c(601536.8864447, -3763397.79167318)"
2013-01,RUFINO,18.2709677419355,32.9645161290323,4.8,Humid Pampas,Pampa,"c(526541.040340462, -3791422.73594589)"
2013-01,VENADO TUERTO,15.9548387096774,29.9709677419355,13.5,Humid Pampas,Pampa,"c(595799.229629505, -3725676.56812775)"
2013-01,VILLA CAÑAS - EEA OLIVEROS,31.0161290322581,15.6032258064516,10.5,Humid Pampas,Pampa,"c(626580.3724696, -3758566.33657167)"
2013-02,CHOVET,15.4115384615385,27.2807692307692,93.6,Humid Pampas,Pampa,"c(629460.854591892, -3718765.4546)"
2013-02,LABORDEBOY,19.05,35.3785714285714,150.4,Humid Pampas,Pampa,"c(656131.460055244, -3732347.09708138)"
2013-02,MAGGIOLO,16.3444444444444,25.9388888888889,79.2,Humid Pampas,Pampa,"c(569684.693170756, -3731855.2573059)"
2013-02,MARIA TERESA,18.9178571428571,35.4428571428571,62,Humid Pampas,Pampa,"c(601536.8864447, -3763397.79167318)"
2013-02,RUFINO,17.1964285714286,32.0857142857143,16,Humid Pampas,Pampa,"c(526541.040340462, -3791422.73594589)"
2013-02,VENADO TUERTO,15.4821428571429,28.575,63.2,Humid Pampas,Pampa,"c(595799.229629505, -3725676.56812775)"
2013-02,VILLA CAÑAS - EEA OLIVEROS,29.8,15.1035714285714,56.75,Humid Pampas,Pampa,"c(626580.3724696, -3758566.33657167)"
2013-03,CHOVET,11.841935483871,24.7677419354839,38,Humid Pampas,Pampa,"c(629460.854591892, -3718765.4546)"
2013-03,LABORDEBOY,16.9967741935484,32.3548387096774,48,Humid Pampas,Pampa,"c(656131.460055244, -3732347.09708138)"
2013-03,MAGGIOLO,12.8578947368421,22.9315789473684,52.8,Humid Pampas,Pampa,"c(569684.693170756, -3731855.2573059)"
2013-03,MARIA TERESA,14.1677419354839,28.3,102.4,Humid Pampas,Pampa,"c(601536.8864447, -3763397.79167318)"
2013-03,RUFINO,13.8064516129032,27.6806451612903,109.2,Humid Pampas,Pampa,"c(526541.040340462, -3791422.73594589)"
2013-03,VENADO TUERTO,12.1096774193548,25.2129032258065,65.6,Humid Pampas,Pampa,"c(595799.229629505, -3725676.56812775)"
2013-03,VILLA CAÑAS - EEA OLIVEROS,26.0161290322581,11.4709677419355,116.25,Humid Pampas,Pampa,"c(626580.3724696, -3758566.33657167)"
2013-04,CHOVET,10.5933333333333,23.99,70.4,Humid Pampas,Pampa,"c(629460.854591892, -3718765.4546)"
2013-04,LABORDEBOY,15,31.2533333333333,86.4,Humid Pampas,Pampa,"c(656131.460055244, -3732347.09708138)"
2013-04,MAGGIOLO,12.0777777777778,18.6333333333333,86.8,Humid Pampas,Pampa,"c(569684.693170756, -3731855.2573059)"
2013-04,MARIA TERESA,12.4533333333333,26.1266666666667,101.6,Humid Pampas,Pampa,"c(601536.8864447, -3763397.79167318)"
2013-04,RUFINO,13.9366666666667,27.8766666666667,61.6,Humid Pampas,Pampa,"c(526541.040340462, -3791422.73594589)"
2013-04,VENADO TUERTO,10.88,25,37,Humid Pampas,Pampa,"c(595799.229629505, -3725676.56812775)"
2013-04,VILLA CAÑAS - EEA OLIVEROS,25.5,10.19,42.75,Humid Pampas,Pampa,"c(626580.3724696, -3758566.33657167)"
2013-05,CHOVET,7,18.8387096774194,81.6,Humid Pampas,Pampa,"c(629460.854591892, -3718765.4546)"
2013-05,LABORDEBOY,10.9935483870968,24.8870967741936,62.4,Humid Pampas,Pampa,"c(656131.460055244, -3732347.09708138)"
2013-05,MAGGIOLO,5.9375,12.075,50,Humid Pampas,Pampa,"c(569684.693170756, -3731855.2573059)"
2013-05,MARIA TERESA,8.24193548387097,21.7677419354839,68,Humid Pampas,Pampa,"c(601536.8864447, -3763397.79167318)"
2013-05,RUFINO,8.98709677419355,22.0870967741935,47.2,Humid Pampas,Pampa,"c(526541.040340462, -3791422.73594589)"
2013-05,VENADO TUERTO,6.72903225806452,20.0322580645161,51.7,Humid Pampas,Pampa,"c(595799.229629505, -3725676.56812775)"
2013-05,VILLA CAÑAS - EEA OLIVEROS,20.2838709677419,6.40967741935484,46.75,Humid Pampas,Pampa,"c(626580.3724696, -3758566.33657167)"
2013-06,CHOVET,4.3,16.6533333333333,25.6,Humid Pampas,Pampa,"c(629460.854591892, -3718765.4546)"
2013-06,LABORDEBOY,8.06333333333333,22.4366666666667,24.8,Humid Pampas,Pampa,"c(656131.460055244, -3732347.09708138)"
2013-06,MAGGIOLO,6.375,18.625,32,Humid Pampas,Pampa,"c(569684.693170756, -3731855.2573059)"
2013-06,MARIA TERESA,6.10666666666667,20.32,28.8,Humid Pampas,Pampa,"c(601536.8864447, -3763397.79167318)"
2013-06,RUFINO,5.00666666666667,19.43,3.2,Humid Pampas,Pampa,"c(526541.040340462, -3791422.73594589)"
2013-06,VENADO TUERTO,3.79666666666667,18.1633333333333,12.6,Humid Pampas,Pampa,"c(595799.229629505, -3725676.56812775)"
2013-06,VILLA CAÑAS - EEA OLIVEROS,18.2066666666667,3.18,13.5,Humid Pampas,Pampa,"c(626580.3724696, -3758566.33657167)"
2013-07,CHOVET,4.36129032258065,15.4870967741935,20.4,Humid Pampas,Pampa,"c(629460.854591892, -3718765.4546)"
2013-07,LABORDEBOY,8.34193548387097,21.9032258064516,25.6,Humid Pampas,Pampa,"c(656131.460055244, -3732347.09708138)"
2013-07,MAGGIOLO,5.7,10.85,16,Humid Pampas,Pampa,"c(569684.693170756, -3731855.2573059)"
2013-07,MARIA TERESA,5.63,17.39,22,Humid Pampas,Pampa,"c(601536.8864447, -3763397.79167318)"
2013-07,RUFINO,4.44193548387097,17.0483870967742,14,Humid Pampas,Pampa,"c(526541.040340462, -3791422.73594589)"
2013-07,VENADO TUERTO,3.78709677419355,16.2838709677419,15,Humid Pampas,Pampa,"c(595799.229629505, -3725676.56812775)"
2013-07,VILLA CAÑAS - EEA OLIVEROS,16.6,4.10645161290323,29.25,Humid Pampas,Pampa,"c(626580.3724696, -3758566.33657167)"
2013-08,CHOVET,2.14516129032258,17.7612903225806,1.2,Humid Pampas,Pampa,"c(629460.854591892, -3718765.4546)"
2013-08,LABORDEBOY,6.06774193548387,24.0935483870968,1.6,Humid Pampas,Pampa,"c(656131.460055244, -3732347.09708138)"
2013-08,MARIA TERESA,3.80666666666667,19.8133333333333,1.2,Humid Pampas,Pampa,"c(601536.8864447, -3763397.79167318)"
2013-08,RUFINO,3.16774193548387,20.4354838709677,0,Humid Pampas,Pampa,"c(526541.040340462, -3791422.73594589)"
2013-08,VENADO TUERTO,1.90322580645161,18.9,2,Humid Pampas,Pampa,"c(595799.229629505, -3725676.56812775)"
2013-08,VILLA CAÑAS - EEA OLIVEROS,19.3161290322581,1.38387096774194,0.5,Humid Pampas,Pampa,"c(626580.3724696, -3758566.33657167)"
2013-09,CHOVET,6.09,19.7333333333333,17.2,Humid Pampas,Pampa,"c(629460.854591892, -3718765.4546)"
2013-09,LABORDEBOY,10.2433333333333,25.45,26.4,Humid Pampas,Pampa,"c(656131.460055244, -3732347.09708138)"
2013-09,MAGGIOLO,6.475,17.95,10,Humid Pampas,Pampa,"c(569684.693170756, -3731855.2573059)"
2013-09,MARIA TERESA,7.61428571428571,20.9607142857143,20,Humid Pampas,Pampa,"c(601536.8864447, -3763397.79167318)"
2013-09,RUFINO,8.37619047619048,22.2238095238095,22.8,Humid Pampas,Pampa,"c(526541.040340462, -3791422.73594589)"
2013-09,VENADO TUERTO,5.89333333333333,20.7833333333333,14,Humid Pampas,Pampa,"c(595799.229629505, -3725676.56812775)"
2013-09,VILLA CAÑAS - EEA OLIVEROS,21.2633333333333,6.49,15.25,Humid Pampas,Pampa,"c(626580.3724696, -3758566.33657167)"
2013-10,CHOVET,11.1129032258065,25.3677419354839,32.8,Humid Pampas,Pampa,"c(629460.854591892, -3718765.4546)"
2013-10,LABORDEBOY,15.1258064516129,31.5483870967742,36,Humid Pampas,Pampa,"c(656131.460055244, -3732347.09708138)"
2013-10,MAGGIOLO,11.7387096774194,26.4387096774194,46,Humid Pampas,Pampa,"c(569684.693170756, -3731855.2573059)"
2013-10,MARIA TERESA,12.6233333333333,27.6233333333333,54.4,Humid Pampas,Pampa,"c(601536.8864447, -3763397.79167318)"
2013-10,RUFINO,12.9935483870968,28.0064516129032,62.4,Humid Pampas,Pampa,"c(526541.040340462, -3791422.73594589)"
2013-10,VENADO TUERTO,11.1612903225806,26.1225806451613,101.4,Humid Pampas,Pampa,"c(595799.229629505, -3725676.56812775)"
2013-10,VILLA CAÑAS - EEA OLIVEROS,26.4193548387097,11.0290322580645,19,Humid Pampas,Pampa,"c(626580.3724696, -3758566.33657167)"
2013-11,CHOVET,14.01,27.0166666666667,196.4,Humid Pampas,Pampa,"c(629460.854591892, -3718765.4546)"
2013-11,LABORDEBOY,17.7481481481481,32.2518518518519,231.6,Humid Pampas,Pampa,"c(656131.460055244, -3732347.09708138)"
2013-11,MAGGIOLO,14.0566666666667,28.45,202.8,Humid Pampas,Pampa,"c(569684.693170756, -3731855.2573059)"
2013-11,MARIA TERESA,15.1833333333333,29.8541666666667,170,Humid Pampas,Pampa,"c(601536.8864447, -3763397.79167318)"
2013-11,RUFINO,14.9185185185185,29.1666666666667,143.2,Humid Pampas,Pampa,"c(526541.040340462, -3791422.73594589)"
2013-11,VENADO TUERTO,13.7933333333333,28.0433333333333,93.7,Humid Pampas,Pampa,"c(595799.229629505, -3725676.56812775)"
2013-11,VILLA CAÑAS - EEA OLIVEROS,28.5366666666667,13.57,49,Humid Pampas,Pampa,"c(626580.3724696, -3758566.33657167)"
2013-12,CHOVET,18.1612903225806,32.3451612903226,48.4,Humid Pampas,Pampa,"c(629460.854591892, -3718765.4546)"
2013-12,LABORDEBOY,22.5785714285714,38.6678571428571,86.8,Humid Pampas,Pampa,"c(656131.460055244, -3732347.09708138)"
2013-12,MAGGIOLO,18.7827586206897,33,59.6,Humid Pampas,Pampa,"c(569684.693170756, -3731855.2573059)"
2013-12,MARIA TERESA,20.4966666666667,36.21,72.8,Humid Pampas,Pampa,"c(601536.8864447, -3763397.79167318)"
2013-12,RUFINO,19.6884615384615,34.5153846153846,93.8,Humid Pampas,Pampa,"c(526541.040340462, -3791422.73594589)"
2013-12,VENADO TUERTO,17.5354838709677,32.8741935483871,31.8,Humid Pampas,Pampa,"c(595799.229629505, -3725676.56812775)"
2013-12,VILLA CAÑAS - EEA OLIVEROS,33.6741935483871,17.3903225806452,69.5,Humid Pampas,Pampa,"c(626580.3724696, -3758566.33657167)"
2014-01,CHOVET,17.1903225806452,29.9290322580645,188,Humid Pampas,Pampa,"c(629460.854591892, -3718765.4546)"
2014-01,LABORDEBOY,21.3322580645161,36.9322580645161,230.4,Humid Pampas,Pampa,"c(656131.460055244, -3732347.09708138)"
2014-01,MAGGIOLO,17.758064516129,31.5354838709677,142.4,Humid Pampas,Pampa,"c(569684.693170756, -3731855.2573059)"
2014-01,MARIA TERESA,20.1225806451613,36.3064516129032,188.8,Humid Pampas,Pampa,"c(601536.8864447, -3763397.79167318)"
2014-01,RUFINO,17.7967741935484,32.5806451612903,213.6,Humid Pampas,Pampa,"c(526541.040340462, -3791422.73594589)"
2014-01,VENADO TUERTO,16.2612903225806,30.6225806451613,161,Humid Pampas,Pampa,"c(595799.229629505, -3725676.56812775)"
2014-01,VILLA CAÑAS - EEA OLIVEROS,31.4516129032258,16.7548387096774,141.75,Humid Pampas,Pampa,"c(626580.3724696, -3758566.33657167)"
2014-02,CHOVET,16.4571428571429,25.2357142857143,445.6,Humid Pampas,Pampa,"c(629460.854591892, -3718765.4546)"
2014-02,LABORDEBOY,21.7681818181818,31.5454545454546,439.6,Humid Pampas,Pampa,"c(656131.460055244, -3732347.09708138)"
2014-02,MAGGIOLO,17.1678571428571,27.2357142857143,405.2,Humid Pampas,Pampa,"c(569684.693170756, -3731855.2573059)"
2014-02,MARIA TERESA,19.9592592592593,32.062962962963,238,Humid Pampas,Pampa,"c(601536.8864447, -3763397.79167318)"
2014-02,RUFINO,17.1142857142857,27.225,201.6,Humid Pampas,Pampa,"c(526541.040340462, -3791422.73594589)"
2014-02,VENADO TUERTO,15.9607142857143,25.875,287,Humid Pampas,Pampa,"c(595799.229629505, -3725676.56812775)"
2014-02,VILLA CAÑAS - EEA OLIVEROS,27.1035714285714,16.725,141.25,Humid Pampas,Pampa,"c(626580.3724696, -3758566.33657167)"
2014-03,CHOVET,12.4161290322581,24.3645161290323,82.4,Humid Pampas,Pampa,"c(629460.854591892, -3718765.4546)"
2014-03,LABORDEBOY,16.564,28.804,177.2,Humid Pampas,Pampa,"c(656131.460055244, -3732347.09708138)"
2014-03,MAGGIOLO,13.2225806451613,25.9193548387097,127.8,Humid Pampas,Pampa,"c(569684.693170756, -3731855.2573059)"
2014-03,MARIA TERESA,15.0129032258065,29.0838709677419,83.6,Humid Pampas,Pampa,"c(601536.8864447, -3763397.79167318)"
2014-03,RUFINO,14.7290322580645,27.8225806451613,96.8,Humid Pampas,Pampa,"c(526541.040340462, -3791422.73594589)"
2014-03,VENADO TUERTO,12.4935483870968,25.2451612903226,118,Humid Pampas,Pampa,"c(595799.229629505, -3725676.56812775)"
2014-03,VILLA CAÑAS - EEA OLIVEROS,25.8709677419355,11.9645161290323,130.5,Humid Pampas,Pampa,"c(626580.3724696, -3758566.33657167)"
2014-04,CHOVET,10.7833333333333,21.9866666666667,148.4,Humid Pampas,Pampa,"c(629460.854591892, -3718765.4546)"
2014-04,LABORDEBOY,16.575,30.0142857142857,112.8,Humid Pampas,Pampa,"c(656131.460055244, -3732347.09708138)"
2014-04,MAGGIOLO,11.5966666666667,23.2266666666667,172,Humid Pampas,Pampa,"c(569684.693170756, -3731855.2573059)"
2014-04,MARIA TERESA,16.2285714285714,27.2285714285714,186,Humid Pampas,Pampa,"c(601536.8864447, -3763397.79167318)"
2014-04,RUFINO,12.8766666666667,24.7233333333333,198,Humid Pampas,Pampa,"c(526541.040340462, -3791422.73594589)"
2014-04,VENADO TUERTO,11.2733333333333,22.99,132.2,Humid Pampas,Pampa,"c(595799.229629505, -3725676.56812775)"
2014-04,VILLA CAÑAS - EEA OLIVEROS,23.3766666666667,11.0933333333333,118.25,Humid Pampas,Pampa,"c(626580.3724696, -3758566.33657167)"
2014-05,CHOVET,8.77741935483871,17.4161290322581,93.2,Humid Pampas,Pampa,"c(629460.854591892, -3718765.4546)"
2014-05,LABORDEBOY,14.0862068965517,23.9172413793103,135.6,Humid Pampas,Pampa,"c(656131.460055244, -3732347.09708138)"
2014-05,MAGGIOLO,9.8448275862069,18.8034482758621,95.6,Humid Pampas,Pampa,"c(569684.693170756, -3731855.2573059)"
2014-05,MARIA TERESA,10.2064516129032,19.6193548387097,114.4,Humid Pampas,Pampa,"c(601536.8864447, -3763397.79167318)"
2014-05,RUFINO,10.6967741935484,20.1032258064516,95.6,Humid Pampas,Pampa,"c(526541.040340462, -3791422.73594589)"
2014-05,VENADO TUERTO,9.33870967741935,18.3258064516129,60.6,Humid Pampas,Pampa,"c(595799.229629505, -3725676.56812775)"
2014-05,VILLA CAÑAS - EEA OLIVEROS,18.7612903225806,8.94838709677419,99,Humid Pampas,Pampa,"c(626580.3724696, -3758566.33657167)"
2014-06,CHOVET,5.12666666666667,16.2433333333333,25.6,Humid Pampas,Pampa,"c(629460.854591892, -3718765.4546)"
2014-06,LABORDEBOY,9.21071428571429,22.3857142857143,35.2,Humid Pampas,Pampa,"c(656131.460055244, -3732347.09708138)"
2014-06,MAGGIOLO,5.7,15.1636363636364,34,Humid Pampas,Pampa,"c(569684.693170756, -3731855.2573059)"
2014-06,MARIA TERESA,5.90666666666667,18.9833333333333,16.8,Humid Pampas,Pampa,"c(601536.8864447, -3763397.79167318)"
2014-06,RUFINO,5.28,17.48,4.4,Humid Pampas,Pampa,"c(526541.040340462, -3791422.73594589)"
2014-06,VENADO TUERTO,4.11,17.2233333333333,22,Humid Pampas,Pampa,"c(595799.229629505, -3725676.56812775)"
2014-06,VILLA CAÑAS - EEA OLIVEROS,17.7066666666667,4.06666666666667,21.25,Humid Pampas,Pampa,"c(626580.3724696, -3758566.33657167)"
2014-07,CHOVET,4.80967741935484,16.2903225806452,13.6,Humid Pampas,Pampa,"c(629460.854591892, -3718765.4546)"
2014-07,LABORDEBOY,9.94838709677419,23.2870967741936,18.8,Humid Pampas,Pampa,"c(656131.460055244, -3732347.09708138)"
2014-07,MAGGIOLO,5.71578947368421,17.2947368421053,4.4,Humid Pampas,Pampa,"c(569684.693170756, -3731855.2573059)"
2014-07,MARIA TERESA,5.54193548387097,17.6612903225806,11.6,Humid Pampas,Pampa,"c(601536.8864447, -3763397.79167318)"
2014-07,RUFINO,5.62758620689655,17.4620689655172,7.6,Humid Pampas,Pampa,"c(526541.040340462, -3791422.73594589)"
2014-07,VENADO TUERTO,4.93870967741936,17.7483870967742,0,Humid Pampas,Pampa,"c(595799.229629505, -3725676.56812775)"
2014-07,VILLA CAÑAS - EEA OLIVEROS,17.641935483871,4.48387096774194,8.5,Humid Pampas,Pampa,"c(626580.3724696, -3758566.33657167)"
2014-08,CHOVET,14.1,16,0.4,Humid Pampas,Pampa,"c(629460.854591892, -3718765.4546)"
2014-08,LABORDEBOY,10.8,25.637037037037,2.4,Humid Pampas,Pampa,"c(656131.460055244, -3732347.09708138)"
2014-08,MAGGIOLO,5.43809523809524,20.8809523809524,0.4,Humid Pampas,Pampa,"c(569684.693170756, -3731855.2573059)"
2014-08,MARIA TERESA,7.25161290322581,22.1387096774194,4,Humid Pampas,Pampa,"c(601536.8864447, -3763397.79167318)"
2014-08,RUFINO,7.70322580645161,22.058064516129,2,Humid Pampas,Pampa,"c(526541.040340462, -3791422.73594589)"
2014-08,VENADO TUERTO,6.34193548387097,21.0870967741936,0.6,Humid Pampas,Pampa,"c(595799.229629505, -3725676.56812775)"
2014-08,VILLA CAÑAS - EEA OLIVEROS,21.6,5.66129032258065,0.75,Humid Pampas,Pampa,"c(626580.3724696, -3758566.33657167)"
2014-09,CHOVET,8.29333333333333,20.99,79.2,Humid Pampas,Pampa,"c(629460.854591892, -3718765.4546)"
2014-09,LABORDEBOY,12.0466666666667,26.5066666666667,47.6,Humid Pampas,Pampa,"c(656131.460055244, -3732347.09708138)"
2014-09,MAGGIOLO,9.3,22.9966666666667,67.6,Humid Pampas,Pampa,"c(569684.693170756, -3731855.2573059)"
2014-09,MARIA TERESA,11.025,21.50625,58,Humid Pampas,Pampa,"c(601536.8864447, -3763397.79167318)"
2014-09,RUFINO,9.28333333333333,21.2041666666667,71.8,Humid Pampas,Pampa,"c(526541.040340462, -3791422.73594589)"
2014-09,VENADO TUERTO,8.91,21.9233333333333,59,Humid Pampas,Pampa,"c(595799.229629505, -3725676.56812775)"
2014-09,VILLA CAÑAS - EEA OLIVEROS,22.49,8.16666666666667,73.25,Humid Pampas,Pampa,"c(626580.3724696, -3758566.33657167)"
2014-10,CHOVET,12.7903225806452,26.0290322580645,62,Humid Pampas,Pampa,"c(629460.854591892, -3718765.4546)"
2014-10,LABORDEBOY,17.1,32.5451612903226,69.2,Humid Pampas,Pampa,"c(656131.460055244, -3732347.09708138)"
2014-10,MAGGIOLO,13.4903225806452,27.0677419354839,80.4,Humid Pampas,Pampa,"c(569684.693170756, -3731855.2573059)"
2014-10,MARIA TERESA,16.7857142857143,25.5428571428571,73.6,Humid Pampas,Pampa,"c(601536.8864447, -3763397.79167318)"
2014-10,RUFINO,13.8952380952381,25.1047619047619,119.4,Humid Pampas,Pampa,"c(526541.040340462, -3791422.73594589)"
2014-10,VENADO TUERTO,12.7774193548387,26.4354838709677,44.8,Humid Pampas,Pampa,"c(595799.229629505, -3725676.56812775)"
2014-10,VILLA CAÑAS - EEA OLIVEROS,27.1935483870968,12.6451612903226,60.5,Humid Pampas,Pampa,"c(626580.3724696, -3758566.33657167)"
2014-11,CHOVET,13.22,27.0833333333333,179.2,Humid Pampas,Pampa,"c(629460.854591892, -3718765.4546)"
2014-11,LABORDEBOY,17.98,34.7766666666667,156,Humid Pampas,Pampa,"c(656131.460055244, -3732347.09708138)"
2014-11,MAGGIOLO,14.1566666666667,28.3866666666667,155.6,Humid Pampas,Pampa,"c(569684.693170756, -3731855.2573059)"
2014-11,MARIA TERESA,14.0625,25.46875,206,Humid Pampas,Pampa,"c(601536.8864447, -3763397.79167318)"
2014-11,RUFINO,15.25,28.325,70,Humid Pampas,Pampa,"c(526541.040340462, -3791422.73594589)"
2014-11,VENADO TUERTO,13.1833333333333,27.45,127,Humid Pampas,Pampa,"c(595799.229629505, -3725676.56812775)"
2014-11,VILLA CAÑAS - EEA OLIVEROS,28.22,13.1533333333333,172.5,Humid Pampas,Pampa,"c(626580.3724696, -3758566.33657167)"
2014-12,CHOVET,15.2806451612903,28.358064516129,96.4,Humid Pampas,Pampa,"c(629460.854591892, -3718765.4546)"
2014-12,LABORDEBOY,20.5772727272727,34.4772727272727,94,Humid Pampas,Pampa,"c(656131.460055244, -3732347.09708138)"
2014-12,MAGGIOLO,15.9,30.2709677419355,109.6,Humid Pampas,Pampa,"c(569684.693170756, -3731855.2573059)"
2014-12,MARIA TERESA,17.2172413793103,32.3310344827586,137.2,Humid Pampas,Pampa,"c(601536.8864447, -3763397.79167318)"
2014-12,RUFINO,17.8870967741936,32.9612903225807,220,Humid Pampas,Pampa,"c(526541.040340462, -3791422.73594589)"
2014-12,VENADO TUERTO,15.0161290322581,29.0290322580645,52.4,Humid Pampas,Pampa,"c(595799.229629505, -3725676.56812775)"
2014-12,VILLA CAÑAS - EEA OLIVEROS,29.6677419354839,15.341935483871,97.25,Humid Pampas,Pampa,"c(626580.3724696, -3758566.33657167)"
2015-01,CHOVET,17.1064516129032,28.2935483870968,208.8,Humid Pampas,Pampa,"c(629460.854591892, -3718765.4546)"
2015-01,LABORDEBOY,22.2863636363636,34.1727272727273,204.4,Humid Pampas,Pampa,"c(656131.460055244, -3732347.09708138)"
2015-01,MAGGIOLO,18.1964285714286,29.9928571428571,112,Humid Pampas,Pampa,"c(569684.693170756, -3731855.2573059)"
2015-01,MARIA TERESA,19.1516129032258,33.0935483870968,181.6,Humid Pampas,Pampa,"c(601536.8864447, -3763397.79167318)"
2015-01,RUFINO,19.6516129032258,32.2516129032258,151.2,Humid Pampas,Pampa,"c(526541.040340462, -3791422.73594589)"
2015-01,VENADO TUERTO,17.0967741935484,28.9322580645161,66,Humid Pampas,Pampa,"c(595799.229629505, -3725676.56812775)"
2015-01,VILLA CAÑAS - EEA OLIVEROS,29.6741935483871,17.1612903225806,132,Humid Pampas,Pampa,"c(626580.3724696, -3758566.33657167)"
2015-02,CHOVET,12.7428571428571,27.7392857142857,96.4,Humid Pampas,Pampa,"c(629460.854591892, -3718765.4546)"
2015-02,LABORDEBOY,21.7380952380952,34.6619047619048,76.4,Humid Pampas,Pampa,"c(656131.460055244, -3732347.09708138)"
2015-02,MAGGIOLO,17.7464285714286,29.35,106.8,Humid Pampas,Pampa,"c(569684.693170756, -3731855.2573059)"
2015-02,MARIA TERESA,17.8785714285714,30.7071428571429,158,Humid Pampas,Pampa,"c(601536.8864447, -3763397.79167318)"
2015-02,RUFINO,19.35,31.0535714285714,64.4,Humid Pampas,Pampa,"c(526541.040340462, -3791422.73594589)"
2015-02,VENADO TUERTO,16.0071428571429,27.675,178,Humid Pampas,Pampa,"c(595799.229629505, -3725676.56812775)"
2015-02,VILLA CAÑAS - EEA OLIVEROS,29.125,16.2392857142857,121.5,Humid Pampas,Pampa,"c(626580.3724696, -3758566.33657167)"
2015-03,CHOVET,10.5258064516129,26.0806451612903,145.6,Humid Pampas,Pampa,"c(629460.854591892, -3718765.4546)"
2015-03,LABORDEBOY,20.6838709677419,35.3806451612903,228.4,Humid Pampas,Pampa,"c(656131.460055244, -3732347.09708138)"
2015-03,MAGGIOLO,17.2483870967742,29.6387096774194,228.4,Humid Pampas,Pampa,"c(569684.693170756, -3731855.2573059)"
2015-03,MARIA TERESA,17.4925925925926,30.0888888888889,206,Humid Pampas,Pampa,"c(601536.8864447, -3763397.79167318)"
2015-03,RUFINO,18.858064516129,31.7032258064516,112,Humid Pampas,Pampa,"c(526541.040340462, -3791422.73594589)"
2015-03,VENADO TUERTO,15.4290322580645,28.0225806451613,128,Humid Pampas,Pampa,"c(595799.229629505, -3725676.56812775)"
2015-03,VILLA CAÑAS - EEA OLIVEROS,28.8193548387097,15.2161290322581,101,Humid Pampas,Pampa,"c(626580.3724696, -3758566.33657167)"
2015-04,CHOVET,12.9466666666667,26.1766666666667,54,Humid Pampas,Pampa,"c(629460.854591892, -3718765.4546)"
2015-04,LABORDEBOY,18.12,33.1766666666667,99.2,Humid Pampas,Pampa,"c(656131.460055244, -3732347.09708138)"
2015-04,MAGGIOLO,15.0178571428571,28.1035714285714,176.8,Humid Pampas,Pampa,"c(569684.693170756, -3731855.2573059)"
2015-04,MARIA TERESA,14.3230769230769,29.1423076923077,163.2,Humid Pampas,Pampa,"c(601536.8864447, -3763397.79167318)"
2015-04,RUFINO,16.1766666666667,29.6133333333333,134,Humid Pampas,Pampa,"c(526541.040340462, -3791422.73594589)"
2015-04,VENADO TUERTO,13.16,27.04,74.3,Humid Pampas,Pampa,"c(595799.229629505, -3725676.56812775)"
2015-04,VILLA CAÑAS - EEA OLIVEROS,27.5933333333333,12.69,119.5,Humid Pampas,Pampa,"c(626580.3724696, -3758566.33657167)"
2015-05,CHOVET,11.075,20.1125,146.4,Humid Pampas,Pampa,"c(629460.854591892, -3718765.4546)"
2015-05,LABORDEBOY,15.0677419354839,26.4645161290323,99.2,Humid Pampas,Pampa,"c(656131.460055244, -3732347.09708138)"
2015-05,MAGGIOLO,10.3941176470588,21.5176470588235,120.8,Humid Pampas,Pampa,"c(569684.693170756, -3731855.2573059)"
2015-05,MARIA TERESA,12.4387096774194,22.1774193548387,161.2,Humid Pampas,Pampa,"c(601536.8864447, -3763397.79167318)"
2015-05,RUFINO,13.5516129032258,23.6387096774194,94.4,Humid Pampas,Pampa,"c(526541.040340462, -3791422.73594589)"
2015-05,VENADO TUERTO,10.7096774193548,20.841935483871,98,Humid Pampas,Pampa,"c(595799.229629505, -3725676.56812775)"
2015-05,VILLA CAÑAS - EEA OLIVEROS,21.2548387096774,10.3354838709677,28.25,Humid Pampas,Pampa,"c(626580.3724696, -3758566.33657167)"
2015-06,CHOVET,5.98666666666667,17.62,24.4,Humid Pampas,Pampa,"c(629460.854591892, -3718765.4546)"
2015-06,LABORDEBOY,10.75,24.5266666666667,40,Humid Pampas,Pampa,"c(656131.460055244, -3732347.09708138)"
2015-06,MAGGIOLO,,,4.8,Humid Pampas,Pampa,"c(569684.693170756, -3731855.2573059)"
2015-06,MARIA TERESA,7.14,19.4733333333333,5.2,Humid Pampas,Pampa,"c(601536.8864447, -3763397.79167318)"
2015-06,RUFINO,7.18275862068966,19.3931034482759,18.4,Humid Pampas,Pampa,"c(526541.040340462, -3791422.73594589)"
2015-06,VENADO TUERTO,6.32666666666667,18.71,2.4,Humid Pampas,Pampa,"c(595799.229629505, -3725676.56812775)"
2015-06,VILLA CAÑAS - EEA OLIVEROS,18.5966666666667,5.16,3.25,Humid Pampas,Pampa,"c(626580.3724696, -3758566.33657167)"
2015-07,CHOVET,4.60322580645161,16.1387096774194,47.2,Humid Pampas,Pampa,"c(629460.854591892, -3718765.4546)"
2015-07,LABORDEBOY,9.15806451612903,22.458064516129,45.6,Humid Pampas,Pampa,"c(656131.460055244, -3732347.09708138)"
2015-07,MAGGIOLO,5.00714285714286,17.9857142857143,77.2,Humid Pampas,Pampa,"c(569684.693170756, -3731855.2573059)"
2015-07,MARIA TERESA,5.63225806451613,18.4741935483871,94.4,Humid Pampas,Pampa,"c(601536.8864447, -3763397.79167318)"
2015-07,RUFINO,6.39444444444445,19.1111111111111,17.6,Humid Pampas,Pampa,"c(526541.040340462, -3791422.73594589)"
2015-07,VENADO TUERTO,4.87741935483871,17.2870967741935,65,Humid Pampas,Pampa,"c(595799.229629505, -3725676.56812775)"
2015-07,VILLA CAÑAS - EEA OLIVEROS,17.4129032258065,3.91290322580645,6.75,Humid Pampas,Pampa,"c(626580.3724696, -3758566.33657167)"
2015-08,CHOVET,8.07857142857143,14.6571428571429,144,Humid Pampas,Pampa,"c(629460.854591892, -3718765.4546)"
2015-08,LABORDEBOY,12.4709677419355,22.7483870967742,160,Humid Pampas,Pampa,"c(656131.460055244, -3732347.09708138)"
2015-08,MAGGIOLO,7.56129032258065,17.7258064516129,88,Humid Pampas,Pampa,"c(569684.693170756, -3731855.2573059)"
2015-08,MARIA TERESA,9.48387096774194,19.1290322580645,144.4,Humid Pampas,Pampa,"c(601536.8864447, -3763397.79167318)"
2015-08,RUFINO,8.33548387096774,19.5096774193548,28.8,Humid Pampas,Pampa,"c(526541.040340462, -3791422.73594589)"
2015-08,VENADO TUERTO,8.50322580645161,18.5516129032258,101.2,Humid Pampas,Pampa,"c(595799.229629505, -3725676.56812775)"
2015-08,VILLA CAÑAS - EEA OLIVEROS,18.7064516129032,8.24838709677419,21.5,Humid Pampas,Pampa,"c(626580.3724696, -3758566.33657167)"
2015-09,CHOVET,7.8375,12.925,58.4,Humid Pampas,Pampa,"c(629460.854591892, -3718765.4546)"
2015-09,LABORDEBOY,11.55,24.2633333333333,55.2,Humid Pampas,Pampa,"c(656131.460055244, -3732347.09708138)"
2015-09,MAGGIOLO,7.10333333333333,19.1666666666667,46,Humid Pampas,Pampa,"c(569684.693170756, -3731855.2573059)"
2015-09,MARIA TERESA,8.21333333333333,20.16,43.2,Humid Pampas,Pampa,"c(601536.8864447, -3763397.79167318)"
2015-09,RUFINO,8.23333333333333,21.74,39.6,Humid Pampas,Pampa,"c(526541.040340462, -3791422.73594589)"
2015-09,VENADO TUERTO,7.61666666666667,19.67,47.6,Humid Pampas,Pampa,"c(595799.229629505, -3725676.56812775)"
2015-09,VILLA CAÑAS - EEA OLIVEROS,20.1166666666667,7.11333333333333,3.25,Humid Pampas,Pampa,"c(626580.3724696, -3758566.33657167)"
2015-10,CHOVET,11.41875,20.325,114,Humid Pampas,Pampa,"c(629460.854591892, -3718765.4546)"
2015-10,LABORDEBOY,13.5161290322581,25.1774193548387,82,Humid Pampas,Pampa,"c(656131.460055244, -3732347.09708138)"
2015-10,MAGGIOLO,9.34,20.3933333333333,70,Humid Pampas,Pampa,"c(569684.693170756, -3731855.2573059)"
2015-10,MARIA TERESA,10.5322580645161,21.641935483871,100.4,Humid Pampas,Pampa,"c(601536.8864447, -3763397.79167318)"
2015-10,RUFINO,11.0966666666667,22.0933333333333,83.2,Humid Pampas,Pampa,"c(526541.040340462, -3791422.73594589)"
2015-10,VENADO TUERTO,10.1838709677419,20.8612903225806,77.8,Humid Pampas,Pampa,"c(595799.229629505, -3725676.56812775)"
2015-10,VILLA CAÑAS - EEA OLIVEROS,21.341935483871,10.0064516129032,13.25,Humid Pampas,Pampa,"c(626580.3724696, -3758566.33657167)"
2015-11,CHOVET,13.7655172413793,25.8586206896552,230.4,Humid Pampas,Pampa,"c(629460.854591892, -3718765.4546)"
2015-11,LABORDEBOY,17.83,30.5833333333333,202.8,Humid Pampas,Pampa,"c(656131.460055244, -3732347.09708138)"
2015-11,MAGGIOLO,13.22,25.6833333333333,181.2,Humid Pampas,Pampa,"c(569684.693170756, -3731855.2573059)"
2015-11,MARIA TERESA,14.2758620689655,26.7413793103448,128,Humid Pampas,Pampa,"c(601536.8864447, -3763397.79167318)"
2015-11,RUFINO,14.7966666666667,26.8033333333333,215.2,Humid Pampas,Pampa,"c(526541.040340462, -3791422.73594589)"
2015-11,VENADO TUERTO,13.6366666666667,25.3466666666667,161.8,Humid Pampas,Pampa,"c(595799.229629505, -3725676.56812775)"
2015-11,VILLA CAÑAS - EEA OLIVEROS,25.8666666666667,13.5233333333333,25.25,Humid Pampas,Pampa,"c(626580.3724696, -3758566.33657167)"
2015-12,CHOVET,17.2806451612903,30.458064516129,136.8,Humid Pampas,Pampa,"c(629460.854591892, -3718765.4546)"
2015-12,LABORDEBOY,22.3903225806452,38.8064516129032,114,Humid Pampas,Pampa,"c(656131.460055244, -3732347.09708138)"
2015-12,MAGGIOLO,16.9354838709677,30.6645161290323,82.8,Humid Pampas,Pampa,"c(569684.693170756, -3731855.2573059)"
2015-12,MARIA TERESA,18.6387096774194,34.0129032258065,81.2,Humid Pampas,Pampa,"c(601536.8864447, -3763397.79167318)"
2015-12,RUFINO,19.9548387096774,33.9193548387097,136.8,Humid Pampas,Pampa,"c(526541.040340462, -3791422.73594589)"
2015-12,VENADO TUERTO,17.0612903225806,30.041935483871,93.2,Humid Pampas,Pampa,"c(595799.229629505, -3725676.56812775)"
2015-12,VILLA CAÑAS - EEA OLIVEROS,31.1161290322581,16.9903225806452,15.5,Humid Pampas,Pampa,"c(626580.3724696, -3758566.33657167)"
2016-01,CHOVET,18.4615384615385,30.4384615384615,189.2,Humid Pampas,Pampa,"c(629460.854591892, -3718765.4546)"
2016-01,LABORDEBOY,22.5516129032258,36.3806451612903,94.4,Humid Pampas,Pampa,"c(656131.460055244, -3732347.09708138)"
2016-01,MAGGIOLO,16.3967741935484,29.6225806451613,123.6,Humid Pampas,Pampa,"c(569684.693170756, -3731855.2573059)"
2016-01,MARIA TERESA,19.6903225806452,30.8645161290323,183.2,Humid Pampas,Pampa,"c(601536.8864447, -3763397.79167318)"
2016-01,RUFINO,20.4709677419355,31.5096774193548,262,Humid Pampas,Pampa,"c(526541.040340462, -3791422.73594589)"
2016-01,VENADO TUERTO,18.3903225806452,29.2064516129032,128,Humid Pampas,Pampa,"c(595799.229629505, -3725676.56812775)"
2016-01,VILLA CAÑAS - EEA OLIVEROS,30.0161290322581,18.2354838709677,130.25,Humid Pampas,Pampa,"c(626580.3724696, -3758566.33657167)"
2016-02,CHOVET,18.052,30.968,222,Humid Pampas,Pampa,"c(629460.854591892, -3718765.4546)"
2016-02,LABORDEBOY,23.748275862069,39.651724137931,214.4,Humid Pampas,Pampa,"c(656131.460055244, -3732347.09708138)"
2016-02,MAGGIOLO,17.1923076923077,31.7461538461538,192,Humid Pampas,Pampa,"c(569684.693170756, -3731855.2573059)"
2016-02,MARIA TERESA,21.2758620689655,36.1758620689655,226.8,Humid Pampas,Pampa,"c(601536.8864447, -3763397.79167318)"
2016-02,RUFINO,21.9607142857143,33.1714285714286,201.6,Humid Pampas,Pampa,"c(526541.040340462, -3791422.73594589)"
2016-02,VENADO TUERTO,18.0896551724138,30.1862068965517,165.5,Humid Pampas,Pampa,"c(595799.229629505, -3725676.56812775)"
2016-02,VILLA CAÑAS - EEA OLIVEROS,31.3,17.7068965517241,204.5,Humid Pampas,Pampa,"c(626580.3724696, -3758566.33657167)"
2016-03,CHOVET,12.6903225806452,26.0322580645161,49.2,Humid Pampas,Pampa,"c(629460.854591892, -3718765.4546)"
2016-03,LABORDEBOY,18.7161290322581,33.2741935483871,44,Humid Pampas,Pampa,"c(656131.460055244, -3732347.09708138)"
2016-03,MAGGIOLO,14.02,24.52,84.8,Humid Pampas,Pampa,"c(569684.693170756, -3731855.2573059)"
2016-03,MARIA TERESA,15.5774193548387,28.8774193548387,52,Humid Pampas,Pampa,"c(601536.8864447, -3763397.79167318)"
2016-03,RUFINO,17.0161290322581,29.9290322580645,41.2,Humid Pampas,Pampa,"c(526541.040340462, -3791422.73594589)"
2016-03,VENADO TUERTO,13.7387096774194,26.2645161290323,57.4,Humid Pampas,Pampa,"c(595799.229629505, -3725676.56812775)"
2016-03,VILLA CAÑAS - EEA OLIVEROS,27.0290322580645,13.1903225806452,52,Humid Pampas,Pampa,"c(626580.3724696, -3758566.33657167)"
2016-04,CHOVET,12.3344827586207,20.6931034482759,192.4,Humid Pampas,Pampa,"c(629460.854591892, -3718765.4546)"
2016-04,LABORDEBOY,16.53,26.3433333333333,185.2,Humid Pampas,Pampa,"c(656131.460055244, -3732347.09708138)"
2016-04,MAGGIOLO,13.1791666666667,20.7291666666667,118.4,Humid Pampas,Pampa,"c(569684.693170756, -3731855.2573059)"
2016-04,MARIA TERESA,14.03,22.9466666666667,148.4,Humid Pampas,Pampa,"c(601536.8864447, -3763397.79167318)"
2016-04,RUFINO,15.0466666666667,24.0533333333333,232,Humid Pampas,Pampa,"c(526541.040340462, -3791422.73594589)"
2016-04,VENADO TUERTO,12.5266666666667,20.86,122.8,Humid Pampas,Pampa,"c(595799.229629505, -3725676.56812775)"
2016-04,VILLA CAÑAS - EEA OLIVEROS,21.4066666666667,12.2766666666667,163.25,Humid Pampas,Pampa,"c(626580.3724696, -3758566.33657167)"
2016-05,CHOVET,7.76666666666667,15.8866666666667,14.4,Humid Pampas,Pampa,"c(629460.854591892, -3718765.4546)"
2016-05,LABORDEBOY,11.8387096774194,21.0129032258065,14,Humid Pampas,Pampa,"c(656131.460055244, -3732347.09708138)"
2016-05,MAGGIOLO,8.39473684210526,16.8578947368421,5.6,Humid Pampas,Pampa,"c(569684.693170756, -3731855.2573059)"
2016-05,MARIA TERESA,10.0806451612903,18.5354838709677,4.4,Humid Pampas,Pampa,"c(601536.8864447, -3763397.79167318)"
2016-05,RUFINO,12.15,19.8833333333333,20.8,Humid Pampas,Pampa,"c(526541.040340462, -3791422.73594589)"
2016-05,VENADO TUERTO,8.40645161290323,16.3032258064516,10.1,Humid Pampas,Pampa,"c(595799.229629505, -3725676.56812775)"
2016-05,VILLA CAÑAS - EEA OLIVEROS,16.7633333333333,7.65333333333333,4.25,Humid Pampas,Pampa,"c(626580.3724696, -3758566.33657167)"
2016-06,CHOVET,4.07,14.4966666666667,44.4,Humid Pampas,Pampa,"c(629460.854591892, -3718765.4546)"
2016-06,LABORDEBOY,8.20333333333333,20.5466666666667,38.4,Humid Pampas,Pampa,"c(656131.460055244, -3732347.09708138)"
2016-06,MAGGIOLO,2.40588235294118,12.2352941176471,50,Humid Pampas,Pampa,"c(569684.693170756, -3731855.2573059)"
2016-06,MARIA TERESA,5.72666666666667,17.49,44.8,Humid Pampas,Pampa,"c(601536.8864447, -3763397.79167318)"
2016-06,RUFINO,5.75,16.33,50.8,Humid Pampas,Pampa,"c(526541.040340462, -3791422.73594589)"
2016-06,VENADO TUERTO,3.77,14.8666666666667,52,Humid Pampas,Pampa,"c(595799.229629505, -3725676.56812775)"
2016-06,VILLA CAÑAS - EEA OLIVEROS,15.732,2.34,13,Humid Pampas,Pampa,"c(626580.3724696, -3758566.33657167)"
2016-07,CHOVET,4.25161290322581,13.4483870967742,26,Humid Pampas,Pampa,"c(629460.854591892, -3718765.4546)"
2016-07,LABORDEBOY,11.47,17.51,38.8,Humid Pampas,Pampa,"c(656131.460055244, -3732347.09708138)"
2016-07,MAGGIOLO,4.83,11.48,7.2,Humid Pampas,Pampa,"c(569684.693170756, -3731855.2573059)"
2016-07,MARIA TERESA,5.68709677419355,15.2806451612903,16,Humid Pampas,Pampa,"c(601536.8864447, -3763397.79167318)"
2016-07,RUFINO,7.10645161290323,15.7032258064516,20.8,Humid Pampas,Pampa,"c(526541.040340462, -3791422.73594589)"
2016-07,VENADO TUERTO,4.52258064516129,13.6548387096774,14.2,Humid Pampas,Pampa,"c(595799.229629505, -3725676.56812775)"
2016-07,VILLA CAÑAS - EEA OLIVEROS,14.6347826086957,3.23478260869565,5.75,Humid Pampas,Pampa,"c(626580.3724696, -3758566.33657167)"
2016-08,CHOVET,5.54193548387097,20.0129032258065,10,Humid Pampas,Pampa,"c(629460.854591892, -3718765.4546)"
2016-08,LABORDEBOY,10.1387096774194,26.1,14.8,Humid Pampas,Pampa,"c(656131.460055244, -3732347.09708138)"
2016-08,MAGGIOLO,5.45483870967742,19.4935483870968,2.8,Humid Pampas,Pampa,"c(569684.693170756, -3731855.2573059)"
2016-08,MARIA TERESA,6.01612903225806,20.9096774193548,4.4,Humid Pampas,Pampa,"c(601536.8864447, -3763397.79167318)"
2016-08,RUFINO,8.2,21.5838709677419,3.2,Humid Pampas,Pampa,"c(526541.040340462, -3791422.73594589)"
2016-08,VENADO TUERTO,5.01935483870968,19.9806451612903,1.1,Humid Pampas,Pampa,"c(595799.229629505, -3725676.56812775)"
2016-08,VILLA CAÑAS - EEA OLIVEROS,20.2903225806452,4.01290322580645,7,Humid Pampas,Pampa,"c(626580.3724696, -3758566.33657167)"
2016-09,CHOVET,6.84,20.62,38,Humid Pampas,Pampa,"c(629460.854591892, -3718765.4546)"
2016-09,LABORDEBOY,11.16,27.2133333333333,35.2,Humid Pampas,Pampa,"c(656131.460055244, -3732347.09708138)"
2016-09,MAGGIOLO,7.13448275862069,21.3241379310345,36.8,Humid Pampas,Pampa,"c(569684.693170756, -3731855.2573059)"
2016-09,MARIA TERESA,7.71333333333333,23.1533333333333,46.4,Humid Pampas,Pampa,"c(601536.8864447, -3763397.79167318)"
2016-09,RUFINO,9.38333333333333,23.3066666666667,36.4,Humid Pampas,Pampa,"c(526541.040340462, -3791422.73594589)"
2016-09,VENADO TUERTO,6.57333333333333,21.2566666666667,34.8,Humid Pampas,Pampa,"c(595799.229629505, -3725676.56812775)"
2016-09,VILLA CAÑAS - EEA OLIVEROS,21.15,5.91333333333333,50.25,Humid Pampas,Pampa,"c(626580.3724696, -3758566.33657167)"
2016-10,CHOVET,11.1266666666667,22.7466666666667,140,Humid Pampas,Pampa,"c(629460.854591892, -3718765.4546)"
2016-10,LABORDEBOY,15.9225806451613,28.8322580645161,134.8,Humid Pampas,Pampa,"c(656131.460055244, -3732347.09708138)"
2016-10,MAGGIOLO,11.7666666666667,23.4766666666667,116.8,Humid Pampas,Pampa,"c(569684.693170756, -3731855.2573059)"
2016-10,MARIA TERESA,13.8870967741935,26.3677419354839,166.8,Humid Pampas,Pampa,"c(601536.8864447, -3763397.79167318)"
2016-10,RUFINO,14.7096774193548,26.4903225806452,156,Humid Pampas,Pampa,"c(526541.040340462, -3791422.73594589)"
2016-10,VENADO TUERTO,11.3903225806452,22.858064516129,148.5,Humid Pampas,Pampa,"c(595799.229629505, -3725676.56812775)"
2016-10,VILLA CAÑAS - EEA OLIVEROS,22.9161290322581,11.3548387096774,125,Humid Pampas,Pampa,"c(626580.3724696, -3758566.33657167)"
2016-11,CHOVET,13.0814814814815,27.3555555555556,64.8,Humid Pampas,Pampa,"c(629460.854591892, -3718765.4546)"
2016-11,LABORDEBOY,14.9266666666667,31.52,36.4,Humid Pampas,Pampa,"c(656131.460055244, -3732347.09708138)"
2016-11,MAGGIOLO,13.0366666666667,27.45,77.2,Humid Pampas,Pampa,"c(569684.693170756, -3731855.2573059)"
2016-11,MARIA TERESA,14.3266666666667,31.0266666666667,81.2,Humid Pampas,Pampa,"c(601536.8864447, -3763397.79167318)"
2016-11,RUFINO,14.7566666666667,29.21,115.6,Humid Pampas,Pampa,"c(526541.040340462, -3791422.73594589)"
2016-11,VENADO TUERTO,12.71,27.1066666666667,68,Humid Pampas,Pampa,"c(595799.229629505, -3725676.56812775)"
2016-11,VILLA CAÑAS - EEA OLIVEROS,27.7166666666667,12.1333333333333,107.25,Humid Pampas,Pampa,"c(626580.3724696, -3758566.33657167)"
2016-12,CHOVET,16.3379310344828,31.4241379310345,180.4,Humid Pampas,Pampa,"c(629460.854591892, -3718765.4546)"
2016-12,LABORDEBOY,9.68461538461538,30.3538461538462,226.8,Humid Pampas,Pampa,"c(656131.460055244, -3732347.09708138)"
2016-12,MAGGIOLO,16.4483870967742,31.1258064516129,212.4,Humid Pampas,Pampa,"c(569684.693170756, -3731855.2573059)"
2016-12,MARIA TERESA,15.7068965517241,33.8655172413793,294,Humid Pampas,Pampa,"c(601536.8864447, -3763397.79167318)"
2016-12,RUFINO,18.0387096774194,32.3322580645161,196,Humid Pampas,Pampa,"c(526541.040340462, -3791422.73594589)"
2016-12,VENADO TUERTO,15.8548387096774,29.6774193548387,266.9,Humid Pampas,Pampa,"c(595799.229629505, -3725676.56812775)"
2016-12,VILLA CAÑAS - EEA OLIVEROS,31.3133333333333,15.57,65,Humid Pampas,Pampa,"c(626580.3724696, -3758566.33657167)"
2017-01,CHOVET,18.4333333333333,29.75,328,Humid Pampas,Pampa,"c(629460.854591892, -3718765.4546)"
2017-01,LABORDEBOY,11.94375,26.75625,378,Humid Pampas,Pampa,"c(656131.460055244, -3732347.09708138)"
2017-01,MAGGIOLO,18.2387096774194,30.3516129032258,196.4,Humid Pampas,Pampa,"c(569684.693170756, -3731855.2573059)"
2017-01,MARIA TERESA,19.98,33.6866666666667,187.6,Humid Pampas,Pampa,"c(601536.8864447, -3763397.79167318)"
2017-01,RUFINO,19.7866666666667,31.21,135.2,Humid Pampas,Pampa,"c(526541.040340462, -3791422.73594589)"
2017-01,VENADO TUERTO,18.0225806451613,29.7161290322581,158,Humid Pampas,Pampa,"c(595799.229629505, -3725676.56812775)"
2017-01,VILLA CAÑAS - EEA OLIVEROS,30.5966666666667,18.0033333333333,106.25,Humid Pampas,Pampa,"c(626580.3724696, -3758566.33657167)"
2017-02,CHOVET,18.6130434782609,29.9173913043478,86.4,Humid Pampas,Pampa,"c(629460.854591892, -3718765.4546)"
2017-02,LABORDEBOY,12.9538461538462,25.8807692307692,148.8,Humid Pampas,Pampa,"c(656131.460055244, -3732347.09708138)"
2017-02,MAGGIOLO,18.2928571428571,29.7464285714286,95.6,Humid Pampas,Pampa,"c(569684.693170756, -3731855.2573059)"
2017-02,MARIA TERESA,20.8178571428571,34.0392857142857,102.4,Humid Pampas,Pampa,"c(601536.8864447, -3763397.79167318)"
2017-02,RUFINO,19.9142857142857,31.15,82.2,Humid Pampas,Pampa,"c(526541.040340462, -3791422.73594589)"
2017-02,VENADO TUERTO,18.1035714285714,29.2285714285714,100.5,Humid Pampas,Pampa,"c(595799.229629505, -3725676.56812775)"
2017-02,VILLA CAÑAS - EEA OLIVEROS,30.4678571428571,18.0785714285714,12.75,Humid Pampas,Pampa,"c(626580.3724696, -3758566.33657167)"
2017-03,CHOVET,15.2068965517241,28.4413793103448,145.2,Humid Pampas,Pampa,"c(629460.854591892, -3718765.4546)"
2017-03,LABORDEBOY,12.5862068965517,24.7655172413793,119.6,Humid Pampas,Pampa,"c(656131.460055244, -3732347.09708138)"
2017-03,MAGGIOLO,14.8451612903226,27.7064516129032,132.8,Humid Pampas,Pampa,"c(569684.693170756, -3731855.2573059)"
2017-03,MARIA TERESA,17.5,31.8258064516129,190.4,Humid Pampas,Pampa,"c(601536.8864447, -3763397.79167318)"
2017-03,RUFINO,16.4870967741936,28.1548387096774,166.4,Humid Pampas,Pampa,"c(526541.040340462, -3791422.73594589)"
2017-03,VENADO TUERTO,14.5483870967742,27.2935483870968,145.8,Humid Pampas,Pampa,"c(595799.229629505, -3725676.56812775)"
2017-03,VILLA CAÑAS - EEA OLIVEROS,27.7096774193548,14.7290322580645,17.25,Humid Pampas,Pampa,"c(626580.3724696, -3758566.33657167)"
2017-04,CHOVET,11.3833333333333,22,252.8,Humid Pampas,Pampa,"c(629460.854591892, -3718765.4546)"
2017-04,LABORDEBOY,8.71481481481482,17.5296296296296,274,Humid Pampas,Pampa,"c(656131.460055244, -3732347.09708138)"
2017-04,MAGGIOLO,10.6428571428571,21.275,203.6,Humid Pampas,Pampa,"c(569684.693170756, -3731855.2573059)"
2017-04,MARIA TERESA,12.6366666666667,25.1133333333333,255.2,Humid Pampas,Pampa,"c(601536.8864447, -3763397.79167318)"
2017-04,RUFINO,12.8592592592593,21.7259259259259,234.4,Humid Pampas,Pampa,"c(526541.040340462, -3791422.73594589)"
2017-04,VENADO TUERTO,12.324,22.74,195,Humid Pampas,Pampa,"c(595799.229629505, -3725676.56812775)"
2017-04,VILLA CAÑAS - EEA OLIVEROS,24.6388888888889,11.4555555555556,5.5,Humid Pampas,Pampa,"c(626580.3724696, -3758566.33657167)"
2017-05,CHOVET,9.75483870967742,18.2645161290323,126.4,Humid Pampas,Pampa,"c(629460.854591892, -3718765.4546)"
2017-05,LABORDEBOY,9.17647058823529,20.6352941176471,125.2,Humid Pampas,Pampa,"c(656131.460055244, -3732347.09708138)"
2017-05,MAGGIOLO,9.19655172413793,18.8896551724138,47.2,Humid Pampas,Pampa,"c(569684.693170756, -3731855.2573059)"
2017-05,MARIA TERESA,11.5354838709677,20.8741935483871,72.8,Humid Pampas,Pampa,"c(601536.8864447, -3763397.79167318)"
2017-05,RUFINO,8.50322580645161,17.2290322580645,43.2,Humid Pampas,Pampa,"c(526541.040340462, -3791422.73594589)"
2017-05,VENADO TUERTO,10.0193548387097,19.2483870967742,99.7,Humid Pampas,Pampa,"c(595799.229629505, -3725676.56812775)"
2017-05,VILLA CAÑAS - EEA OLIVEROS,23.0733333333333,11.5866666666667,10.25,Humid Pampas,Pampa,"c(626580.3724696, -3758566.33657167)"
2017-06,CHOVET,6.24666666666667,17.33,22,Humid Pampas,Pampa,"c(629460.854591892, -3718765.4546)"
2017-06,LABORDEBOY,3.63214285714286,16.4535714285714,24.8,Humid Pampas,Pampa,"c(656131.460055244, -3732347.09708138)"
2017-06,MAGGIOLO,5.31,17.3466666666667,12,Humid Pampas,Pampa,"c(569684.693170756, -3731855.2573059)"
2017-06,MARIA TERESA,9.72333333333333,21.3066666666667,18.8,Humid Pampas,Pampa,"c(601536.8864447, -3763397.79167318)"
2017-06,RUFINO,7.02666666666667,17.1633333333333,29.6,Humid Pampas,Pampa,"c(526541.040340462, -3791422.73594589)"
2017-06,VENADO TUERTO,5.63333333333333,18.2366666666667,19.1,Humid Pampas,Pampa,"c(595799.229629505, -3725676.56812775)"
2017-06,VILLA CAÑAS - EEA OLIVEROS,22.05,12.625,0,Humid Pampas,Pampa,"c(626580.3724696, -3758566.33657167)"
2017-07,CHOVET,6.63870967741936,15.6548387096774,29.2,Humid Pampas,Pampa,"c(629460.854591892, -3718765.4546)"
2017-07,LABORDEBOY,6.4,17.0576923076923,27.6,Humid Pampas,Pampa,"c(656131.460055244, -3732347.09708138)"
2017-07,MAGGIOLO,4.79,17.3666666666667,13.6,Humid Pampas,Pampa,"c(569684.693170756, -3731855.2573059)"
2017-07,MARIA TERESA,8.63548387096774,18.6741935483871,40.8,Humid Pampas,Pampa,"c(601536.8864447, -3763397.79167318)"
2017-07,RUFINO,7.14193548387097,16.0193548387097,22,Humid Pampas,Pampa,"c(526541.040340462, -3791422.73594589)"
2017-07,VENADO TUERTO,6.32258064516129,16.7451612903226,19,Humid Pampas,Pampa,"c(595799.229629505, -3725676.56812775)"
2017-07,VILLA CAÑAS - EEA OLIVEROS,18.4285714285714,3.02857142857143,0,Humid Pampas,Pampa,"c(626580.3724696, -3758566.33657167)"
2017-08,CHOVET,7.30322580645161,18.3354838709677,41.6,Humid Pampas,Pampa,"c(629460.854591892, -3718765.4546)"
2017-08,LABORDEBOY,-1.97741935483871,13.8258064516129,74.8,Humid Pampas,Pampa,"c(656131.460055244, -3732347.09708138)"
2017-08,MAGGIOLO,6.78064516129032,18.5096774193548,37.2,Humid Pampas,Pampa,"c(569684.693170756, -3731855.2573059)"
2017-08,MARIA TERESA,9.46774193548387,20.6935483870968,54.4,Humid Pampas,Pampa,"c(601536.8864447, -3763397.79167318)"
2017-08,RUFINO,8.35161290322581,18.9322580645161,30,Humid Pampas,Pampa,"c(526541.040340462, -3791422.73594589)"
2017-08,VENADO TUERTO,7.52,19.5433333333333,38.3,Humid Pampas,Pampa,"c(595799.229629505, -3725676.56812775)"
2017-08,VILLA CAÑAS - EEA OLIVEROS,18.55,7.04375,86.5,Humid Pampas,Pampa,"c(626580.3724696, -3758566.33657167)"
2017-09,CHOVET,7.38666666666667,18.72,116,Humid Pampas,Pampa,"c(629460.854591892, -3718765.4546)"
2017-09,LABORDEBOY,-1.55333333333333,14.4466666666667,101.2,Humid Pampas,Pampa,"c(656131.460055244, -3732347.09708138)"
2017-09,MAGGIOLO,7.71,19.13,104.4,Humid Pampas,Pampa,"c(569684.693170756, -3731855.2573059)"
2017-09,MARIA TERESA,8.39666666666667,20.2766666666667,126,Humid Pampas,Pampa,"c(601536.8864447, -3763397.79167318)"
2017-09,RUFINO,9.22333333333333,19.94,157.2,Humid Pampas,Pampa,"c(526541.040340462, -3791422.73594589)"
2017-09,VENADO TUERTO,7.45238095238095,19.9952380952381,107,Humid Pampas,Pampa,"c(595799.229629505, -3725676.56812775)"
2017-09,VILLA CAÑAS - EEA OLIVEROS,19.9866666666667,8.01333333333333,123.25,Humid Pampas,Pampa,"c(626580.3724696, -3758566.33657167)"
2017-10,CHOVET,9.65483870967742,22.6,82.4,Humid Pampas,Pampa,"c(629460.854591892, -3718765.4546)"
2017-10,LABORDEBOY,1.45806451612903,19.7387096774194,68,Humid Pampas,Pampa,"c(656131.460055244, -3732347.09708138)"
2017-10,MAGGIOLO,10.3741935483871,23.5870967741936,58.8,Humid Pampas,Pampa,"c(569684.693170756, -3731855.2573059)"
2017-10,MARIA TERESA,12.0935483870968,25.9451612903226,87.2,Humid Pampas,Pampa,"c(601536.8864447, -3763397.79167318)"
2017-10,RUFINO,11.3548387096774,23.9838709677419,51.2,Humid Pampas,Pampa,"c(526541.040340462, -3791422.73594589)"
2017-10,VENADO TUERTO,10.3586206896552,24.0827586206897,63,Humid Pampas,Pampa,"c(595799.229629505, -3725676.56812775)"
2017-10,VILLA CAÑAS - EEA OLIVEROS,23.7709677419355,10.5806451612903,100.75,Humid Pampas,Pampa,"c(626580.3724696, -3758566.33657167)"
2017-11,CHOVET,12.062962962963,26.3666666666667,33.2,Humid Pampas,Pampa,"c(629460.854591892, -3718765.4546)"
2017-11,LABORDEBOY,7.04333333333333,28.14,20.8,Humid Pampas,Pampa,"c(656131.460055244, -3732347.09708138)"
2017-11,MAGGIOLO,12.7766666666667,27.31,52.8,Humid Pampas,Pampa,"c(569684.693170756, -3731855.2573059)"
2017-11,MARIA TERESA,15.17,32.73,55.6,Humid Pampas,Pampa,"c(601536.8864447, -3763397.79167318)"
2017-11,RUFINO,14.78,29.53,80,Humid Pampas,Pampa,"c(526541.040340462, -3791422.73594589)"
2017-11,VENADO TUERTO,12.8357142857143,27.3964285714286,40.5,Humid Pampas,Pampa,"c(595799.229629505, -3725676.56812775)"
2017-11,VILLA CAÑAS - EEA OLIVEROS,27.56,12.84,30.75,Humid Pampas,Pampa,"c(626580.3724696, -3758566.33657167)"
2017-12,CHOVET,15.6655172413793,29.1758620689655,142.4,Humid Pampas,Pampa,"c(629460.854591892, -3718765.4546)"
2017-12,LABORDEBOY,13.84,26.55,112,Humid Pampas,Pampa,"c(656131.460055244, -3732347.09708138)"
2017-12,MAGGIOLO,16.3903225806452,30.3870967741936,196,Humid Pampas,Pampa,"c(569684.693170756, -3731855.2573059)"
2017-12,MARIA TERESA,19.4193548387097,36.4322580645161,110.4,Humid Pampas,Pampa,"c(601536.8864447, -3763397.79167318)"
2017-12,RUFINO,18.7548387096774,32.5096774193548,74.4,Humid Pampas,Pampa,"c(526541.040340462, -3791422.73594589)"
2017-12,VENADO TUERTO,16.2642857142857,29.6035714285714,190.7,Humid Pampas,Pampa,"c(595799.229629505, -3725676.56812775)"
2017-12,VILLA CAÑAS - EEA OLIVEROS,30.2064516129032,16.158064516129,120.75,Humid Pampas,Pampa,"c(626580.3724696, -3758566.33657167)"
2009-01,CLASSON,15.9548387096774,30.8193548387097,54,Humid Pampas,Pampa,"c(660613.085731839, -3593090.1566713)"
2009-01,INTA - OLIVEROS (EMC),32.4516129032258,17.0322580645161,48.2,Humid Pampas,Pampa,"c(701877.491647534, -3603440.19036986)"
2009-02,CLASSON,16.0142857142857,28.7357142857143,147.2,Humid Pampas,Pampa,"c(660613.085731839, -3593090.1566713)"
2009-02,INTA - OLIVEROS (EMC),29.65,17.6642857142857,189.5,Humid Pampas,Pampa,"c(701877.491647534, -3603440.19036986)"
2009-03,CLASSON,15.6290322580645,29.0387096774194,98,Humid Pampas,Pampa,"c(660613.085731839, -3593090.1566713)"
2009-03,INTA - OLIVEROS (EMC),30.058064516129,17.2612903225806,127,Humid Pampas,Pampa,"c(701877.491647534, -3603440.19036986)"
2009-04,CLASSON,12.27,26.0633333333333,82.8,Humid Pampas,Pampa,"c(660613.085731839, -3593090.1566713)"
2009-04,INTA - OLIVEROS (EMC),27.0566666666667,13.5433333333333,66.8,Humid Pampas,Pampa,"c(701877.491647534, -3603440.19036986)"
2009-05,CLASSON,8.5741935483871,21.7967741935484,15.6,Humid Pampas,Pampa,"c(660613.085731839, -3593090.1566713)"
2009-05,INTA - OLIVEROS (EMC),23.3290322580645,10.1387096774194,26.5,Humid Pampas,Pampa,"c(701877.491647534, -3603440.19036986)"
2009-06,CLASSON,2.40666666666667,16.92,4.4,Humid Pampas,Pampa,"c(660613.085731839, -3593090.1566713)"
2009-06,INTA - OLIVEROS (EMC),18.3,4.36666666666667,5,Humid Pampas,Pampa,"c(701877.491647534, -3603440.19036986)"
2009-07,CLASSON,0.967741935483871,15.8709677419355,51.6,Humid Pampas,Pampa,"c(660613.085731839, -3593090.1566713)"
2009-07,INTA - OLIVEROS (EMC),17.1451612903226,4.15806451612903,58.5,Humid Pampas,Pampa,"c(701877.491647534, -3603440.19036986)"
2009-08,CLASSON,6.26774193548387,22.1290322580645,0.4,Humid Pampas,Pampa,"c(660613.085731839, -3593090.1566713)"
2009-08,INTA - OLIVEROS (EMC),22.8677419354839,8.80645161290323,3.5,Humid Pampas,Pampa,"c(701877.491647534, -3603440.19036986)"
2009-09,CLASSON,5.96666666666667,17.7433333333333,93.6,Humid Pampas,Pampa,"c(660613.085731839, -3593090.1566713)"
2009-09,INTA - OLIVEROS (EMC),19.0333333333333,8.30666666666667,142.4,Humid Pampas,Pampa,"c(701877.491647534, -3603440.19036986)"
2009-10,CLASSON,9.9,25.5354838709677,94,Humid Pampas,Pampa,"c(660613.085731839, -3593090.1566713)"
2009-10,INTA - OLIVEROS (EMC),25.658064516129,12.2548387096774,81.8,Humid Pampas,Pampa,"c(701877.491647534, -3603440.19036986)"
2009-11,CLASSON,15.87,28.5066666666667,56,Humid Pampas,Pampa,"c(660613.085731839, -3593090.1566713)"
2009-11,INTA - OLIVEROS (EMC),28.19,17.96,92.6,Humid Pampas,Pampa,"c(701877.491647534, -3603440.19036986)"
2009-12,CLASSON,16.7741935483871,27.8,223.2,Humid Pampas,Pampa,"c(660613.085731839, -3593090.1566713)"
2009-12,INTA - OLIVEROS (EMC),27.8,18.1612903225806,331.4,Humid Pampas,Pampa,"c(701877.491647534, -3603440.19036986)"
2010-01,CLASSON,18.441935483871,31.1,167.2,Humid Pampas,Pampa,"c(660613.085731839, -3593090.1566713)"
2010-01,INTA - OLIVEROS (EMC),32.0387096774194,18.758064516129,193.3,Humid Pampas,Pampa,"c(701877.491647534, -3603440.19036986)"
2010-02,CLASSON,19.5928571428571,29.5892857142857,160,Humid Pampas,Pampa,"c(660613.085731839, -3593090.1566713)"
2010-02,INTA - OLIVEROS (EMC),30.4357142857143,20.4821428571429,128.6,Humid Pampas,Pampa,"c(701877.491647534, -3603440.19036986)"
2010-03,CLASSON,16.4,30.0935483870968,165.6,Humid Pampas,Pampa,"c(660613.085731839, -3593090.1566713)"
2010-03,INTA - OLIVEROS (EMC),31.1387096774194,17.3032258064516,32.7,Humid Pampas,Pampa,"c(701877.491647534, -3603440.19036986)"
2010-04,CLASSON,10.82,23.2233333333333,52,Humid Pampas,Pampa,"c(660613.085731839, -3593090.1566713)"
2010-04,INTA - OLIVEROS (EMC),24.68,11.3266666666667,80.6,Humid Pampas,Pampa,"c(701877.491647534, -3603440.19036986)"
2010-05,CLASSON,8.13870967741936,19.3677419354839,50,Humid Pampas,Pampa,"c(660613.085731839, -3593090.1566713)"
2010-05,INTA - OLIVEROS (EMC),20.7322580645161,9.3,105,Humid Pampas,Pampa,"c(701877.491647534, -3603440.19036986)"
2010-06,CLASSON,4.65,16.4166666666667,13.6,Humid Pampas,Pampa,"c(660613.085731839, -3593090.1566713)"
2010-06,INTA - OLIVEROS (EMC),17.5266666666667,6.97,9,Humid Pampas,Pampa,"c(701877.491647534, -3603440.19036986)"
2010-07,CLASSON,2.50645161290323,16.6354838709677,19.6,Humid Pampas,Pampa,"c(660613.085731839, -3593090.1566713)"
2010-07,INTA - OLIVEROS (EMC),17.3322580645161,3.53225806451613,11.5,Humid Pampas,Pampa,"c(701877.491647534, -3603440.19036986)"
2010-08,CLASSON,3.32258064516129,16.8516129032258,3.2,Humid Pampas,Pampa,"c(660613.085731839, -3593090.1566713)"
2010-08,INTA - OLIVEROS (EMC),18.0806451612903,4.43870967741935,12,Humid Pampas,Pampa,"c(701877.491647534, -3603440.19036986)"
2010-09,CLASSON,7.93666666666667,20.62,48.4,Humid Pampas,Pampa,"c(660613.085731839, -3593090.1566713)"
2010-09,INTA - OLIVEROS (EMC),21.9233333333333,10.2266666666667,45.3,Humid Pampas,Pampa,"c(701877.491647534, -3603440.19036986)"
2010-10,CLASSON,7.93888888888889,23.6277777777778,12.4,Humid Pampas,Pampa,"c(660613.085731839, -3593090.1566713)"
2010-10,INTA - OLIVEROS (EMC),24.6483870967742,10.7032258064516,39.5,Humid Pampas,Pampa,"c(701877.491647534, -3603440.19036986)"
2010-11,CLASSON,11.41875,28.975,5.6,Humid Pampas,Pampa,"c(660613.085731839, -3593090.1566713)"
2010-11,INTA - OLIVEROS (EMC),28.7966666666667,13.8033333333333,43.5,Humid Pampas,Pampa,"c(701877.491647534, -3603440.19036986)"
2010-12,CLASSON,16.4466666666667,31.86,118.4,Humid Pampas,Pampa,"c(660613.085731839, -3593090.1566713)"
2010-12,INTA - OLIVEROS (EMC),32.2838709677419,16.9,67.5,Humid Pampas,Pampa,"c(701877.491647534, -3603440.19036986)"
2011-01,CLASSON,18.158064516129,33.2709677419355,103.6,Humid Pampas,Pampa,"c(660613.085731839, -3593090.1566713)"
2011-01,INTA - OLIVEROS (EMC),33.241935483871,19.0354838709677,155.1,Humid Pampas,Pampa,"c(701877.491647534, -3603440.19036986)"
2011-02,CLASSON,17.1,29.3142857142857,83.6,Humid Pampas,Pampa,"c(660613.085731839, -3593090.1566713)"
2011-02,INTA - OLIVEROS (EMC),29.4821428571429,17.7571428571429,220.1,Humid Pampas,Pampa,"c(701877.491647534, -3603440.19036986)"
2011-03,CLASSON,13.6612903225806,28.9806451612903,88.8,Humid Pampas,Pampa,"c(660613.085731839, -3593090.1566713)"
2011-03,INTA - OLIVEROS (EMC),29.0290322580645,14.1096774193548,158,Humid Pampas,Pampa,"c(701877.491647534, -3603440.19036986)"
2011-04,CLASSON,11.58,25.08,139.2,Humid Pampas,Pampa,"c(660613.085731839, -3593090.1566713)"
2011-04,INTA - OLIVEROS (EMC),25.43,11.9966666666667,163.8,Humid Pampas,Pampa,"c(701877.491647534, -3603440.19036986)"
2011-05,CLASSON,7.72903225806452,19.4225806451613,82,Humid Pampas,Pampa,"c(660613.085731839, -3593090.1566713)"
2011-05,INTA - OLIVEROS (EMC),20.5161290322581,9.59032258064516,56.7,Humid Pampas,Pampa,"c(701877.491647534, -3603440.19036986)"
2011-06,CLASSON,4.94333333333333,15.03,16.8,Humid Pampas,Pampa,"c(660613.085731839, -3593090.1566713)"
2011-06,INTA - OLIVEROS (EMC),16.37,6.82666666666667,29.2,Humid Pampas,Pampa,"c(701877.491647534, -3603440.19036986)"
2011-07,CLASSON,2.96774193548387,16.1161290322581,8,Humid Pampas,Pampa,"c(660613.085731839, -3593090.1566713)"
2011-07,INTA - OLIVEROS (EMC),17.5129032258065,4.63870967741936,11.2,Humid Pampas,Pampa,"c(701877.491647534, -3603440.19036986)"
2011-08,CLASSON,3.56774193548387,16.6741935483871,7.6,Humid Pampas,Pampa,"c(660613.085731839, -3593090.1566713)"
2011-08,INTA - OLIVEROS (EMC),16.6967741935484,5.50322580645161,5.1,Humid Pampas,Pampa,"c(701877.491647534, -3603440.19036986)"
2011-09,CLASSON,7.73666666666667,23.8733333333333,14,Humid Pampas,Pampa,"c(660613.085731839, -3593090.1566713)"
2011-09,INTA - OLIVEROS (EMC),22.6966666666667,9.43333333333333,11.2,Humid Pampas,Pampa,"c(701877.491647534, -3603440.19036986)"
2011-10,CLASSON,10.8935483870968,23.0774193548387,138.8,Humid Pampas,Pampa,"c(660613.085731839, -3593090.1566713)"
2011-10,INTA - OLIVEROS (EMC),22.2967741935484,11.8322580645161,161.2,Humid Pampas,Pampa,"c(701877.491647534, -3603440.19036986)"
2011-11,CLASSON,15.6464285714286,29.55,74.4,Humid Pampas,Pampa,"c(660613.085731839, -3593090.1566713)"
2011-11,INTA - OLIVEROS (EMC),29.0866666666667,16.59,92,Humid Pampas,Pampa,"c(701877.491647534, -3603440.19036986)"
2011-12,CLASSON,18.1,27.8333333333333,16,Humid Pampas,Pampa,"c(660613.085731839, -3593090.1566713)"
2011-12,INTA - OLIVEROS (EMC),31.2258064516129,15.9645161290323,31.7,Humid Pampas,Pampa,"c(701877.491647534, -3603440.19036986)"
2012-01,CLASSON,17.8136363636364,32.3136363636364,110,Humid Pampas,Pampa,"c(660613.085731839, -3593090.1566713)"
2012-01,INTA - OLIVEROS (EMC),33.841935483871,18.9032258064516,77.9,Humid Pampas,Pampa,"c(701877.491647534, -3603440.19036986)"
2012-02,CLASSON,21.3275862068966,36.9172413793104,210,Humid Pampas,Pampa,"c(660613.085731839, -3593090.1566713)"
2012-02,INTA - OLIVEROS (EMC),30.0862068965517,18.5551724137931,187.3,Humid Pampas,Pampa,"c(701877.491647534, -3603440.19036986)"
2012-03,CLASSON,15.2366666666667,28.2666666666667,149.2,Humid Pampas,Pampa,"c(660613.085731839, -3593090.1566713)"
2012-03,INTA - OLIVEROS (EMC),28.7774193548387,15.8129032258065,179.5,Humid Pampas,Pampa,"c(701877.491647534, -3603440.19036986)"
2012-04,CLASSON,11.7066666666667,24.3133333333333,22.4,Humid Pampas,Pampa,"c(660613.085731839, -3593090.1566713)"
2012-04,INTA - OLIVEROS (EMC),25.3133333333333,12.63,36.7,Humid Pampas,Pampa,"c(701877.491647534, -3603440.19036986)"
2012-05,CLASSON,10.541935483871,21.9516129032258,99.2,Humid Pampas,Pampa,"c(660613.085731839, -3593090.1566713)"
2012-05,INTA - OLIVEROS (EMC),23.0161290322581,11.7193548387097,87.4,Humid Pampas,Pampa,"c(701877.491647534, -3603440.19036986)"
2012-06,CLASSON,4.43333333333333,17.1733333333333,6,Humid Pampas,Pampa,"c(660613.085731839, -3593090.1566713)"
2012-06,INTA - OLIVEROS (EMC),18.4033333333333,6.35,6.7,Humid Pampas,Pampa,"c(701877.491647534, -3603440.19036986)"
2012-07,CLASSON,1.31935483870968,16.5225806451613,1.6,Humid Pampas,Pampa,"c(660613.085731839, -3593090.1566713)"
2012-07,INTA - OLIVEROS (EMC),17.2548387096774,2.83225806451613,1.1,Humid Pampas,Pampa,"c(701877.491647534, -3603440.19036986)"
2012-08,CLASSON,7.50645161290323,18.5612903225806,186,Humid Pampas,Pampa,"c(660613.085731839, -3593090.1566713)"
2012-08,INTA - OLIVEROS (EMC),19.4161290322581,8.94838709677419,93.5,Humid Pampas,Pampa,"c(701877.491647534, -3603440.19036986)"
2012-09,CLASSON,9.34666666666667,21.38,113.6,Humid Pampas,Pampa,"c(660613.085731839, -3593090.1566713)"
2012-09,INTA - OLIVEROS (EMC),22.52,10.2233333333333,150.8,Humid Pampas,Pampa,"c(701877.491647534, -3603440.19036986)"
2012-10,CLASSON,13.4870967741935,23.841935483871,246.4,Humid Pampas,Pampa,"c(660613.085731839, -3593090.1566713)"
2012-10,INTA - OLIVEROS (EMC),24.5258064516129,14.0709677419355,334.5,Humid Pampas,Pampa,"c(701877.491647534, -3603440.19036986)"
2012-11,CLASSON,15.6366666666667,28.88,88.8,Humid Pampas,Pampa,"c(660613.085731839, -3593090.1566713)"
2012-11,INTA - OLIVEROS (EMC),29.4266666666667,15.8533333333333,95.3,Humid Pampas,Pampa,"c(701877.491647534, -3603440.19036986)"
2012-12,CLASSON,17.4354838709677,30.441935483871,236.8,Humid Pampas,Pampa,"c(660613.085731839, -3593090.1566713)"
2012-12,INTA - OLIVEROS (EMC),31.4733333333333,17.6966666666667,247,Humid Pampas,Pampa,"c(701877.491647534, -3603440.19036986)"
2013-01,CLASSON,17.5,32.0096774193548,11.2,Humid Pampas,Pampa,"c(660613.085731839, -3593090.1566713)"
2013-01,INTA - OLIVEROS (EMC),33.0096774193548,17.8709677419355,26.8,Humid Pampas,Pampa,"c(701877.491647534, -3603440.19036986)"
2013-02,CLASSON,16.6392857142857,29.6928571428571,91.4,Humid Pampas,Pampa,"c(660613.085731839, -3593090.1566713)"
2013-02,INTA - OLIVEROS (EMC),30.6821428571429,16.9964285714286,82,Humid Pampas,Pampa,"c(701877.491647534, -3603440.19036986)"
2013-03,CLASSON,13.0096774193548,26.1387096774194,58.4,Humid Pampas,Pampa,"c(660613.085731839, -3593090.1566713)"
2013-03,INTA - OLIVEROS (EMC),27.7645161290323,13.1516129032258,43.8,Humid Pampas,Pampa,"c(701877.491647534, -3603440.19036986)"
2013-04,CLASSON,11.0954545454545,23.8818181818182,50.4,Humid Pampas,Pampa,"c(660613.085731839, -3593090.1566713)"
2013-04,INTA - OLIVEROS (EMC),27.13,11.1466666666667,51.5,Humid Pampas,Pampa,"c(701877.491647534, -3603440.19036986)"
2013-05,CLASSON,10.04,16.34,58.8,Humid Pampas,Pampa,"c(660613.085731839, -3593090.1566713)"
2013-05,INTA - OLIVEROS (EMC),22.2354838709677,8.35806451612903,70.7,Humid Pampas,Pampa,"c(701877.491647534, -3603440.19036986)"
2013-06,CLASSON,5.56666666666667,15.3833333333333,18.4,Humid Pampas,Pampa,"c(660613.085731839, -3593090.1566713)"
2013-06,INTA - OLIVEROS (EMC),20.0533333333333,5.49,9.9,Humid Pampas,Pampa,"c(701877.491647534, -3603440.19036986)"
2013-07,CLASSON,4.72666666666667,17.3133333333333,12,Humid Pampas,Pampa,"c(660613.085731839, -3593090.1566713)"
2013-07,INTA - OLIVEROS (EMC),18.6451612903226,6.30645161290323,16.8,Humid Pampas,Pampa,"c(701877.491647534, -3603440.19036986)"
2013-08,CLASSON,2.80322580645161,19.3645161290323,0.4,Humid Pampas,Pampa,"c(660613.085731839, -3593090.1566713)"
2013-08,INTA - OLIVEROS (EMC),20.0967741935484,4.5,0,Humid Pampas,Pampa,"c(701877.491647534, -3603440.19036986)"
2013-09,CLASSON,7.56666666666667,22.12,15.6,Humid Pampas,Pampa,"c(660613.085731839, -3593090.1566713)"
2013-09,INTA - OLIVEROS (EMC),23.23,9.26333333333333,20.4,Humid Pampas,Pampa,"c(701877.491647534, -3603440.19036986)"
2013-10,CLASSON,12.4166666666667,27.08,110,Humid Pampas,Pampa,"c(660613.085731839, -3593090.1566713)"
2013-10,INTA - OLIVEROS (EMC),28.0193548387097,13.5516129032258,92,Humid Pampas,Pampa,"c(701877.491647534, -3603440.19036986)"
2013-11,CLASSON,16.3470588235294,24.9470588235294,221.6,Humid Pampas,Pampa,"c(660613.085731839, -3593090.1566713)"
2013-11,INTA - OLIVEROS (EMC),28.56,16.3933333333333,251.5,Humid Pampas,Pampa,"c(701877.491647534, -3603440.19036986)"
2013-12,CLASSON,19.9428571428571,34.3142857142857,82.4,Humid Pampas,Pampa,"c(660613.085731839, -3593090.1566713)"
2013-12,INTA - OLIVEROS (EMC),33.8967741935484,19.8096774193548,139,Humid Pampas,Pampa,"c(701877.491647534, -3603440.19036986)"
2014-01,CLASSON,19.0903225806452,32.3967741935484,96.8,Humid Pampas,Pampa,"c(660613.085731839, -3593090.1566713)"
2014-01,INTA - OLIVEROS (EMC),33.1161290322581,19.6967741935484,90.2,Humid Pampas,Pampa,"c(701877.491647534, -3603440.19036986)"
2014-02,CLASSON,18.0576923076923,27.5769230769231,204.4,Humid Pampas,Pampa,"c(660613.085731839, -3593090.1566713)"
2014-02,INTA - OLIVEROS (EMC),28.6,18.6107142857143,157.3,Humid Pampas,Pampa,"c(701877.491647534, -3603440.19036986)"
2014-03,CLASSON,13.2709677419355,25.6806451612903,230.8,Humid Pampas,Pampa,"c(660613.085731839, -3593090.1566713)"
2014-03,INTA - OLIVEROS (EMC),27.9387096774194,13.6612903225806,98.5,Humid Pampas,Pampa,"c(701877.491647534, -3603440.19036986)"
2014-04,CLASSON,13.0366666666667,24.3166666666667,112.8,Humid Pampas,Pampa,"c(660613.085731839, -3593090.1566713)"
2014-04,INTA - OLIVEROS (EMC),25.3166666666667,13.5333333333333,152.7,Humid Pampas,Pampa,"c(701877.491647534, -3603440.19036986)"
2014-05,CLASSON,9.9258064516129,19.6548387096774,54.8,Humid Pampas,Pampa,"c(660613.085731839, -3593090.1566713)"
2014-05,INTA - OLIVEROS (EMC),20.8645161290323,10.6258064516129,58.6,Humid Pampas,Pampa,"c(701877.491647534, -3603440.19036986)"
2014-06,CLASSON,5.26666666666667,17.48,31.2,Humid Pampas,Pampa,"c(660613.085731839, -3593090.1566713)"
2014-06,INTA - OLIVEROS (EMC),19.56,6.59333333333333,19.3,Humid Pampas,Pampa,"c(701877.491647534, -3603440.19036986)"
2014-07,CLASSON,5.47096774193548,17.6354838709677,17.6,Humid Pampas,Pampa,"c(660613.085731839, -3593090.1566713)"
2014-07,INTA - OLIVEROS (EMC),18.9322580645161,6.70645161290323,15.8,Humid Pampas,Pampa,"c(701877.491647534, -3603440.19036986)"
2014-08,CLASSON,7.37272727272727,19.9272727272727,0,Humid Pampas,Pampa,"c(660613.085731839, -3593090.1566713)"
2014-08,INTA - OLIVEROS (EMC),22.9258064516129,8.10967741935484,0,Humid Pampas,Pampa,"c(701877.491647534, -3603440.19036986)"
2014-09,CLASSON,9.74615384615385,17.5,60,Humid Pampas,Pampa,"c(660613.085731839, -3593090.1566713)"
2014-09,INTA - OLIVEROS (EMC),23.4433333333333,10.9066666666667,53,Humid Pampas,Pampa,"c(701877.491647534, -3603440.19036986)"
2014-10,CLASSON,15.7285714285714,20.4857142857143,88.4,Humid Pampas,Pampa,"c(660613.085731839, -3593090.1566713)"
2014-10,INTA - OLIVEROS (EMC),27.3064516129032,15.6354838709677,55.5,Humid Pampas,Pampa,"c(701877.491647534, -3603440.19036986)"
2014-11,CLASSON,15.4333333333333,23.6,173.6,Humid Pampas,Pampa,"c(660613.085731839, -3593090.1566713)"
2014-11,INTA - OLIVEROS (EMC),28.7,15.0966666666667,192.9,Humid Pampas,Pampa,"c(701877.491647534, -3603440.19036986)"
2014-12,CLASSON,17.7095238095238,27.9285714285714,148.4,Humid Pampas,Pampa,"c(660613.085731839, -3593090.1566713)"
2014-12,INTA - OLIVEROS (EMC),30.3322580645161,17.7677419354839,129.2,Humid Pampas,Pampa,"c(701877.491647534, -3603440.19036986)"
2015-01,CLASSON,17.8357142857143,26.05,318.4,Humid Pampas,Pampa,"c(660613.085731839, -3593090.1566713)"
2015-01,INTA - OLIVEROS (EMC),31.3258064516129,19.1,221,Humid Pampas,Pampa,"c(701877.491647534, -3603440.19036986)"
2015-02,CLASSON,19.06,26.06,102,Humid Pampas,Pampa,"c(660613.085731839, -3593090.1566713)"
2015-02,INTA - OLIVEROS (EMC),30.1857142857143,18.3642857142857,99,Humid Pampas,Pampa,"c(701877.491647534, -3603440.19036986)"
2015-03,CLASSON,16.1785714285714,23.6785714285714,177.6,Humid Pampas,Pampa,"c(660613.085731839, -3593090.1566713)"
2015-03,INTA - OLIVEROS (EMC),29.1967741935484,16.9,124.8,Humid Pampas,Pampa,"c(701877.491647534, -3603440.19036986)"
2015-04,CLASSON,15.9833333333333,24.5666666666667,36,Humid Pampas,Pampa,"c(660613.085731839, -3593090.1566713)"
2015-04,INTA - OLIVEROS (EMC),28.7866666666667,14.4866666666667,66.6,Humid Pampas,Pampa,"c(701877.491647534, -3603440.19036986)"
2015-05,CLASSON,8.4,17.925,70,Humid Pampas,Pampa,"c(660613.085731839, -3593090.1566713)"
2015-05,INTA - OLIVEROS (EMC),23.558064516129,12.3612903225806,156,Humid Pampas,Pampa,"c(701877.491647534, -3603440.19036986)"
2015-06,CLASSON,14.425,21.725,40,Humid Pampas,Pampa,"c(660613.085731839, -3593090.1566713)"
2015-06,INTA - OLIVEROS (EMC),20.8366666666667,7.61333333333333,69.5,Humid Pampas,Pampa,"c(701877.491647534, -3603440.19036986)"
2015-07,CLASSON,10.025,22.25,46,Humid Pampas,Pampa,"c(660613.085731839, -3593090.1566713)"
2015-07,INTA - OLIVEROS (EMC),19.0967741935484,6.67096774193548,41,Humid Pampas,Pampa,"c(701877.491647534, -3603440.19036986)"
2015-08,CLASSON,9.61290322580645,19.7064516129032,139.6,Humid Pampas,Pampa,"c(660613.085731839, -3593090.1566713)"
2015-08,INTA - OLIVEROS (EMC),20.8193548387097,10.9193548387097,120.6,Humid Pampas,Pampa,"c(701877.491647534, -3603440.19036986)"
2015-09,CLASSON,8.31,20.9466666666667,26.8,Humid Pampas,Pampa,"c(660613.085731839, -3593090.1566713)"
2015-09,INTA - OLIVEROS (EMC),21.8166666666667,9.28666666666667,23,Humid Pampas,Pampa,"c(701877.491647534, -3603440.19036986)"
2015-10,CLASSON,11.2903225806452,22.5903225806452,92.4,Humid Pampas,Pampa,"c(660613.085731839, -3593090.1566713)"
2015-10,INTA - OLIVEROS (EMC),23.841935483871,12.0806451612903,72.3,Humid Pampas,Pampa,"c(701877.491647534, -3603440.19036986)"
2015-11,CLASSON,14.7310344827586,26.8448275862069,142,Humid Pampas,Pampa,"c(660613.085731839, -3593090.1566713)"
2015-11,INTA - OLIVEROS (EMC),27.5333333333333,15.1933333333333,89.8,Humid Pampas,Pampa,"c(701877.491647534, -3603440.19036986)"
2015-12,CLASSON,17.7809523809524,28.3380952380952,148.8,Humid Pampas,Pampa,"c(660613.085731839, -3593090.1566713)"
2015-12,INTA - OLIVEROS (EMC),31.2451612903226,18.5548387096774,104.8,Humid Pampas,Pampa,"c(701877.491647534, -3603440.19036986)"
2016-01,CLASSON,19.204347826087,30.9739130434783,73.2,Humid Pampas,Pampa,"c(660613.085731839, -3593090.1566713)"
2016-01,INTA - OLIVEROS (EMC),33.2935483870968,20.258064516129,70.5,Humid Pampas,Pampa,"c(701877.491647534, -3603440.19036986)"
2016-02,CLASSON,19.3035714285714,29.8285714285714,450.4,Humid Pampas,Pampa,"c(660613.085731839, -3593090.1566713)"
2016-02,INTA - OLIVEROS (EMC),32.7137931034483,19.5310344827586,389.8,Humid Pampas,Pampa,"c(701877.491647534, -3603440.19036986)"
2016-03,CLASSON,15.5142857142857,21.4142857142857,86,Humid Pampas,Pampa,"c(660613.085731839, -3593090.1566713)"
2016-03,INTA - OLIVEROS (EMC),27.7935483870968,15.5193548387097,87.3,Humid Pampas,Pampa,"c(701877.491647534, -3603440.19036986)"
2016-04,CLASSON,13.9833333333333,21.39,244.4,Humid Pampas,Pampa,"c(660613.085731839, -3593090.1566713)"
2016-04,INTA - OLIVEROS (EMC),22.8533333333333,14.8866666666667,280.3,Humid Pampas,Pampa,"c(701877.491647534, -3603440.19036986)"
2016-05,CLASSON,8.39354838709678,17.1612903225806,9.2,Humid Pampas,Pampa,"c(660613.085731839, -3593090.1566713)"
2016-05,INTA - OLIVEROS (EMC),18.7032258064516,9.45806451612903,18.6,Humid Pampas,Pampa,"c(701877.491647534, -3603440.19036986)"
2016-06,CLASSON,4,14.9766666666667,64,Humid Pampas,Pampa,"c(660613.085731839, -3593090.1566713)"
2016-06,INTA - OLIVEROS (EMC),16.2766666666667,4.73666666666667,52.9,Humid Pampas,Pampa,"c(701877.491647534, -3603440.19036986)"
2016-07,CLASSON,5.49677419354839,14.5193548387097,13.6,Humid Pampas,Pampa,"c(660613.085731839, -3593090.1566713)"
2016-07,INTA - OLIVEROS (EMC),16.0354838709677,7.01612903225807,30,Humid Pampas,Pampa,"c(701877.491647534, -3603440.19036986)"
2016-08,CLASSON,6.00645161290323,20.8903225806452,15.6,Humid Pampas,Pampa,"c(660613.085731839, -3593090.1566713)"
2016-08,INTA - OLIVEROS (EMC),21.658064516129,6.57741935483871,23,Humid Pampas,Pampa,"c(701877.491647534, -3603440.19036986)"
2016-09,CLASSON,7.68,21.7233333333333,22.8,Humid Pampas,Pampa,"c(660613.085731839, -3593090.1566713)"
2016-09,INTA - OLIVEROS (EMC),22.1766666666667,8.57666666666667,24.5,Humid Pampas,Pampa,"c(701877.491647534, -3603440.19036986)"
2016-10,CLASSON,12.5483870967742,23.8451612903226,115.6,Humid Pampas,Pampa,"c(660613.085731839, -3593090.1566713)"
2016-10,INTA - OLIVEROS (EMC),24.4548387096774,12.7225806451613,90.7,Humid Pampas,Pampa,"c(701877.491647534, -3603440.19036986)"
2016-11,CLASSON,13.92,29.97,140.4,Humid Pampas,Pampa,"c(660613.085731839, -3593090.1566713)"
2016-11,INTA - OLIVEROS (EMC),27.88,13.86,107.7,Humid Pampas,Pampa,"c(701877.491647534, -3603440.19036986)"
2016-12,CLASSON,17.4129032258065,31.5548387096774,135.2,Humid Pampas,Pampa,"c(660613.085731839, -3593090.1566713)"
2016-12,INTA - OLIVEROS (EMC),31.9032258064516,17.4193548387097,123.9,Humid Pampas,Pampa,"c(701877.491647534, -3603440.19036986)"
2017-01,CLASSON,19.7387096774194,31.8903225806452,221.6,Humid Pampas,Pampa,"c(660613.085731839, -3593090.1566713)"
2017-01,INTA - OLIVEROS (EMC),31.6677419354839,19.5516129032258,150.2,Humid Pampas,Pampa,"c(701877.491647534, -3603440.19036986)"
2017-02,CLASSON,19.7357142857143,31.2214285714286,210.4,Humid Pampas,Pampa,"c(660613.085731839, -3593090.1566713)"
2017-02,INTA - OLIVEROS (EMC),30.8,19.1142857142857,177.1,Humid Pampas,Pampa,"c(701877.491647534, -3603440.19036986)"
2017-03,CLASSON,16.7032258064516,27.7451612903226,161.6,Humid Pampas,Pampa,"c(660613.085731839, -3593090.1566713)"
2017-03,INTA - OLIVEROS (EMC),28.7129032258065,16.0161290322581,129.6,Humid Pampas,Pampa,"c(701877.491647534, -3603440.19036986)"
2017-04,CLASSON,12.5866666666667,24.0566666666667,159.6,Humid Pampas,Pampa,"c(660613.085731839, -3593090.1566713)"
2017-04,INTA - OLIVEROS (EMC),24.4266666666667,12.11,114,Humid Pampas,Pampa,"c(701877.491647534, -3603440.19036986)"
2017-05,CLASSON,10.9354838709677,20.1548387096774,32,Humid Pampas,Pampa,"c(660613.085731839, -3593090.1566713)"
2017-05,INTA - OLIVEROS (EMC),21.0806451612903,11.1709677419355,55.8,Humid Pampas,Pampa,"c(701877.491647534, -3603440.19036986)"
2017-06,CLASSON,7.22068965517241,18.6965517241379,33.2,Humid Pampas,Pampa,"c(660613.085731839, -3593090.1566713)"
2017-06,INTA - OLIVEROS (EMC),,,0,Humid Pampas,Pampa,"c(701877.491647534, -3603440.19036986)"
2017-07,CLASSON,7.90322580645161,18.2,26,Humid Pampas,Pampa,"c(660613.085731839, -3593090.1566713)"
2017-08,CLASSON,8.5,19.9129032258065,42,Humid Pampas,Pampa,"c(660613.085731839, -3593090.1566713)"
2017-09,CLASSON,9.46666666666667,21.51,155.6,Humid Pampas,Pampa,"c(660613.085731839, -3593090.1566713)"
2017-10,CLASSON,11.3870967741935,24.6322580645161,136,Humid Pampas,Pampa,"c(660613.085731839, -3593090.1566713)"
2017-11,CLASSON,13.8833333333333,29.63,71.2,Humid Pampas,Pampa,"c(660613.085731839, -3593090.1566713)"
2017-12,CLASSON,17.7161290322581,31.7483870967742,162.8,Humid Pampas,Pampa,"c(660613.085731839, -3593090.1566713)"
2009-01,ALVAREZ,15.1741935483871,30.1258064516129,68.8,Humid Pampas,Pampa,"c(704862.180899874, -3667914.61987885)"
2009-01,ROSARIO,19.2370967741936,31.6354838709677,115.25,Humid Pampas,Pampa,"c(713406.545072466, -3646419.63688834)"
2009-01,UNR - ZAVALLA (EMC),31.0774193548387,16.2451612903226,45.9,Humid Pampas,Pampa,"c(698015.367127424, -3655500.99574162)"
2009-02,ALVAREZ,14.8714285714286,27.575,352.8,Humid Pampas,Pampa,"c(704862.180899874, -3667914.61987885)"
2009-02,ROSARIO,19.0732142857143,29.9232142857143,303.8,Humid Pampas,Pampa,"c(713406.545072466, -3646419.63688834)"
2009-02,UNR - ZAVALLA (EMC),28.8285714285714,16.3428571428571,313.1,Humid Pampas,Pampa,"c(698015.367127424, -3655500.99574162)"
2009-03,ALVAREZ,14.3161290322581,27.7967741935484,180,Humid Pampas,Pampa,"c(704862.180899874, -3667914.61987885)"
2009-03,ROSARIO,18.5274193548387,29.6774193548387,169.6,Humid Pampas,Pampa,"c(713406.545072466, -3646419.63688834)"
2009-03,UNR - ZAVALLA (EMC),29.3741935483871,15.8548387096774,104.3,Humid Pampas,Pampa,"c(698015.367127424, -3655500.99574162)"
2009-04,ALVAREZ,10.4366666666667,25.6266666666667,71.2,Humid Pampas,Pampa,"c(704862.180899874, -3667914.61987885)"
2009-04,ROSARIO,14.67,26.635,65.3,Humid Pampas,Pampa,"c(713406.545072466, -3646419.63688834)"
2009-04,UNR - ZAVALLA (EMC),26.7433333333333,13.2433333333333,41.3,Humid Pampas,Pampa,"c(698015.367127424, -3655500.99574162)"
2009-05,ALVAREZ,7.01111111111111,20.1222222222222,33.2,Humid Pampas,Pampa,"c(704862.180899874, -3667914.61987885)"
2009-05,ROSARIO,11.3774193548387,22.2951612903226,22.8,Humid Pampas,Pampa,"c(713406.545072466, -3646419.63688834)"
2009-05,UNR - ZAVALLA (EMC),22.4193548387097,9.51935483870968,11.8,Humid Pampas,Pampa,"c(698015.367127424, -3655500.99574162)"
2009-06,ALVAREZ,1.17,16.6966666666667,7.6,Humid Pampas,Pampa,"c(704862.180899874, -3667914.61987885)"
2009-06,ROSARIO,5.805,17.7766666666667,1.9,Humid Pampas,Pampa,"c(713406.545072466, -3646419.63688834)"
2009-06,UNR - ZAVALLA (EMC),17.83,3.50333333333333,0,Humid Pampas,Pampa,"c(698015.367127424, -3655500.99574162)"
2009-07,ALVAREZ,0.445161290322581,15.5064516129032,90.8,Humid Pampas,Pampa,"c(704862.180899874, -3667914.61987885)"
2009-07,ROSARIO,4.98225806451613,16.7112903225806,71.5,Humid Pampas,Pampa,"c(713406.545072466, -3646419.63688834)"
2009-07,UNR - ZAVALLA (EMC),16.741935483871,2.6741935483871,36.1,Humid Pampas,Pampa,"c(698015.367127424, -3655500.99574162)"
2009-08,ALVAREZ,5.55161290322581,21.0903225806452,4.4,Humid Pampas,Pampa,"c(704862.180899874, -3667914.61987885)"
2009-08,ROSARIO,9.74677419354839,22.6112903225806,5.1,Humid Pampas,Pampa,"c(713406.545072466, -3646419.63688834)"
2009-08,UNR - ZAVALLA (EMC),22.8903225806452,7.44516129032258,1.7,Humid Pampas,Pampa,"c(698015.367127424, -3655500.99574162)"
2009-09,ALVAREZ,5.09666666666667,17.3966666666667,129.6,Humid Pampas,Pampa,"c(704862.180899874, -3667914.61987885)"
2009-09,ROSARIO,8.99,19.49,133.4,Humid Pampas,Pampa,"c(713406.545072466, -3646419.63688834)"
2009-09,UNR - ZAVALLA (EMC),18.9933333333333,6.82666666666667,93,Humid Pampas,Pampa,"c(698015.367127424, -3655500.99574162)"
2009-10,ALVAREZ,8.43870967741936,23.7709677419355,108,Humid Pampas,Pampa,"c(704862.180899874, -3667914.61987885)"
2009-10,ROSARIO,13,25.2854838709677,53.4,Humid Pampas,Pampa,"c(713406.545072466, -3646419.63688834)"
2009-10,UNR - ZAVALLA (EMC),25.3366666666667,10.2766666666667,70.2,Humid Pampas,Pampa,"c(698015.367127424, -3655500.99574162)"
2009-11,ALVAREZ,14.3133333333333,25.67,207.6,Humid Pampas,Pampa,"c(704862.180899874, -3667914.61987885)"
2009-11,ROSARIO,17.8933333333333,27.67,226.4,Humid Pampas,Pampa,"c(713406.545072466, -3646419.63688834)"
2009-11,UNR - ZAVALLA (EMC),26.8366666666667,15.8033333333333,148.7,Humid Pampas,Pampa,"c(698015.367127424, -3655500.99574162)"
2009-12,ALVAREZ,15.1967741935484,26.3903225806452,236.8,Humid Pampas,Pampa,"c(704862.180899874, -3667914.61987885)"
2009-12,ROSARIO,19.0064516129032,27.858064516129,276.1,Humid Pampas,Pampa,"c(713406.545072466, -3646419.63688834)"
2009-12,UNR - ZAVALLA (EMC),27.1967741935484,16.3645161290323,178.1,Humid Pampas,Pampa,"c(698015.367127424, -3655500.99574162)"
2010-01,ALVAREZ,17.2225806451613,29.8,204,Humid Pampas,Pampa,"c(704862.180899874, -3667914.61987885)"
2010-01,ROSARIO,21.7322580645161,31.3241935483871,223.25,Humid Pampas,Pampa,"c(713406.545072466, -3646419.63688834)"
2010-01,UNR - ZAVALLA (EMC),30.7741935483871,17.7806451612903,156.9,Humid Pampas,Pampa,"c(698015.367127424, -3655500.99574162)"
2010-01,ZAVALLA,17.96,31.09,15.6,Humid Pampas,Pampa,"c(698076.923035877, -3655676.3892608)"
2010-02,ALVAREZ,17.4107142857143,27.4392857142857,256,Humid Pampas,Pampa,"c(704862.180899874, -3667914.61987885)"
2010-02,ROSARIO,21.35,29.2196428571429,319.95,Humid Pampas,Pampa,"c(713406.545072466, -3646419.63688834)"
2010-02,UNR - ZAVALLA (EMC),29.025,18.65,204.6,Humid Pampas,Pampa,"c(698015.367127424, -3655500.99574162)"
2010-02,ZAVALLA,16.2964285714286,27.0678571428571,214,Humid Pampas,Pampa,"c(698076.923035877, -3655676.3892608)"
2010-03,ALVAREZ,14.5258064516129,28.0516129032258,88.8,Humid Pampas,Pampa,"c(704862.180899874, -3667914.61987885)"
2010-03,ROSARIO,19.6870967741936,29.2225806451613,87.35,Humid Pampas,Pampa,"c(713406.545072466, -3646419.63688834)"
2010-03,UNR - ZAVALLA (EMC),29.1677419354839,16.1,97.7,Humid Pampas,Pampa,"c(698015.367127424, -3655500.99574162)"
2010-03,ZAVALLA,14.3258064516129,29.0903225806452,110,Humid Pampas,Pampa,"c(698076.923035877, -3655676.3892608)"
2010-04,ALVAREZ,8.71333333333333,21.6733333333333,113.6,Humid Pampas,Pampa,"c(704862.180899874, -3667914.61987885)"
2010-04,ROSARIO,13.4216666666667,23.2866666666667,98.15,Humid Pampas,Pampa,"c(713406.545072466, -3646419.63688834)"
2010-04,UNR - ZAVALLA (EMC),23.33,10.2466666666667,65.9,Humid Pampas,Pampa,"c(698015.367127424, -3655500.99574162)"
2010-04,ZAVALLA,7.64,21.4133333333333,88.4,Humid Pampas,Pampa,"c(698076.923035877, -3655676.3892608)"
2010-05,ALVAREZ,6.97096774193548,18.1483870967742,90,Humid Pampas,Pampa,"c(704862.180899874, -3667914.61987885)"
2010-05,ROSARIO,11.0483870967742,19.5193548387097,103.8,Humid Pampas,Pampa,"c(713406.545072466, -3646419.63688834)"
2010-05,UNR - ZAVALLA (EMC),19.9290322580645,8.34838709677419,66.4,Humid Pampas,Pampa,"c(698015.367127424, -3655500.99574162)"
2010-05,ZAVALLA,5.98064516129032,18.0193548387097,80,Humid Pampas,Pampa,"c(698076.923035877, -3655676.3892608)"
2010-06,ALVAREZ,4.36,15.1533333333333,12,Humid Pampas,Pampa,"c(704862.180899874, -3667914.61987885)"
2010-06,ROSARIO,8.50833333333333,16.68,7.5,Humid Pampas,Pampa,"c(713406.545072466, -3646419.63688834)"
2010-06,UNR - ZAVALLA (EMC),16.4433333333333,5.43666666666667,0.6,Humid Pampas,Pampa,"c(698015.367127424, -3655500.99574162)"
2010-06,ZAVALLA,2.34333333333333,14.2566666666667,12.8,Humid Pampas,Pampa,"c(698076.923035877, -3655676.3892608)"
2010-07,ALVAREZ,2.15161290322581,14.4935483870968,33.6,Humid Pampas,Pampa,"c(704862.180899874, -3667914.61987885)"
2010-07,ROSARIO,6.21451612903226,16.5709677419355,36.9,Humid Pampas,Pampa,"c(713406.545072466, -3646419.63688834)"
2010-07,UNR - ZAVALLA (EMC),15.4516129032258,2.94516129032258,17.7,Humid Pampas,Pampa,"c(698015.367127424, -3655500.99574162)"
2010-07,ZAVALLA,0.154838709677419,13.2741935483871,24.8,Humid Pampas,Pampa,"c(698076.923035877, -3655676.3892608)"
2010-08,ALVAREZ,2.08064516129032,15.2387096774194,20,Humid Pampas,Pampa,"c(704862.180899874, -3667914.61987885)"
2010-08,ROSARIO,5.88387096774194,16.9967741935484,12.65,Humid Pampas,Pampa,"c(713011.845806163, -3646278.14242071)"
2010-08,UNR - ZAVALLA (EMC),16.5741935483871,3.22903225806452,8.2,Humid Pampas,Pampa,"c(698015.367127424, -3655500.99574162)"
2010-08,ZAVALLA,0.380645161290323,13.541935483871,14.4,Humid Pampas,Pampa,"c(698076.923035877, -3655676.3892608)"
2010-09,ALVAREZ,7.45333333333333,19.55,74.8,Humid Pampas,Pampa,"c(704862.180899874, -3667914.61987885)"
2010-09,ROSARIO,10.9983333333333,20.9316666666667,82.55,Humid Pampas,Pampa,"c(713406.545072466, -3646419.63688834)"
2010-09,UNR - ZAVALLA (EMC),20.2533333333333,8.75,43.3,Humid Pampas,Pampa,"c(698015.367127424, -3655500.99574162)"
2010-09,ZAVALLA,4.91,17.4633333333333,59.6,Humid Pampas,Pampa,"c(698076.923035877, -3655676.3892608)"
2010-10,ALVAREZ,8.36129032258065,22.2225806451613,61.2,Humid Pampas,Pampa,"c(704862.180899874, -3667914.61987885)"
2010-10,ROSARIO,12.3387096774194,23.4758064516129,50.25,Humid Pampas,Pampa,"c(713406.545072466, -3646419.63688834)"
2010-10,UNR - ZAVALLA (EMC),22.9903225806452,9.68387096774194,37.5,Humid Pampas,Pampa,"c(698015.367127424, -3655500.99574162)"
2010-10,ZAVALLA,6.36774193548387,20.6935483870968,49.6,Humid Pampas,Pampa,"c(698076.923035877, -3655676.3892608)"
2010-11,ALVAREZ,11.61,27.2433333333333,53.2,Humid Pampas,Pampa,"c(704862.180899874, -3667914.61987885)"
2010-11,ROSARIO,15.4933333333333,28.56,24.15,Humid Pampas,Pampa,"c(713406.545072466, -3646419.63688834)"
2010-11,UNR - ZAVALLA (EMC),28.2733333333333,12.76,45.5,Humid Pampas,Pampa,"c(698015.367127424, -3655500.99574162)"
2010-11,ZAVALLA,10.98,29.0033333333333,45.2,Humid Pampas,Pampa,"c(698076.923035877, -3655676.3892608)"
2010-12,ALVAREZ,15.6,29.0178571428571,102,Humid Pampas,Pampa,"c(704862.180899874, -3667914.61987885)"
2010-12,ROSARIO,18.8758064516129,31.3903225806452,91.3,Humid Pampas,Pampa,"c(713406.545072466, -3646419.63688834)"
2010-12,UNR - ZAVALLA (EMC),30.6548387096774,16.2516129032258,73.3,Humid Pampas,Pampa,"c(698015.367127424, -3655500.99574162)"
2010-12,ZAVALLA,14.4741935483871,32.4612903225806,82,Humid Pampas,Pampa,"c(698076.923035877, -3655676.3892608)"
2011-01,ALVAREZ,17.041935483871,30.6,113.2,Humid Pampas,Pampa,"c(704862.180899874, -3667914.61987885)"
2011-01,ROSARIO,20.5451612903226,32.4661290322581,179.25,Humid Pampas,Pampa,"c(713406.545072466, -3646419.63688834)"
2011-01,UNR - ZAVALLA (EMC),30.9677419354839,18.2935483870968,101,Humid Pampas,Pampa,"c(698015.367127424, -3655500.99574162)"
2011-01,ZAVALLA,16.4655172413793,32.6172413793103,111.6,Humid Pampas,Pampa,"c(698076.923035877, -3655676.3892608)"
2011-02,ALVAREZ,15.8590909090909,28.2,230.4,Humid Pampas,Pampa,"c(704862.180899874, -3667914.61987885)"
2011-02,ROSARIO,19.2357142857143,29.5821428571429,255.9,Humid Pampas,Pampa,"c(713406.545072466, -3646419.63688834)"
2011-02,UNR - ZAVALLA (EMC),28.0107142857143,16.3392857142857,145.7,Humid Pampas,Pampa,"c(698015.367127424, -3655500.99574162)"
2011-02,ZAVALLA,14.9875,28.4958333333333,183.6,Humid Pampas,Pampa,"c(698076.923035877, -3655676.3892608)"
2011-03,ALVAREZ,11.4838709677419,27.2354838709677,80.8,Humid Pampas,Pampa,"c(704862.180899874, -3667914.61987885)"
2011-03,ROSARIO,16.6758064516129,28.4225806451613,146.6,Humid Pampas,Pampa,"c(713406.545072466, -3646419.63688834)"
2011-03,UNR - ZAVALLA (EMC),27.8,12.8258064516129,64.2,Humid Pampas,Pampa,"c(698015.367127424, -3655500.99574162)"
2011-03,ZAVALLA,12.1233333333333,28.3066666666667,85.6,Humid Pampas,Pampa,"c(698076.923035877, -3655676.3892608)"
2011-04,ALVAREZ,10.55,23.0866666666667,191.6,Humid Pampas,Pampa,"c(704862.180899874, -3667914.61987885)"
2011-04,ROSARIO,14.5083333333333,24.675,167.15,Humid Pampas,Pampa,"c(713406.545072466, -3646419.63688834)"
2011-04,UNR - ZAVALLA (EMC),24.1033333333333,11.5733333333333,130.7,Humid Pampas,Pampa,"c(698015.367127424, -3655500.99574162)"
2011-04,ZAVALLA,9.825,24.2666666666667,132,Humid Pampas,Pampa,"c(698076.923035877, -3655676.3892608)"
2011-05,ALVAREZ,6.85483870967742,17.9322580645161,76.8,Humid Pampas,Pampa,"c(704862.180899874, -3667914.61987885)"
2011-05,ROSARIO,11.4612903225806,19.3935483870968,76.05,Humid Pampas,Pampa,"c(713406.545072466, -3646419.63688834)"
2011-05,UNR - ZAVALLA (EMC),19.03,8.17666666666667,71.9,Humid Pampas,Pampa,"c(698015.367127424, -3655500.99574162)"
2011-05,ZAVALLA,5.16818181818182,18.2772727272727,95.6,Humid Pampas,Pampa,"c(698076.923035877, -3655676.3892608)"
2011-06,ALVAREZ,5.04,14.6,24,Humid Pampas,Pampa,"c(704862.180899874, -3667914.61987885)"
2011-06,ROSARIO,8.205,16.1366666666667,31.15,Humid Pampas,Pampa,"c(713406.545072466, -3646419.63688834)"
2011-06,UNR - ZAVALLA (EMC),15.3833333333333,5.77,13.9,Humid Pampas,Pampa,"c(698015.367127424, -3655500.99574162)"
2011-06,ZAVALLA,3.06333333333333,14.6033333333333,28.4,Humid Pampas,Pampa,"c(698076.923035877, -3655676.3892608)"
2011-07,ALVAREZ,2.76451612903226,15.2709677419355,39.6,Humid Pampas,Pampa,"c(704862.180899874, -3667914.61987885)"
2011-07,ROSARIO,6.27258064516129,16.6016129032258,18,Humid Pampas,Pampa,"c(713406.545072466, -3646419.63688834)"
2011-07,UNR - ZAVALLA (EMC),16.4096774193548,3.88064516129032,34.8,Humid Pampas,Pampa,"c(698015.367127424, -3655500.99574162)"
2011-07,ZAVALLA,0.9,14.5161290322581,42.4,Humid Pampas,Pampa,"c(698076.923035877, -3655676.3892608)"
2011-08,ALVAREZ,3.50645161290323,15.7161290322581,4.8,Humid Pampas,Pampa,"c(704862.180899874, -3667914.61987885)"
2011-08,ROSARIO,7.35967741935484,17.3870967741936,1.45,Humid Pampas,Pampa,"c(713406.545072466, -3646419.63688834)"
2011-08,UNR - ZAVALLA (EMC),16.8354838709677,4.52258064516129,0,Humid Pampas,Pampa,"c(698015.367127424, -3655500.99574162)"
2011-08,ZAVALLA,1.80344827586207,15.0931034482759,5.2,Humid Pampas,Pampa,"c(698076.923035877, -3655676.3892608)"
2011-09,ALVAREZ,7.35666666666667,22.3533333333333,20.8,Humid Pampas,Pampa,"c(704862.180899874, -3667914.61987885)"
2011-09,ROSARIO,11.7683333333333,23.1683333333333,7.6,Humid Pampas,Pampa,"c(713406.545072466, -3646419.63688834)"
2011-09,UNR - ZAVALLA (EMC),22.7133333333333,8.44333333333333,7.2,Humid Pampas,Pampa,"c(698015.367127424, -3655500.99574162)"
2011-09,ZAVALLA,4.78,21.09,9.2,Humid Pampas,Pampa,"c(698076.923035877, -3655676.3892608)"
2011-10,ALVAREZ,9.74516129032258,21.8129032258065,142,Humid Pampas,Pampa,"c(704862.180899874, -3667914.61987885)"
2011-10,ROSARIO,13.4161290322581,23.0564516129032,137,Humid Pampas,Pampa,"c(713406.545072466, -3646419.63688834)"
2011-10,UNR - ZAVALLA (EMC),22.4258064516129,11.3612903225806,151.6,Humid Pampas,Pampa,"c(698015.367127424, -3655500.99574162)"
2011-10,ZAVALLA,8.46774193548387,21.0806451612903,146.4,Humid Pampas,Pampa,"c(698076.923035877, -3655676.3892608)"
2011-11,ALVAREZ,14.8566666666667,27.76,72.4,Humid Pampas,Pampa,"c(704862.180899874, -3667914.61987885)"
2011-11,ROSARIO,18.6866666666667,29.465,91.3,Humid Pampas,Pampa,"c(713406.545072466, -3646419.63688834)"
2011-11,UNR - ZAVALLA (EMC),28.4333333333333,15.7866666666667,99.1,Humid Pampas,Pampa,"c(698015.367127424, -3655500.99574162)"
2011-11,ZAVALLA,12.71,27.1633333333333,101.2,Humid Pampas,Pampa,"c(698076.923035877, -3655676.3892608)"
2011-12,ALVAREZ,14.358064516129,29.9774193548387,45.2,Humid Pampas,Pampa,"c(704862.180899874, -3667914.61987885)"
2011-12,ROSARIO,18.7451612903226,31.1887096774194,49.8,Humid Pampas,Pampa,"c(713406.545072466, -3646419.63688834)"
2011-12,UNR - ZAVALLA (EMC),30.1387096774194,15.5322580645161,40.1,Humid Pampas,Pampa,"c(698015.367127424, -3655500.99574162)"
2011-12,ZAVALLA,12.841935483871,29.9903225806452,41.6,Humid Pampas,Pampa,"c(698076.923035877, -3655676.3892608)"
2012-01,ALVAREZ,16.5741935483871,32.1290322580645,95.2,Humid Pampas,Pampa,"c(704862.180899874, -3667914.61987885)"
2012-01,ROSARIO,20.7870967741936,33.4322580645161,105,Humid Pampas,Pampa,"c(713406.545072466, -3646419.63688834)"
2012-01,UNR - ZAVALLA (EMC),31.9483870967742,17.4096774193548,74.2,Humid Pampas,Pampa,"c(698015.367127424, -3655500.99574162)"
2012-01,ZAVALLA,15.1903225806452,32,92.8,Humid Pampas,Pampa,"c(698076.923035877, -3655676.3892608)"
2012-02,ALVAREZ,17.248275862069,28.7034482758621,327.2,Humid Pampas,Pampa,"c(704862.180899874, -3667914.61987885)"
2012-02,ROSARIO,20.598275862069,31.051724137931,243.65,Humid Pampas,Pampa,"c(713406.545072466, -3646419.63688834)"
2012-02,UNR - ZAVALLA (EMC),29.1214285714286,18.2642857142857,216.2,Humid Pampas,Pampa,"c(698015.367127424, -3655500.99574162)"
2012-02,ZAVALLA,15.7793103448276,28.7827586206897,222.4,Humid Pampas,Pampa,"c(698076.923035877, -3655676.3892608)"
2012-03,ALVAREZ,13.8096774193548,26.158064516129,164.4,Humid Pampas,Pampa,"c(704862.180899874, -3667914.61987885)"
2012-03,ROSARIO,17.6629032258065,28.4467741935484,172.6,Humid Pampas,Pampa,"c(713406.545072466, -3646419.63688834)"
2012-03,UNR - ZAVALLA (EMC),27.1633333333333,15.2966666666667,42.8,Humid Pampas,Pampa,"c(698015.367127424, -3655500.99574162)"
2012-03,ZAVALLA,12.3096774193548,26.6774193548387,156,Humid Pampas,Pampa,"c(698076.923035877, -3655676.3892608)"
2012-04,ALVAREZ,10.6966666666667,22.9233333333333,37.6,Humid Pampas,Pampa,"c(704862.180899874, -3667914.61987885)"
2012-04,ROSARIO,14.5066666666667,24.5533333333333,45.35,Humid Pampas,Pampa,"c(713406.545072466, -3646419.63688834)"
2012-04,UNR - ZAVALLA (EMC),23.9066666666667,11.8666666666667,9.2,Humid Pampas,Pampa,"c(698015.367127424, -3655500.99574162)"
2012-04,ZAVALLA,9.96,23.98,42.8,Humid Pampas,Pampa,"c(698076.923035877, -3655676.3892608)"
2012-05,ALVAREZ,10.141935483871,20.7870967741935,96.8,Humid Pampas,Pampa,"c(704862.180899874, -3667914.61987885)"
2012-05,ROSARIO,13.4096774193548,22.5290322580645,107.5,Humid Pampas,Pampa,"c(713406.545072466, -3646419.63688834)"
2012-05,UNR - ZAVALLA (EMC),21.2225806451613,10.8645161290323,86.7,Humid Pampas,Pampa,"c(698015.367127424, -3655500.99574162)"
2012-05,ZAVALLA,8.20322580645161,19.8096774193548,104.4,Humid Pampas,Pampa,"c(698076.923035877, -3655676.3892608)"
2012-06,ALVAREZ,4.84333333333333,16.8166666666667,3.6,Humid Pampas,Pampa,"c(704862.180899874, -3667914.61987885)"
2012-06,ROSARIO,8.29833333333333,18.3783333333333,3.75,Humid Pampas,Pampa,"c(713406.545072466, -3646419.63688834)"
2012-06,UNR - ZAVALLA (EMC),17.3233333333333,5.83666666666667,8.5,Humid Pampas,Pampa,"c(698015.367127424, -3655500.99574162)"
2012-06,ZAVALLA,2.52666666666667,16.1633333333333,19.6,Humid Pampas,Pampa,"c(698076.923035877, -3655676.3892608)"
2012-07,ALVAREZ,0.812903225806452,15.3451612903226,3.6,Humid Pampas,Pampa,"c(704862.180899874, -3667914.61987885)"
2012-07,ROSARIO,5.34032258064516,16.6387096774194,7.4,Humid Pampas,Pampa,"c(713406.545072466, -3646419.63688834)"
2012-07,UNR - ZAVALLA (EMC),16.0612903225806,1.85483870967742,4,Humid Pampas,Pampa,"c(698015.367127424, -3655500.99574162)"
2012-07,ZAVALLA,-1.2741935483871,14.1612903225806,6,Humid Pampas,Pampa,"c(698076.923035877, -3655676.3892608)"
2012-08,ALVAREZ,7.39354838709677,17.8548387096774,195.2,Humid Pampas,Pampa,"c(704862.180899874, -3667914.61987885)"
2012-08,ROSARIO,10.7790322580645,19.4258064516129,138.4,Humid Pampas,Pampa,"c(713406.545072466, -3646419.63688834)"
2012-08,UNR - ZAVALLA (EMC),18.141935483871,8.16451612903226,171,Humid Pampas,Pampa,"c(698015.367127424, -3655500.99574162)"
2012-08,ZAVALLA,5.03548387096774,16.1709677419355,152.8,Humid Pampas,Pampa,"c(698076.923035877, -3655676.3892608)"
2012-09,ALVAREZ,9.12666666666667,20.03,125.2,Humid Pampas,Pampa,"c(704862.180899874, -3667914.61987885)"
2012-09,ROSARIO,12.2283333333333,22.03,155.85,Humid Pampas,Pampa,"c(713406.545072466, -3646419.63688834)"
2012-09,UNR - ZAVALLA (EMC),20.5172413793103,9.35862068965517,93.8,Humid Pampas,Pampa,"c(698015.367127424, -3655500.99574162)"
2012-09,ZAVALLA,6.63333333333333,18.88,122.8,Humid Pampas,Pampa,"c(698076.923035877, -3655676.3892608)"
2012-10,ALVAREZ,12.3451612903226,22.3677419354839,285.2,Humid Pampas,Pampa,"c(704862.180899874, -3667914.61987885)"
2012-10,ROSARIO,15.3209677419355,24.341935483871,328.35,Humid Pampas,Pampa,"c(713406.545072466, -3646419.63688834)"
2012-10,UNR - ZAVALLA (EMC),22.6966666666667,13.0933333333333,307,Humid Pampas,Pampa,"c(698015.367127424, -3655500.99574162)"
2012-10,ZAVALLA,9.94838709677419,21.3387096774194,334,Humid Pampas,Pampa,"c(698076.923035877, -3655676.3892608)"
2012-11,ALVAREZ,15.8285714285714,27.3333333333333,140,Humid Pampas,Pampa,"c(704862.180899874, -3667914.61987885)"
2012-11,ROSARIO,18.2066666666667,29.2166666666667,107.9,Humid Pampas,Pampa,"c(713406.545072466, -3646419.63688834)"
2012-11,UNR - ZAVALLA (EMC),28,15.58,98.3,Humid Pampas,Pampa,"c(698015.367127424, -3655500.99574162)"
2012-11,ZAVALLA,12.1266666666667,27.0633333333333,111.2,Humid Pampas,Pampa,"c(698076.923035877, -3655676.3892608)"
2012-12,ALVAREZ,16.8645161290323,29.4193548387097,248,Humid Pampas,Pampa,"c(704862.180899874, -3667914.61987885)"
2012-12,ROSARIO,19.6887096774194,31.0612903225807,370,Humid Pampas,Pampa,"c(713406.545072466, -3646419.63688834)"
2012-12,UNR - ZAVALLA (EMC),29.2709677419355,17.4225806451613,244,Humid Pampas,Pampa,"c(698015.367127424, -3655500.99574162)"
2012-12,ZAVALLA,14.4709677419355,30.2322580645161,269.2,Humid Pampas,Pampa,"c(698076.923035877, -3655676.3892608)"
2013-01,ALVAREZ,18.5153846153846,31.2846153846154,37.6,Humid Pampas,Pampa,"c(704862.180899874, -3667914.61987885)"
2013-01,ROSARIO,20.191935483871,31.9306451612903,62.95,Humid Pampas,Pampa,"c(713406.545072466, -3646419.63688834)"
2013-01,UNR - ZAVALLA (EMC),30.8258064516129,16.8548387096774,31.3,Humid Pampas,Pampa,"c(698015.367127424, -3655500.99574162)"
2013-01,ZAVALLA,15.6677419354839,32.2451612903226,55.6,Humid Pampas,Pampa,"c(698076.923035877, -3655676.3892608)"
2013-02,ALVAREZ,17.2,25.7631578947368,107.6,Humid Pampas,Pampa,"c(704862.180899874, -3667914.61987885)"
2013-02,ROSARIO,19.1857142857143,30.0232142857143,108.65,Humid Pampas,Pampa,"c(713406.545072466, -3646419.63688834)"
2013-02,UNR - ZAVALLA (EMC),28.1392857142857,16.1392857142857,83.7,Humid Pampas,Pampa,"c(698015.367127424, -3655500.99574162)"
2013-02,ZAVALLA,13.9,27.9571428571429,94.8,Humid Pampas,Pampa,"c(698076.923035877, -3655676.3892608)"
2013-03,ALVAREZ,13.8533333333333,24.7333333333333,26,Humid Pampas,Pampa,"c(704862.180899874, -3667914.61987885)"
2013-03,ROSARIO,15.7112903225806,27.2435483870968,55.4,Humid Pampas,Pampa,"c(713406.545072466, -3646419.63688834)"
2013-03,UNR - ZAVALLA (EMC),25.5064516129032,12.8612903225806,36.2,Humid Pampas,Pampa,"c(698015.367127424, -3655500.99574162)"
2013-03,ZAVALLA,10.9935483870968,25.4870967741936,38.8,Humid Pampas,Pampa,"c(698076.923035877, -3655676.3892608)"
2013-04,ALVAREZ,13.6,18.74,76.4,Humid Pampas,Pampa,"c(704862.180899874, -3667914.61987885)"
2013-04,ROSARIO,14.205,25.9733333333333,28.6,Humid Pampas,Pampa,"c(713406.545072466, -3646419.63688834)"
2013-04,UNR - ZAVALLA (EMC),25.2586206896552,11.0034482758621,36,Humid Pampas,Pampa,"c(698015.367127424, -3655500.99574162)"
2013-04,ZAVALLA,9.17,24.87,51.6,Humid Pampas,Pampa,"c(698076.923035877, -3655676.3892608)"
2013-05,ALVAREZ,9.1625,14.9125,58,Humid Pampas,Pampa,"c(704862.180899874, -3667914.61987885)"
2013-05,ROSARIO,11.2112903225806,20.9306451612903,85.7,Humid Pampas,Pampa,"c(713406.545072466, -3646419.63688834)"
2013-05,UNR - ZAVALLA (EMC),20.3870967741935,8.5,49.1,Humid Pampas,Pampa,"c(698015.367127424, -3655500.99574162)"
2013-05,ZAVALLA,6.48387096774194,20.3870967741935,58.4,Humid Pampas,Pampa,"c(698076.923035877, -3655676.3892608)"
2013-06,ALVAREZ,6.525,15.475,18,Humid Pampas,Pampa,"c(704862.180899874, -3667914.61987885)"
2013-06,ROSARIO,8.15333333333333,18.955,9.25,Humid Pampas,Pampa,"c(713406.545072466, -3646419.63688834)"
2013-06,UNR - ZAVALLA (EMC),18.0133333333333,5.47666666666667,10.2,Humid Pampas,Pampa,"c(698015.367127424, -3655500.99574162)"
2013-06,ZAVALLA,2.6,16.5366666666667,17.2,Humid Pampas,Pampa,"c(698076.923035877, -3655676.3892608)"
2013-07,ALVAREZ,5.53333333333333,10.8333333333333,10,Humid Pampas,Pampa,"c(704862.180899874, -3667914.61987885)"
2013-07,ROSARIO,8.26451612903226,17.8758064516129,30.85,Humid Pampas,Pampa,"c(713209.196733817, -3646348.88760204)"
2013-07,UNR - ZAVALLA (EMC),16.6870967741936,5.37741935483871,19.1,Humid Pampas,Pampa,"c(698015.367127424, -3655500.99574162)"
2013-07,ZAVALLA,1.94666666666667,15.28,24.8,Humid Pampas,Pampa,"c(698076.923035877, -3655676.3892608)"
2013-08,ROSARIO,6.94838709677419,19.0354838709677,0,Humid Pampas,Pampa,"c(713406.545072466, -3646419.63688834)"
2013-08,UNR - ZAVALLA (EMC),18.558064516129,3.05806451612903,0,Humid Pampas,Pampa,"c(698015.367127424, -3655500.99574162)"
2013-08,ZAVALLA,0.154838709677419,16.9548387096774,2.4,Humid Pampas,Pampa,"c(698076.923035877, -3655676.3892608)"
2013-09,ALVAREZ,6.33333333333333,15.5888888888889,16.4,Humid Pampas,Pampa,"c(704862.180899874, -3667914.61987885)"
2013-09,ROSARIO,10.575,21.6266666666667,44,Humid Pampas,Pampa,"c(713406.545072466, -3646419.63688834)"
2013-09,UNR - ZAVALLA (EMC),21.5966666666667,8.3,18.1,Humid Pampas,Pampa,"c(698015.367127424, -3655500.99574162)"
2013-09,ZAVALLA,5.25,19.9766666666667,31.6,Humid Pampas,Pampa,"c(698076.923035877, -3655676.3892608)"
2013-10,ALVAREZ,11.1258064516129,25.2903225806452,62.4,Humid Pampas,Pampa,"c(704862.180899874, -3667914.61987885)"
2013-10,ROSARIO,15.0870967741936,26.6725806451613,126.5,Humid Pampas,Pampa,"c(713406.545072466, -3646419.63688834)"
2013-10,UNR - ZAVALLA (EMC),25.9032258064516,12.1870967741936,91,Humid Pampas,Pampa,"c(698015.367127424, -3655500.99574162)"
2013-10,ZAVALLA,10.5612903225806,26.6677419354839,38,Humid Pampas,Pampa,"c(698076.923035877, -3655676.3892608)"
2013-11,ALVAREZ,14.8133333333333,26.5666666666667,208.8,Humid Pampas,Pampa,"c(704862.180899874, -3667914.61987885)"
2013-11,ROSARIO,17.5166666666667,28.3816666666667,193.5,Humid Pampas,Pampa,"c(713406.545072466, -3646419.63688834)"
2013-11,UNR - ZAVALLA (EMC),27.27,15.3766666666667,105.7,Humid Pampas,Pampa,"c(698015.367127424, -3655500.99574162)"
2013-11,ZAVALLA,13.0533333333333,26.7466666666667,173.6,Humid Pampas,Pampa,"c(698076.923035877, -3655676.3892608)"
2013-12,ALVAREZ,18.9064516129032,32.6032258064516,33.2,Humid Pampas,Pampa,"c(704862.180899874, -3667914.61987885)"
2013-12,ROSARIO,22.0193548387097,33.941935483871,67.35,Humid Pampas,Pampa,"c(713406.545072466, -3646419.63688834)"
2013-12,UNR - ZAVALLA (EMC),32.9612903225807,18.8548387096774,72.3,Humid Pampas,Pampa,"c(698015.367127424, -3655500.99574162)"
2013-12,ZAVALLA,17.1064516129032,33.4354838709677,60.8,Humid Pampas,Pampa,"c(698076.923035877, -3655676.3892608)"
2014-01,ALVAREZ,19.6782608695652,31.0782608695652,163.2,Humid Pampas,Pampa,"c(704862.180899874, -3667914.61987885)"
2014-01,ROSARIO,21.1177419354839,33.1161290322581,86.95,Humid Pampas,Pampa,"c(713406.545072466, -3646419.63688834)"
2014-01,UNR - ZAVALLA (EMC),32.7193548387097,19.8322580645161,122.5,Humid Pampas,Pampa,"c(698015.367127424, -3655500.99574162)"
2014-01,ZAVALLA,19.0290322580645,33.3451612903226,121.2,Humid Pampas,Pampa,"c(698076.923035877, -3655676.3892608)"
2014-02,ALVAREZ,17.625,26.3321428571429,354.4,Humid Pampas,Pampa,"c(704862.180899874, -3667914.61987885)"
2014-02,ROSARIO,19.6696428571429,28.5357142857143,277.1,Humid Pampas,Pampa,"c(713406.545072466, -3646419.63688834)"
2014-02,UNR - ZAVALLA (EMC),29.0666666666667,19.0333333333333,0,Humid Pampas,Pampa,"c(698015.367127424, -3655500.99574162)"
2014-02,ZAVALLA,19.6785714285714,26.9678571428571,265.8,Humid Pampas,Pampa,"c(698076.923035877, -3655676.3892608)"
2014-03,ALVAREZ,12.8379310344828,24.5965517241379,205.6,Humid Pampas,Pampa,"c(704862.180899874, -3667914.61987885)"
2014-03,ROSARIO,15.8209677419355,26.4403225806452,149.5,Humid Pampas,Pampa,"c(713406.545072466, -3646419.63688834)"
2014-03,ZAVALLA,13.658064516129,28.2290322580645,149.2,Humid Pampas,Pampa,"c(698076.923035877, -3655676.3892608)"
2014-04,ALVAREZ,14.4,22.9692307692308,133.2,Humid Pampas,Pampa,"c(704862.180899874, -3667914.61987885)"
2014-04,ROSARIO,14.9083333333333,23.9066666666667,109.65,Humid Pampas,Pampa,"c(713406.545072466, -3646419.63688834)"
2014-04,ZAVALLA,12.09,25.6333333333333,88.8,Humid Pampas,Pampa,"c(698076.923035877, -3655676.3892608)"
2014-05,ALVAREZ,8.67647058823529,16.0117647058824,78,Humid Pampas,Pampa,"c(704862.180899874, -3667914.61987885)"
2014-05,ROSARIO,11.8822580645161,19.4225806451613,38.55,Humid Pampas,Pampa,"c(713406.545072466, -3646419.63688834)"
2014-05,ZAVALLA,8.91290322580645,19.6129032258065,51.6,Humid Pampas,Pampa,"c(698076.923035877, -3655676.3892608)"
2014-06,ALVAREZ,5.49,17.2333333333333,30,Humid Pampas,Pampa,"c(704862.180899874, -3667914.61987885)"
2014-06,ROSARIO,9.66166666666667,17.4916666666667,16.05,Humid Pampas,Pampa,"c(713406.545072466, -3646419.63688834)"
2014-06,ZAVALLA,3.08,16.7133333333333,24,Humid Pampas,Pampa,"c(698076.923035877, -3655676.3892608)"
2014-07,ALVAREZ,6.77096774193548,17.2709677419355,52.4,Humid Pampas,Pampa,"c(704862.180899874, -3667914.61987885)"
2014-07,ROSARIO,10.9,17.8774193548387,32.05,Humid Pampas,Pampa,"c(713406.545072466, -3646419.63688834)"
2014-07,ZAVALLA,4.62903225806452,17.1451612903226,44.8,Humid Pampas,Pampa,"c(698076.923035877, -3655676.3892608)"
2014-08,ALVAREZ,7.50645161290323,21.0096774193548,5.2,Humid Pampas,Pampa,"c(704862.180899874, -3667914.61987885)"
2014-08,ROSARIO,10.5741935483871,21.4064516129032,0.2,Humid Pampas,Pampa,"c(713406.545072466, -3646419.63688834)"
2014-08,ZAVALLA,5.20645161290323,21.5903225806452,2.8,Humid Pampas,Pampa,"c(698076.923035877, -3655676.3892608)"
2014-09,ALVAREZ,8.89,20.9533333333333,120,Humid Pampas,Pampa,"c(704862.180899874, -3667914.61987885)"
2014-09,ROSARIO,12.3,22.1283333333333,92.35,Humid Pampas,Pampa,"c(713406.545072466, -3646419.63688834)"
2014-09,ZAVALLA,7.65333333333333,21.3133333333333,86.4,Humid Pampas,Pampa,"c(698076.923035877, -3655676.3892608)"
2014-10,ALVAREZ,13.5806451612903,25.7451612903226,97.2,Humid Pampas,Pampa,"c(704862.180899874, -3667914.61987885)"
2014-10,ROSARIO,16.3596774193548,27.0225806451613,117.2,Humid Pampas,Pampa,"c(713406.545072466, -3646419.63688834)"
2014-10,ZAVALLA,12.2193548387097,26.6967741935484,88.8,Humid Pampas,Pampa,"c(698076.923035877, -3655676.3892608)"
2014-11,ALVAREZ,13.62,27.1766666666667,242.8,Humid Pampas,Pampa,"c(704862.180899874, -3667914.61987885)"
2014-11,ROSARIO,17.07,28.3083333333333,145.65,Humid Pampas,Pampa,"c(713406.545072466, -3646419.63688834)"
2014-11,ZAVALLA,12.34,28.9466666666667,180.4,Humid Pampas,Pampa,"c(698076.923035877, -3655676.3892608)"
2014-12,ALVAREZ,16.6064516129032,28.2483870967742,138.8,Humid Pampas,Pampa,"c(704862.180899874, -3667914.61987885)"
2014-12,ROSARIO,19.0096774193548,30.1516129032258,138.25,Humid Pampas,Pampa,"c(713406.545072466, -3646419.63688834)"
2014-12,ZAVALLA,14.5483870967742,29.2741935483871,97.6,Humid Pampas,Pampa,"c(698076.923035877, -3655676.3892608)"
2015-01,ALVAREZ,17.858064516129,29.0709677419355,200,Humid Pampas,Pampa,"c(704862.180899874, -3667914.61987885)"
2015-01,ROSARIO,21.0435483870968,31.441935483871,222.1,Humid Pampas,Pampa,"c(713406.545072466, -3646419.63688834)"
2015-01,ZAVALLA,16.5483870967742,30.2645161290323,148.4,Humid Pampas,Pampa,"c(698076.923035877, -3655676.3892608)"
2015-02,ALVAREZ,16.6107142857143,28.3071428571429,73.2,Humid Pampas,Pampa,"c(704862.180899874, -3667914.61987885)"
2015-02,ROSARIO,20.5428571428571,30.2589285714286,63.7,Humid Pampas,Pampa,"c(713406.545072466, -3646419.63688834)"
2015-02,UNR - ZAVALLA (EMC),28.1107142857143,16.4678571428571,49.7,Humid Pampas,Pampa,"c(698015.367127424, -3655500.99574162)"
2015-02,ZAVALLA,16.2285714285714,29.4928571428571,78,Humid Pampas,Pampa,"c(698076.923035877, -3655676.3892608)"
2015-03,ALVAREZ,15.1806451612903,27.0322580645161,190.8,Humid Pampas,Pampa,"c(704862.180899874, -3667914.61987885)"
2015-03,ROSARIO,18.9870967741936,28.8854838709677,126.45,Humid Pampas,Pampa,"c(713406.545072466, -3646419.63688834)"
2015-03,UNR - ZAVALLA (EMC),27.6096774193548,15.8225806451613,126.3,Humid Pampas,Pampa,"c(698015.367127424, -3655500.99574162)"
2015-03,ZAVALLA,15.4064516129032,28.8193548387097,124.4,Humid Pampas,Pampa,"c(698076.923035877, -3655676.3892608)"
2015-04,ALVAREZ,13.3,26.6633333333333,46.8,Humid Pampas,Pampa,"c(704862.180899874, -3667914.61987885)"
2015-04,ROSARIO,16.7183333333333,27.69,54.2,Humid Pampas,Pampa,"c(713406.545072466, -3646419.63688834)"
2015-04,UNR - ZAVALLA (EMC),27.19,13.3166666666667,41.8,Humid Pampas,Pampa,"c(698015.367127424, -3655500.99574162)"
2015-04,ZAVALLA,12.22,27.89,51.2,Humid Pampas,Pampa,"c(698076.923035877, -3655676.3892608)"
2015-05,ALVAREZ,10.4322580645161,21.2032258064516,126,Humid Pampas,Pampa,"c(704862.180899874, -3667914.61987885)"
2015-05,ROSARIO,13.8564516129032,22.7967741935484,111.8,Humid Pampas,Pampa,"c(713406.545072466, -3646419.63688834)"
2015-05,UNR - ZAVALLA (EMC),21.8935483870968,10.6935483870968,15.3,Humid Pampas,Pampa,"c(698015.367127424, -3655500.99574162)"
2015-05,ZAVALLA,9.65806451612903,22.0258064516129,130.8,Humid Pampas,Pampa,"c(698076.923035877, -3655676.3892608)"
2015-06,ALVAREZ,6.23,18.4866666666667,14,Humid Pampas,Pampa,"c(704862.180899874, -3667914.61987885)"
2015-06,ROSARIO,10.0266666666667,20.44,18.35,Humid Pampas,Pampa,"c(713406.545072466, -3646419.63688834)"
2015-06,UNR - ZAVALLA (EMC),19.51,6.60333333333333,19.5,Humid Pampas,Pampa,"c(698015.367127424, -3655500.99574162)"
2015-06,ZAVALLA,5.25333333333333,19.5633333333333,26,Humid Pampas,Pampa,"c(698076.923035877, -3655676.3892608)"
2015-07,ALVAREZ,4.81612903225807,16.9161290322581,62,Humid Pampas,Pampa,"c(704862.180899874, -3667914.61987885)"
2015-07,ROSARIO,8.3,18.9209677419355,41.4,Humid Pampas,Pampa,"c(713406.545072466, -3646419.63688834)"
2015-07,UNR - ZAVALLA (EMC),17.941935483871,5.31612903225807,47.5,Humid Pampas,Pampa,"c(698015.367127424, -3655500.99574162)"
2015-07,ZAVALLA,3.55483870967742,17.458064516129,56,Humid Pampas,Pampa,"c(698076.923035877, -3655676.3892608)"
2015-08,ALVAREZ,9.06129032258064,18.1806451612903,155.6,Humid Pampas,Pampa,"c(704862.180899874, -3667914.61987885)"
2015-08,ROSARIO,12.2241935483871,20.3629032258065,124.8,Humid Pampas,Pampa,"c(713406.545072466, -3646419.63688834)"
2015-08,UNR - ZAVALLA (EMC),18.7516129032258,8.97741935483871,138.4,Humid Pampas,Pampa,"c(698015.367127424, -3655500.99574162)"
2015-08,ZAVALLA,7.86129032258065,18.9516129032258,136.8,Humid Pampas,Pampa,"c(698076.923035877, -3655676.3892608)"
2015-09,ALVAREZ,7.62,19.09,20.4,Humid Pampas,Pampa,"c(704862.180899874, -3667914.61987885)"
2015-09,ROSARIO,11.1183333333333,21.0633333333333,22.5,Humid Pampas,Pampa,"c(713406.545072466, -3646419.63688834)"
2015-09,UNR - ZAVALLA (EMC),19.6566666666667,7.59333333333333,10.9,Humid Pampas,Pampa,"c(698015.367127424, -3655500.99574162)"
2015-09,ZAVALLA,5.71666666666667,18.9866666666667,16.8,Humid Pampas,Pampa,"c(698076.923035877, -3655676.3892608)"
2015-10,ALVAREZ,9.525,19.9571428571429,136.4,Humid Pampas,Pampa,"c(704862.180899874, -3667914.61987885)"
2015-10,ROSARIO,12.7306451612903,22.2677419354839,88.65,Humid Pampas,Pampa,"c(713406.545072466, -3646419.63688834)"
2015-10,UNR - ZAVALLA (EMC),21.2870967741936,10.6709677419355,67.7,Humid Pampas,Pampa,"c(698015.367127424, -3655500.99574162)"
2015-10,ZAVALLA,8.33225806451613,20.0161290322581,76.4,Humid Pampas,Pampa,"c(698076.923035877, -3655676.3892608)"
2015-11,ALVAREZ,14.0333333333333,25.26,161.6,Humid Pampas,Pampa,"c(704862.180899874, -3667914.61987885)"
2015-11,ROSARIO,17.01,27.1816666666667,115.5,Humid Pampas,Pampa,"c(713406.545072466, -3646419.63688834)"
2015-11,UNR - ZAVALLA (EMC),25.5433333333333,14.26,108.8,Humid Pampas,Pampa,"c(698015.367127424, -3655500.99574162)"
2015-11,ZAVALLA,12.6666666666667,26.4866666666667,126,Humid Pampas,Pampa,"c(698076.923035877, -3655676.3892608)"
2015-12,ALVAREZ,17.5677419354839,29.5774193548387,74.8,Humid Pampas,Pampa,"c(704862.180899874, -3667914.61987885)"
2015-12,ROSARIO,20.6177419354839,30.8854838709677,114.9,Humid Pampas,Pampa,"c(713406.545072466, -3646419.63688834)"
2015-12,UNR - ZAVALLA (EMC),29.9535714285714,19.8642857142857,51.1,Humid Pampas,Pampa,"c(698015.367127424, -3655500.99574162)"
2015-12,ZAVALLA,15.9,30.0774193548387,79.2,Humid Pampas,Pampa,"c(698076.923035877, -3655676.3892608)"
2016-01,ALVAREZ,18.5032258064516,30.7225806451613,94.4,Humid Pampas,Pampa,"c(704862.180899874, -3667914.61987885)"
2016-01,ROSARIO,22.6435483870968,32.5387096774194,89.6,Humid Pampas,Pampa,"c(713406.545072466, -3646419.63688834)"
2016-01,UNR - ZAVALLA (EMC),30.7677419354839,18.2290322580645,106.6,Humid Pampas,Pampa,"c(698015.367127424, -3655500.99574162)"
2016-01,ZAVALLA,17.7774193548387,32.1935483870968,104,Humid Pampas,Pampa,"c(698076.923035877, -3655676.3892608)"
2016-02,ALVAREZ,18,29.4,271.2,Humid Pampas,Pampa,"c(704862.180899874, -3667914.61987885)"
2016-02,ROSARIO,22.7862068965517,32.3137931034483,361.15,Humid Pampas,Pampa,"c(713406.545072466, -3646419.63688834)"
2016-02,UNR - ZAVALLA (EMC),30.1965517241379,17.448275862069,219.3,Humid Pampas,Pampa,"c(698015.367127424, -3655500.99574162)"
2016-02,ZAVALLA,18.8724137931034,34.2827586206897,246.8,Humid Pampas,Pampa,"c(698076.923035877, -3655676.3892608)"
2016-03,ALVAREZ,13.7913043478261,24.5304347826087,84.4,Humid Pampas,Pampa,"c(704862.180899874, -3667914.61987885)"
2016-03,ROSARIO,18.2177419354839,27.2629032258065,84.9,Humid Pampas,Pampa,"c(713406.545072466, -3646419.63688834)"
2016-03,UNR - ZAVALLA (EMC),25.9483870967742,14.1612903225806,64.6,Humid Pampas,Pampa,"c(698015.367127424, -3655500.99574162)"
2016-03,ZAVALLA,15.1806451612903,29.5806451612903,58.4,Humid Pampas,Pampa,"c(698076.923035877, -3655676.3892608)"
2016-04,ALVAREZ,14.464,19.772,352.8,Humid Pampas,Pampa,"c(704862.180899874, -3667914.61987885)"
2016-04,ROSARIO,15.5583333333333,22.5583333333333,261.55,Humid Pampas,Pampa,"c(713406.545072466, -3646419.63688834)"
2016-04,UNR - ZAVALLA (EMC),21.31,13.41,232.4,Humid Pampas,Pampa,"c(698015.367127424, -3655500.99574162)"
2016-04,ZAVALLA,13.83,23.4066666666667,245.6,Humid Pampas,Pampa,"c(698076.923035877, -3655676.3892608)"
2016-05,ALVAREZ,7.85925925925926,16.0962962962963,10,Humid Pampas,Pampa,"c(704862.180899874, -3667914.61987885)"
2016-05,ROSARIO,11.6322580645161,17.5661290322581,9.95,Humid Pampas,Pampa,"c(713406.545072466, -3646419.63688834)"
2016-05,UNR - ZAVALLA (EMC),17.0741935483871,7.90967741935484,6.6,Humid Pampas,Pampa,"c(698015.367127424, -3655500.99574162)"
2016-05,ZAVALLA,8.91290322580645,19.0774193548387,11.6,Humid Pampas,Pampa,"c(698076.923035877, -3655676.3892608)"
2016-06,ALVAREZ,3.66666666666667,14.7733333333333,69.2,Humid Pampas,Pampa,"c(704862.180899874, -3667914.61987885)"
2016-06,ROSARIO,7.37833333333333,16.0316666666667,63.6,Humid Pampas,Pampa,"c(713406.545072466, -3646419.63688834)"
2016-06,UNR - ZAVALLA (EMC),15.5433333333333,4.05333333333333,46.6,Humid Pampas,Pampa,"c(698015.367127424, -3655500.99574162)"
2016-06,ZAVALLA,6.78181818181818,10.7181818181818,46.4,Humid Pampas,Pampa,"c(698076.923035877, -3655676.3892608)"
2016-07,ALVAREZ,5.27741935483871,13.8258064516129,32.8,Humid Pampas,Pampa,"c(704862.180899874, -3667914.61987885)"
2016-07,ROSARIO,9.11935483870968,15.6016129032258,32.6,Humid Pampas,Pampa,"c(713406.545072466, -3646419.63688834)"
2016-07,UNR - ZAVALLA (EMC),14.358064516129,5.30645161290323,33.8,Humid Pampas,Pampa,"c(698015.367127424, -3655500.99574162)"
2016-07,ZAVALLA,7.28333333333333,9.35,34.4,Humid Pampas,Pampa,"c(698076.923035877, -3655676.3892608)"
2016-08,ALVAREZ,5.67741935483871,19.8322580645161,33.6,Humid Pampas,Pampa,"c(704862.180899874, -3667914.61987885)"
2016-08,ROSARIO,9.46774193548387,20.9758064516129,37.4,Humid Pampas,Pampa,"c(713406.545072466, -3646419.63688834)"
2016-08,UNR - ZAVALLA (EMC),19.6322580645161,4.92258064516129,16.5,Humid Pampas,Pampa,"c(698015.367127424, -3655500.99574162)"
2016-08,ZAVALLA,8.075,16.325,26,Humid Pampas,Pampa,"c(698076.923035877, -3655676.3892608)"
2016-09,ALVAREZ,6.18,20.1533333333333,33.6,Humid Pampas,Pampa,"c(704862.180899874, -3667914.61987885)"
2016-09,ROSARIO,10.53,21.6083333333333,24.4,Humid Pampas,Pampa,"c(713406.545072466, -3646419.63688834)"
2016-09,UNR - ZAVALLA (EMC),14.1,7,0,Humid Pampas,Pampa,"c(698015.367127424, -3655500.99574162)"
2016-09,ZAVALLA,8.35714285714286,17.5380952380952,28.8,Humid Pampas,Pampa,"c(698076.923035877, -3655676.3892608)"
2016-10,ALVAREZ,5.9421052631579,30.0736842105263,129.6,Humid Pampas,Pampa,"c(704862.180899874, -3667914.61987885)"
2016-10,ROSARIO,14.7870967741936,23.8709677419355,169.6,Humid Pampas,Pampa,"c(713406.545072466, -3646419.63688834)"
2016-10,ZAVALLA,11.2096774193548,24.4612903225806,114.4,Humid Pampas,Pampa,"c(698076.923035877, -3655676.3892608)"
2016-11,ALVAREZ,12.5636363636364,27.2454545454545,104.8,Humid Pampas,Pampa,"c(704862.180899874, -3667914.61987885)"
2016-11,ROSARIO,16.5216666666667,27.97,84.8,Humid Pampas,Pampa,"c(713406.545072466, -3646419.63688834)"
2016-11,ZAVALLA,13.6266666666667,27.51,67.2,Humid Pampas,Pampa,"c(698076.923035877, -3655676.3892608)"
2016-12,ALVAREZ,15.5866666666667,31.6966666666667,188.8,Humid Pampas,Pampa,"c(704862.180899874, -3667914.61987885)"
2016-12,ROSARIO,19.8725806451613,32.6016129032258,135.25,Humid Pampas,Pampa,"c(713406.545072466, -3646419.63688834)"
2016-12,ZAVALLA,16.8161290322581,33.458064516129,132.8,Humid Pampas,Pampa,"c(698076.923035877, -3655676.3892608)"
2017-01,ALVAREZ,18.4117647058824,27.4647058823529,277.2,Humid Pampas,Pampa,"c(704862.180899874, -3667914.61987885)"
2017-01,ROSARIO,22.0241935483871,32.0258064516129,272.45,Humid Pampas,Pampa,"c(713406.545072466, -3646419.63688834)"
2017-01,ZAVALLA,19.07,31.5,242.4,Humid Pampas,Pampa,"c(698076.923035877, -3655676.3892608)"
2017-02,ALVAREZ,13.7214285714286,25.5392857142857,138.4,Humid Pampas,Pampa,"c(704862.180899874, -3667914.61987885)"
2017-02,ROSARIO,21.3857142857143,30.8785714285714,123.7,Humid Pampas,Pampa,"c(713406.545072466, -3646419.63688834)"
2017-02,ZAVALLA,18.5464285714286,31.9571428571429,145.6,Humid Pampas,Pampa,"c(698076.923035877, -3655676.3892608)"
2017-03,ALVAREZ,10.4193548387097,21.4193548387097,151.6,Humid Pampas,Pampa,"c(704862.180899874, -3667914.61987885)"
2017-03,ROSARIO,18.6064516129032,28.4483870967742,151.9,Humid Pampas,Pampa,"c(713406.545072466, -3646419.63688834)"
2017-03,ZAVALLA,17.8354838709677,31.5290322580645,163.6,Humid Pampas,Pampa,"c(698076.923035877, -3655676.3892608)"
2017-04,ALVAREZ,6.81333333333333,17.67,140.8,Humid Pampas,Pampa,"c(704862.180899874, -3667914.61987885)"
2017-04,ROSARIO,14.96,24.41,131.75,Humid Pampas,Pampa,"c(713406.545072466, -3646419.63688834)"
2017-04,ZAVALLA,14.02,25.31,138.4,Humid Pampas,Pampa,"c(698076.923035877, -3655676.3892608)"
2017-05,ALVAREZ,5.26451612903226,14.3225806451613,78,Humid Pampas,Pampa,"c(704862.180899874, -3667914.61987885)"
2017-05,ROSARIO,13.3096774193548,20.7967741935484,66.25,Humid Pampas,Pampa,"c(713406.545072466, -3646419.63688834)"
2017-05,ZAVALLA,9.32903225806452,20.1677419354839,64.4,Humid Pampas,Pampa,"c(698076.923035877, -3655676.3892608)"
2017-06,ALVAREZ,2.20333333333333,13.02,32,Humid Pampas,Pampa,"c(704862.180899874, -3667914.61987885)"
2017-06,ROSARIO,10.3866666666667,19.5683333333333,31.2,Humid Pampas,Pampa,"c(713406.545072466, -3646419.63688834)"
2017-06,ZAVALLA,8.09333333333333,20.8,31.2,Humid Pampas,Pampa,"c(698076.923035877, -3655676.3892608)"
2017-07,ALVAREZ,3.4258064516129,12.4322580645161,56.8,Humid Pampas,Pampa,"c(704862.180899874, -3667914.61987885)"
2017-07,ROSARIO,10.9193548387097,18.9967741935484,56.2,Humid Pampas,Pampa,"c(713406.545072466, -3646419.63688834)"
2017-07,ZAVALLA,7.30967741935484,19.241935483871,46,Humid Pampas,Pampa,"c(698076.923035877, -3655676.3892608)"
2017-08,ALVAREZ,3.85161290322581,14.2516129032258,50.4,Humid Pampas,Pampa,"c(704862.180899874, -3667914.61987885)"
2017-08,ROSARIO,11.5903225806452,20.691935483871,45.15,Humid Pampas,Pampa,"c(713406.545072466, -3646419.63688834)"
2017-08,ZAVALLA,7.33870967741936,20.2193548387097,54.8,Humid Pampas,Pampa,"c(698076.923035877, -3655676.3892608)"
2017-09,ALVAREZ,4.19333333333333,15.4466666666667,162.8,Humid Pampas,Pampa,"c(704862.180899874, -3667914.61987885)"
2017-09,ROSARIO,12.0633333333333,22.2433333333333,181.95,Humid Pampas,Pampa,"c(713406.545072466, -3646419.63688834)"
2017-09,ZAVALLA,8.90666666666667,23.1866666666667,129.6,Humid Pampas,Pampa,"c(698076.923035877, -3655676.3892608)"
2017-10,ALVAREZ,5.89677419354839,18.5354838709677,85.2,Humid Pampas,Pampa,"c(704862.180899874, -3667914.61987885)"
2017-10,ROSARIO,13.9645161290323,24.8693548387097,80.7,Humid Pampas,Pampa,"c(713406.545072466, -3646419.63688834)"
2017-10,ZAVALLA,9.25806451612903,24.1161290322581,98,Humid Pampas,Pampa,"c(698076.923035877, -3655676.3892608)"
2017-11,ALVAREZ,8.27666666666667,23.0066666666667,50.4,Humid Pampas,Pampa,"c(704862.180899874, -3667914.61987885)"
2017-11,ROSARIO,16.23,29.265,58.35,Humid Pampas,Pampa,"c(713406.545072466, -3646419.63688834)"
2017-11,ZAVALLA,12.5266666666667,30.68,52,Humid Pampas,Pampa,"c(698076.923035877, -3655676.3892608)"
2017-12,ALVAREZ,12.3096774193548,26.1387096774194,138.4,Humid Pampas,Pampa,"c(704862.180899874, -3667914.61987885)"
2017-12,ROSARIO,19.4306451612903,32.1935483870968,118.25,Humid Pampas,Pampa,"c(713406.545072466, -3646419.63688834)"
2017-12,ZAVALLA,17.1516129032258,33.7548387096774,146.8,Humid Pampas,Pampa,"c(698076.923035877, -3655676.3892608)"
2009-01,IRIGOYEN,17.1064516129032,32.6225806451613,62.8,Humid Pampas,Pampa,"c(678182.342346339, -3559820.7626097)"
2009-02,IRIGOYEN,17.6391304347826,29.9521739130435,213.6,Humid Pampas,Pampa,"c(678182.342346339, -3559820.7626097)"
2009-03,IRIGOYEN,15.81,31.365,11.2,Humid Pampas,Pampa,"c(678182.342346339, -3559820.7626097)"
2009-04,IRIGOYEN,13.5566666666667,27.4,28.8,Humid Pampas,Pampa,"c(678182.342346339, -3559820.7626097)"
2009-05,IRIGOYEN,9.95806451612903,23.6483870967742,12,Humid Pampas,Pampa,"c(678182.342346339, -3559820.7626097)"
2009-06,IRIGOYEN,3.87,18.3866666666667,15.2,Humid Pampas,Pampa,"c(678182.342346339, -3559820.7626097)"
2009-07,IRIGOYEN,2.35806451612903,17.3967741935484,48.8,Humid Pampas,Pampa,"c(678182.342346339, -3559820.7626097)"
2009-08,IRIGOYEN,7.43548387096774,23.8741935483871,0.4,Humid Pampas,Pampa,"c(678182.342346339, -3559820.7626097)"
2009-09,IRIGOYEN,7.45666666666667,19.6433333333333,113.6,Humid Pampas,Pampa,"c(678182.342346339, -3559820.7626097)"
2009-10,IRIGOYEN,11.4741935483871,26.2838709677419,59.6,Humid Pampas,Pampa,"c(678182.342346339, -3559820.7626097)"
2009-11,IRIGOYEN,17.3433333333333,29.4066666666667,132,Humid Pampas,Pampa,"c(678182.342346339, -3559820.7626097)"
2009-12,IRIGOYEN,17.8612903225806,28.9677419354839,243.2,Humid Pampas,Pampa,"c(678182.342346339, -3559820.7626097)"
2010-01,IRIGOYEN,19.2193548387097,32.3290322580645,100.4,Humid Pampas,Pampa,"c(678182.342346339, -3559820.7626097)"
2010-02,IRIGOYEN,19.7571428571429,29.6178571428571,208.8,Humid Pampas,Pampa,"c(678182.342346339, -3559820.7626097)"
2010-03,IRIGOYEN,17.4193548387097,30.1290322580645,75.6,Humid Pampas,Pampa,"c(678182.342346339, -3559820.7626097)"
2010-04,IRIGOYEN,11.3733333333333,23.8466666666667,72.8,Humid Pampas,Pampa,"c(678182.342346339, -3559820.7626097)"
2010-05,IRIGOYEN,8.88709677419355,20.1548387096774,70.4,Humid Pampas,Pampa,"c(678182.342346339, -3559820.7626097)"
2010-06,IRIGOYEN,5.88333333333333,17.3666666666667,24.4,Humid Pampas,Pampa,"c(678182.342346339, -3559820.7626097)"
2010-07,IRIGOYEN,3.40322580645161,17.2645161290323,12.4,Humid Pampas,Pampa,"c(678182.342346339, -3559820.7626097)"
2010-08,IRIGOYEN,3.024,17.468,0.4,Humid Pampas,Pampa,"c(678182.342346339, -3559820.7626097)"
2010-09,IRIGOYEN,9.63809523809524,22.3952380952381,34.8,Humid Pampas,Pampa,"c(678182.342346339, -3559820.7626097)"
2010-10,IRIGOYEN,10.1483870967742,24.4193548387097,24.4,Humid Pampas,Pampa,"c(678182.342346339, -3559820.7626097)"
2010-11,IRIGOYEN,13.9433333333333,29.3766666666667,34.8,Humid Pampas,Pampa,"c(678182.342346339, -3559820.7626097)"
2010-12,IRIGOYEN,17.5548387096774,32.3290322580645,82,Humid Pampas,Pampa,"c(678182.342346339, -3559820.7626097)"
2011-01,IRIGOYEN,19.0935483870968,33.2129032258065,139.2,Humid Pampas,Pampa,"c(678182.342346339, -3559820.7626097)"
2011-02,IRIGOYEN,17.8678571428571,29.4928571428571,105.6,Humid Pampas,Pampa,"c(678182.342346339, -3559820.7626097)"
2011-03,IRIGOYEN,14.5870967741935,28.5064516129032,107.2,Humid Pampas,Pampa,"c(678182.342346339, -3559820.7626097)"
2011-04,IRIGOYEN,12.1233333333333,25.5666666666667,142,Humid Pampas,Pampa,"c(678182.342346339, -3559820.7626097)"
2011-05,IRIGOYEN,9.23225806451613,20.2645161290323,108.4,Humid Pampas,Pampa,"c(678182.342346339, -3559820.7626097)"
2011-06,IRIGOYEN,6.43666666666667,16.0266666666667,22,Humid Pampas,Pampa,"c(678182.342346339, -3559820.7626097)"
2011-07,IRIGOYEN,4.09032258064516,17.4032258064516,6.8,Humid Pampas,Pampa,"c(678182.342346339, -3559820.7626097)"
2011-08,IRIGOYEN,4.46129032258065,17.7451612903226,11.2,Humid Pampas,Pampa,"c(678182.342346339, -3559820.7626097)"
2011-09,IRIGOYEN,8.87666666666667,24.29,20.8,Humid Pampas,Pampa,"c(678182.342346339, -3559820.7626097)"
2011-10,IRIGOYEN,11.7225806451613,23.4290322580645,216.4,Humid Pampas,Pampa,"c(678182.342346339, -3559820.7626097)"
2011-11,IRIGOYEN,16.83,29.5933333333333,71.6,Humid Pampas,Pampa,"c(678182.342346339, -3559820.7626097)"
2011-12,IRIGOYEN,16.4516129032258,31.5225806451613,47.2,Humid Pampas,Pampa,"c(678182.342346339, -3559820.7626097)"
2012-01,IRIGOYEN,18.4,34.0290322580645,57.2,Humid Pampas,Pampa,"c(678182.342346339, -3559820.7626097)"
2012-02,IRIGOYEN,19.2,30.6862068965517,300.8,Humid Pampas,Pampa,"c(678182.342346339, -3559820.7626097)"
2012-03,IRIGOYEN,15.9193548387097,28.3,180.8,Humid Pampas,Pampa,"c(678182.342346339, -3559820.7626097)"
2012-04,IRIGOYEN,12.1566666666667,24.67,29.6,Humid Pampas,Pampa,"c(678182.342346339, -3559820.7626097)"
2012-05,IRIGOYEN,10.8958333333333,22.4708333333333,160.4,Humid Pampas,Pampa,"c(678182.342346339, -3559820.7626097)"
2012-06,IRIGOYEN,6.62916666666667,18.6875,9.6,Humid Pampas,Pampa,"c(678182.342346339, -3559820.7626097)"
2012-07,IRIGOYEN,1.9258064516129,17.2,4,Humid Pampas,Pampa,"c(678182.342346339, -3559820.7626097)"
2012-08,IRIGOYEN,8.29354838709677,19.3354838709677,151.6,Humid Pampas,Pampa,"c(678182.342346339, -3559820.7626097)"
2012-09,IRIGOYEN,10.3366666666667,22.6766666666667,126.8,Humid Pampas,Pampa,"c(678182.342346339, -3559820.7626097)"
2012-10,IRIGOYEN,13.7451612903226,24.1258064516129,285,Humid Pampas,Pampa,"c(678182.342346339, -3559820.7626097)"
2012-11,IRIGOYEN,16.44,29.264,112,Humid Pampas,Pampa,"c(678182.342346339, -3559820.7626097)"
2012-12,IRIGOYEN,18.9882352941176,29.4117647058824,288.4,Humid Pampas,Pampa,"c(678182.342346339, -3559820.7626097)"
2013-01,IRIGOYEN,20.3666666666667,32.1583333333333,29.2,Humid Pampas,Pampa,"c(678182.342346339, -3559820.7626097)"
2013-02,IRIGOYEN,15.85,29.9142857142857,137.2,Humid Pampas,Pampa,"c(678182.342346339, -3559820.7626097)"
2013-03,IRIGOYEN,15.4555555555556,27.7777777777778,51.2,Humid Pampas,Pampa,"c(678182.342346339, -3559820.7626097)"
2013-04,IRIGOYEN,12.18,25.316,103.6,Humid Pampas,Pampa,"c(678182.342346339, -3559820.7626097)"
2013-05,IRIGOYEN,9.14193548387097,20.4064516129032,54.8,Humid Pampas,Pampa,"c(678182.342346339, -3559820.7626097)"
2013-06,IRIGOYEN,5.47857142857143,18.6321428571429,13.6,Humid Pampas,Pampa,"c(678182.342346339, -3559820.7626097)"
2013-07,IRIGOYEN,5.22903225806452,17.6935483870968,14.4,Humid Pampas,Pampa,"c(678182.342346339, -3559820.7626097)"
2013-08,IRIGOYEN,3.8258064516129,19.6645161290323,1.6,Humid Pampas,Pampa,"c(678182.342346339, -3559820.7626097)"
2013-09,IRIGOYEN,8.20333333333333,22.9166666666667,19.2,Humid Pampas,Pampa,"c(678182.342346339, -3559820.7626097)"
2013-10,IRIGOYEN,13.2161290322581,27.4838709677419,60.4,Humid Pampas,Pampa,"c(678182.342346339, -3559820.7626097)"
2013-11,IRIGOYEN,16.2766666666667,28.01,213.2,Humid Pampas,Pampa,"c(678182.342346339, -3559820.7626097)"
2013-12,IRIGOYEN,20.4161290322581,33.9225806451613,74,Humid Pampas,Pampa,"c(678182.342346339, -3559820.7626097)"
2014-01,IRIGOYEN,19.9225806451613,32.9483870967742,136.8,Humid Pampas,Pampa,"c(678182.342346339, -3559820.7626097)"
2014-02,IRIGOYEN,19.1178571428571,27.5142857142857,195.6,Humid Pampas,Pampa,"c(678182.342346339, -3559820.7626097)"
2014-03,IRIGOYEN,13.6870967741935,25.8322580645161,137.6,Humid Pampas,Pampa,"c(678182.342346339, -3559820.7626097)"
2014-04,IRIGOYEN,13.47,24.2066666666667,238,Humid Pampas,Pampa,"c(678182.342346339, -3559820.7626097)"
2014-05,IRIGOYEN,10.5806451612903,20.5387096774194,25.6,Humid Pampas,Pampa,"c(678182.342346339, -3559820.7626097)"
2014-06,IRIGOYEN,5.71666666666667,19.04,4.8,Humid Pampas,Pampa,"c(678182.342346339, -3559820.7626097)"
2014-07,IRIGOYEN,6.30322580645161,18.5548387096774,20.8,Humid Pampas,Pampa,"c(678182.342346339, -3559820.7626097)"
2014-08,IRIGOYEN,7.31612903225807,22.258064516129,0,Humid Pampas,Pampa,"c(678182.342346339, -3559820.7626097)"
2014-09,IRIGOYEN,9.72,23.04,58.8,Humid Pampas,Pampa,"c(678182.342346339, -3559820.7626097)"
2014-10,IRIGOYEN,15.1225806451613,27.0322580645161,110.8,Humid Pampas,Pampa,"c(678182.342346339, -3559820.7626097)"
2014-11,IRIGOYEN,15.7166666666667,24.1416666666667,160,Humid Pampas,Pampa,"c(678182.342346339, -3559820.7626097)"
2014-12,IRIGOYEN,17.6230769230769,28.6076923076923,106,Humid Pampas,Pampa,"c(678182.342346339, -3559820.7626097)"
2015-01,IRIGOYEN,19.2352941176471,27.8470588235294,226.4,Humid Pampas,Pampa,"c(678182.342346339, -3559820.7626097)"
2015-02,IRIGOYEN,18.2461538461538,28.0807692307692,153.6,Humid Pampas,Pampa,"c(678182.342346339, -3559820.7626097)"
2015-03,IRIGOYEN,17.755,26.45,180,Humid Pampas,Pampa,"c(678182.342346339, -3559820.7626097)"
2015-04,IRIGOYEN,16.7166666666667,25.3,76.4,Humid Pampas,Pampa,"c(678182.342346339, -3559820.7626097)"
2015-05,IRIGOYEN,9.2,18.725,44,Humid Pampas,Pampa,"c(678182.342346339, -3559820.7626097)"
2015-06,IRIGOYEN,14.925,22.225,34,Humid Pampas,Pampa,"c(678182.342346339, -3559820.7626097)"
2015-07,IRIGOYEN,6.65217391304348,20.4826086956522,42,Humid Pampas,Pampa,"c(678182.342346339, -3559820.7626097)"
2015-08,IRIGOYEN,10.3161290322581,20.5709677419355,136.8,Humid Pampas,Pampa,"c(678182.342346339, -3559820.7626097)"
2015-09,IRIGOYEN,8.84,21.84,18.8,Humid Pampas,Pampa,"c(678182.342346339, -3559820.7626097)"
2015-10,IRIGOYEN,11.8129032258065,23.0290322580645,84,Humid Pampas,Pampa,"c(678182.342346339, -3559820.7626097)"
2015-11,IRIGOYEN,15.3433333333333,27.4533333333333,92.4,Humid Pampas,Pampa,"c(678182.342346339, -3559820.7626097)"
2015-12,IRIGOYEN,18.2884615384615,30.2,170.4,Humid Pampas,Pampa,"c(678182.342346339, -3559820.7626097)"
2016-01,IRIGOYEN,19.8434782608696,31.6130434782609,128,Humid Pampas,Pampa,"c(678182.342346339, -3559820.7626097)"
2016-02,IRIGOYEN,19.9678571428571,30.4928571428571,316,Humid Pampas,Pampa,"c(678182.342346339, -3559820.7626097)"
2016-03,IRIGOYEN,12.95625,24.25625,84.4,Humid Pampas,Pampa,"c(678182.342346339, -3559820.7626097)"
2016-04,IRIGOYEN,12.9133333333333,21.7133333333333,296.8,Humid Pampas,Pampa,"c(678182.342346339, -3559820.7626097)"
2016-05,IRIGOYEN,5.56129032258065,18.2806451612903,14.4,Humid Pampas,Pampa,"c(678182.342346339, -3559820.7626097)"
2016-06,IRIGOYEN,0.89,15.9033333333333,39.2,Humid Pampas,Pampa,"c(678182.342346339, -3559820.7626097)"
2016-07,IRIGOYEN,6.25909090909091,16.3363636363636,24.4,Humid Pampas,Pampa,"c(678182.342346339, -3559820.7626097)"
2016-08,IRIGOYEN,7.9,17.775,8,Humid Pampas,Pampa,"c(678182.342346339, -3559820.7626097)"
2016-09,IRIGOYEN,2.84,18.83,22.4,Humid Pampas,Pampa,"c(678182.342346339, -3559820.7626097)"
2016-10,IRIGOYEN,12.3064516129032,23.9,130.8,Humid Pampas,Pampa,"c(678182.342346339, -3559820.7626097)"
2016-11,IRIGOYEN,14.7192307692308,28.5846153846154,88.4,Humid Pampas,Pampa,"c(678182.342346339, -3559820.7626097)"
2016-12,IRIGOYEN,18.1709677419355,31.1225806451613,208.8,Humid Pampas,Pampa,"c(678182.342346339, -3559820.7626097)"
2017-01,IRIGOYEN,20.8357142857143,29,188.8,Humid Pampas,Pampa,"c(678182.342346339, -3559820.7626097)"
2017-02,IRIGOYEN,20.5409090909091,30.2363636363636,168.8,Humid Pampas,Pampa,"c(678182.342346339, -3559820.7626097)"
2017-03,IRIGOYEN,17.31,27.5966666666667,162.4,Humid Pampas,Pampa,"c(678182.342346339, -3559820.7626097)"
2017-04,IRIGOYEN,13.5785714285714,23.7928571428571,234,Humid Pampas,Pampa,"c(678182.342346339, -3559820.7626097)"
2017-05,IRIGOYEN,12.4615384615385,21.4769230769231,28.4,Humid Pampas,Pampa,"c(678182.342346339, -3559820.7626097)"
2017-06,IRIGOYEN,8.12916666666667,18.85,36.8,Humid Pampas,Pampa,"c(678182.342346339, -3559820.7626097)"
2017-07,IRIGOYEN,8.61935483870968,18.8193548387097,24.4,Humid Pampas,Pampa,"c(678182.342346339, -3559820.7626097)"
2017-08,IRIGOYEN,8.55714285714286,18.2285714285714,12,Humid Pampas,Pampa,"c(678182.342346339, -3559820.7626097)"
2017-09,IRIGOYEN,10.4347826086957,22.0391304347826,136,Humid Pampas,Pampa,"c(678182.342346339, -3559820.7626097)"
2017-10,IRIGOYEN,12.1548387096774,25.3935483870968,115.2,Humid Pampas,Pampa,"c(678182.342346339, -3559820.7626097)"
2017-11,IRIGOYEN,14.5111111111111,30.1777777777778,78.4,Humid Pampas,Pampa,"c(678182.342346339, -3559820.7626097)"
2017-12,IRIGOYEN,18.5133333333333,32.0633333333333,115.2,Humid Pampas,Pampa,"c(678182.342346339, -3559820.7626097)"
2009-01,PUJATO,16.1451612903226,30.7064516129032,64,Humid Pampas,Pampa,"c(682711.267191223, -3655156.88908218)"
2009-02,PUJATO,15.7392857142857,28.1321428571429,287.2,Humid Pampas,Pampa,"c(682711.267191223, -3655156.88908218)"
2009-03,PUJATO,15.1903225806452,28.4387096774194,131.6,Humid Pampas,Pampa,"c(682711.267191223, -3655156.88908218)"
2009-04,PUJATO,11.7833333333333,26.3166666666667,38,Humid Pampas,Pampa,"c(682711.267191223, -3655156.88908218)"
2009-05,PUJATO,8.55483870967742,21.658064516129,18.8,Humid Pampas,Pampa,"c(682711.267191223, -3655156.88908218)"
2009-06,PUJATO,2.10666666666667,16.78,2,Humid Pampas,Pampa,"c(682711.267191223, -3655156.88908218)"
2009-07,PUJATO,0.851612903225807,15.541935483871,49.2,Humid Pampas,Pampa,"c(682711.267191223, -3655156.88908218)"
2009-08,PUJATO,5.34193548387097,21.7258064516129,2.8,Humid Pampas,Pampa,"c(682711.267191223, -3655156.88908218)"
2009-09,PUJATO,6.04,17.9666666666667,99.2,Humid Pampas,Pampa,"c(682711.267191223, -3655156.88908218)"
2009-10,PUJATO,9.80967741935484,24.8,76.4,Humid Pampas,Pampa,"c(682711.267191223, -3655156.88908218)"
2009-11,PUJATO,15,26.85,118,Humid Pampas,Pampa,"c(682711.267191223, -3655156.88908218)"
2009-12,PUJATO,15.8870967741935,26.7645161290323,209.2,Humid Pampas,Pampa,"c(682711.267191223, -3655156.88908218)"
2010-01,PUJATO,17.8766666666667,29.1466666666667,186.4,Humid Pampas,Pampa,"c(682711.267191223, -3655156.88908218)"
2010-02,PUJATO,17.6607142857143,27.7035714285714,194.8,Humid Pampas,Pampa,"c(682711.267191223, -3655156.88908218)"
2010-03,PUJATO,15.0935483870968,29.0903225806452,80,Humid Pampas,Pampa,"c(682711.267191223, -3655156.88908218)"
2010-04,PUJATO,9.75333333333333,22.26,100.8,Humid Pampas,Pampa,"c(682711.267191223, -3655156.88908218)"
2010-05,PUJATO,6.78709677419355,18.7064516129032,58.8,Humid Pampas,Pampa,"c(682711.267191223, -3655156.88908218)"
2010-06,PUJATO,3.86666666666667,15.6066666666667,12.8,Humid Pampas,Pampa,"c(682711.267191223, -3655156.88908218)"
2010-07,PUJATO,1.1,14.9967741935484,23.2,Humid Pampas,Pampa,"c(682711.267191223, -3655156.88908218)"
2010-08,PUJATO,2.16774193548387,15.7451612903226,9.2,Humid Pampas,Pampa,"c(682711.267191223, -3655156.88908218)"
2010-09,PUJATO,7.43333333333333,19.8233333333333,48,Humid Pampas,Pampa,"c(682711.267191223, -3655156.88908218)"
2010-10,PUJATO,8.63548387096774,22.6032258064516,50,Humid Pampas,Pampa,"c(682711.267191223, -3655156.88908218)"
2010-11,PUJATO,12.0333333333333,28.2866666666667,52.4,Humid Pampas,Pampa,"c(682711.267191223, -3655156.88908218)"
2010-12,PUJATO,15.9096774193548,30.158064516129,94.8,Humid Pampas,Pampa,"c(682711.267191223, -3655156.88908218)"
2011-01,PUJATO,16.7548387096774,31.4258064516129,97.6,Humid Pampas,Pampa,"c(682711.267191223, -3655156.88908218)"
2011-02,PUJATO,15.8892857142857,28.0035714285714,129.2,Humid Pampas,Pampa,"c(682711.267191223, -3655156.88908218)"
2011-03,PUJATO,12.0741935483871,27.7096774193548,105.6,Humid Pampas,Pampa,"c(682711.267191223, -3655156.88908218)"
2011-04,PUJATO,10.6933333333333,23.9166666666667,118.4,Humid Pampas,Pampa,"c(682711.267191223, -3655156.88908218)"
2011-05,PUJATO,6.92903225806452,18.441935483871,56.8,Humid Pampas,Pampa,"c(682711.267191223, -3655156.88908218)"
2011-06,PUJATO,4.00666666666667,14.3666666666667,19.6,Humid Pampas,Pampa,"c(682711.267191223, -3655156.88908218)"
2011-07,PUJATO,2.12903225806452,15.4032258064516,11.2,Humid Pampas,Pampa,"c(682711.267191223, -3655156.88908218)"
2011-08,PUJATO,2.89354838709677,16.2838709677419,5.2,Humid Pampas,Pampa,"c(682711.267191223, -3655156.88908218)"
2011-09,PUJATO,7.30333333333333,23.0566666666667,10,Humid Pampas,Pampa,"c(682711.267191223, -3655156.88908218)"
2011-10,PUJATO,9.98064516129032,22.0064516129032,137.6,Humid Pampas,Pampa,"c(682711.267191223, -3655156.88908218)"
2011-11,PUJATO,14.7533333333333,28.14,112.8,Humid Pampas,Pampa,"c(682711.267191223, -3655156.88908218)"
2011-12,PUJATO,14.6387096774194,30.4483870967742,61.6,Humid Pampas,Pampa,"c(682711.267191223, -3655156.88908218)"
2012-01,PUJATO,16.7636363636364,31.2318181818182,100,Humid Pampas,Pampa,"c(682711.267191223, -3655156.88908218)"
2012-02,PUJATO,17.2689655172414,29.0413793103448,208.4,Humid Pampas,Pampa,"c(682711.267191223, -3655156.88908218)"
2012-03,PUJATO,14.3464285714286,26.0107142857143,166.8,Humid Pampas,Pampa,"c(682711.267191223, -3655156.88908218)"
2012-04,PUJATO,11.2,23.7633333333333,31.2,Humid Pampas,Pampa,"c(682711.267191223, -3655156.88908218)"
2012-05,PUJATO,10.3451612903226,20.8451612903226,94.4,Humid Pampas,Pampa,"c(682711.267191223, -3655156.88908218)"
2012-06,PUJATO,3.94333333333333,16.5133333333333,7.6,Humid Pampas,Pampa,"c(682711.267191223, -3655156.88908218)"
2012-07,PUJATO,0.232258064516129,15.3548387096774,2,Humid Pampas,Pampa,"c(682711.267191223, -3655156.88908218)"
2012-08,PUJATO,7.07,16.6866666666667,192.4,Humid Pampas,Pampa,"c(682711.267191223, -3655156.88908218)"
2012-09,PUJATO,8.93666666666667,20.5766666666667,112.8,Humid Pampas,Pampa,"c(682711.267191223, -3655156.88908218)"
2012-10,PUJATO,12.5483870967742,22.3967741935484,332,Humid Pampas,Pampa,"c(682711.267191223, -3655156.88908218)"
2012-11,PUJATO,15.34,28.24,120,Humid Pampas,Pampa,"c(682711.267191223, -3655156.88908218)"
2012-12,PUJATO,16.5,29.035,253.2,Humid Pampas,Pampa,"c(682711.267191223, -3655156.88908218)"
2013-01,PUJATO,22.375,32.6,19.2,Humid Pampas,Pampa,"c(682711.267191223, -3655156.88908218)"
2013-02,PUJATO,15.9423076923077,27.5653846153846,145.2,Humid Pampas,Pampa,"c(682711.267191223, -3655156.88908218)"
2013-03,PUJATO,12.341935483871,25.6806451612903,25.6,Humid Pampas,Pampa,"c(682711.267191223, -3655156.88908218)"
2013-04,PUJATO,11.21,24.6166666666667,66,Humid Pampas,Pampa,"c(682711.267191223, -3655156.88908218)"
2013-05,PUJATO,7.65483870967742,19.8870967741936,52.8,Humid Pampas,Pampa,"c(682711.267191223, -3655156.88908218)"
2013-06,PUJATO,3.91,17.32,16,Humid Pampas,Pampa,"c(682711.267191223, -3655156.88908218)"
2013-07,PUJATO,4.06451612903226,16.4290322580645,27.6,Humid Pampas,Pampa,"c(682711.267191223, -3655156.88908218)"
2013-08,PUJATO,2.19310344827586,18.5931034482759,2.8,Humid Pampas,Pampa,"c(682711.267191223, -3655156.88908218)"
2013-09,PUJATO,7.06333333333333,21.14,23.2,Humid Pampas,Pampa,"c(682711.267191223, -3655156.88908218)"
2013-10,PUJATO,11.858064516129,26.4903225806452,36,Humid Pampas,Pampa,"c(682711.267191223, -3655156.88908218)"
2013-11,PUJATO,14.7833333333333,27.55,209.6,Humid Pampas,Pampa,"c(682711.267191223, -3655156.88908218)"
2013-12,PUJATO,19.2967741935484,33.441935483871,85.6,Humid Pampas,Pampa,"c(682711.267191223, -3655156.88908218)"
2014-01,PUJATO,18.3387096774194,31.758064516129,150.4,Humid Pampas,Pampa,"c(682711.267191223, -3655156.88908218)"
2014-02,PUJATO,17.1178571428571,26.2321428571429,307.6,Humid Pampas,Pampa,"c(682711.267191223, -3655156.88908218)"
2014-03,PUJATO,12.1709677419355,25.1322580645161,139.2,Humid Pampas,Pampa,"c(682711.267191223, -3655156.88908218)"
2014-04,PUJATO,11.7866666666667,23.1633333333333,97.6,Humid Pampas,Pampa,"c(682711.267191223, -3655156.88908218)"
2014-05,PUJATO,8.79677419354839,18.2903225806452,57.6,Humid Pampas,Pampa,"c(682711.267191223, -3655156.88908218)"
2014-06,PUJATO,4.11666666666667,16.96,42,Humid Pampas,Pampa,"c(682711.267191223, -3655156.88908218)"
2014-07,PUJATO,4.75,16.3884615384615,34.4,Humid Pampas,Pampa,"c(682711.267191223, -3655156.88908218)"
2014-08,PUJATO,6.28709677419355,21.1225806451613,1.2,Humid Pampas,Pampa,"c(682711.267191223, -3655156.88908218)"
2014-09,PUJATO,8.78666666666667,21.2933333333333,80.4,Humid Pampas,Pampa,"c(682711.267191223, -3655156.88908218)"
2014-10,PUJATO,13.6,26.4290322580645,99.6,Humid Pampas,Pampa,"c(682711.267191223, -3655156.88908218)"
2014-11,PUJATO,13.9466666666667,27.84,230,Humid Pampas,Pampa,"c(682711.267191223, -3655156.88908218)"
2014-12,PUJATO,16.2677419354839,28.9451612903226,99.6,Humid Pampas,Pampa,"c(682711.267191223, -3655156.88908218)"
2015-01,PUJATO,17.7645161290323,29.0096774193548,158.8,Humid Pampas,Pampa,"c(682711.267191223, -3655156.88908218)"
2015-02,PUJATO,16.6071428571429,28.5892857142857,67.6,Humid Pampas,Pampa,"c(682711.267191223, -3655156.88908218)"
2015-03,PUJATO,14.235,24.865,141.2,Humid Pampas,Pampa,"c(682711.267191223, -3655156.88908218)"
2015-04,PUJATO,13.4333333333333,27.2233333333333,70,Humid Pampas,Pampa,"c(682711.267191223, -3655156.88908218)"
2015-05,PUJATO,10.3838709677419,21.2096774193548,126.8,Humid Pampas,Pampa,"c(682711.267191223, -3655156.88908218)"
2015-06,PUJATO,5.67,18.6533333333333,33.2,Humid Pampas,Pampa,"c(682711.267191223, -3655156.88908218)"
2015-07,PUJATO,4.60645161290323,17.1354838709677,76.8,Humid Pampas,Pampa,"c(682711.267191223, -3655156.88908218)"
2015-08,PUJATO,8.71612903225807,18.6387096774194,162,Humid Pampas,Pampa,"c(682711.267191223, -3655156.88908218)"
2015-09,PUJATO,7.63,20.2,15.2,Humid Pampas,Pampa,"c(682711.267191223, -3655156.88908218)"
2015-10,PUJATO,10.1807692307692,20.8,86,Humid Pampas,Pampa,"c(682711.267191223, -3655156.88908218)"
2015-11,PUJATO,14.25,25.8966666666667,214.8,Humid Pampas,Pampa,"c(682711.267191223, -3655156.88908218)"
2015-12,PUJATO,17.7709677419355,30.5774193548387,75.6,Humid Pampas,Pampa,"c(682711.267191223, -3655156.88908218)"
2016-01,PUJATO,18.7290322580645,31.2483870967742,77.6,Humid Pampas,Pampa,"c(682711.267191223, -3655156.88908218)"
2016-02,PUJATO,18.5185185185185,28.8962962962963,274,Humid Pampas,Pampa,"c(682711.267191223, -3655156.88908218)"
2016-03,PUJATO,14.3516129032258,26.2483870967742,78.4,Humid Pampas,Pampa,"c(682711.267191223, -3655156.88908218)"
2016-04,PUJATO,13.8518518518519,20.5,278.4,Humid Pampas,Pampa,"c(682711.267191223, -3655156.88908218)"
2016-05,PUJATO,7.7,15.7346153846154,11.2,Humid Pampas,Pampa,"c(682711.267191223, -3655156.88908218)"
2016-06,PUJATO,3.17,14.64,56.8,Humid Pampas,Pampa,"c(682711.267191223, -3655156.88908218)"
2016-07,PUJATO,4.81935483870968,13.758064516129,20.4,Humid Pampas,Pampa,"c(682711.267191223, -3655156.88908218)"
2016-08,PUJATO,5.44193548387097,20.0612903225806,21.2,Humid Pampas,Pampa,"c(682711.267191223, -3655156.88908218)"
2016-09,PUJATO,6.73666666666667,20.5933333333333,23.2,Humid Pampas,Pampa,"c(682711.267191223, -3655156.88908218)"
2016-10,PUJATO,11.4806451612903,22.6903225806452,152.4,Humid Pampas,Pampa,"c(682711.267191223, -3655156.88908218)"
2016-11,PUJATO,13.16,27.38,106.8,Humid Pampas,Pampa,"c(682711.267191223, -3655156.88908218)"
2016-12,PUJATO,16.9322580645161,32.1064516129032,161.2,Humid Pampas,Pampa,"c(682711.267191223, -3655156.88908218)"
2017-01,PUJATO,18.4064516129032,30.3161290322581,170.8,Humid Pampas,Pampa,"c(682711.267191223, -3655156.88908218)"
2017-02,PUJATO,16.6,27.0192307692308,144,Humid Pampas,Pampa,"c(682711.267191223, -3655156.88908218)"
2017-03,PUJATO,10.7322580645161,21.5709677419355,138,Humid Pampas,Pampa,"c(682711.267191223, -3655156.88908218)"
2017-04,PUJATO,7.85714285714286,18.5571428571429,141.2,Humid Pampas,Pampa,"c(682711.267191223, -3655156.88908218)"
2017-05,PUJATO,8.33870967741935,18.3129032258065,87.2,Humid Pampas,Pampa,"c(682711.267191223, -3655156.88908218)"
2017-06,PUJATO,5.54333333333333,18.15,22.8,Humid Pampas,Pampa,"c(682711.267191223, -3655156.88908218)"
2017-07,PUJATO,5.88064516129032,16.7064516129032,30.4,Humid Pampas,Pampa,"c(682711.267191223, -3655156.88908218)"
2017-08,PUJATO,7.54838709677419,19.3161290322581,42.4,Humid Pampas,Pampa,"c(682711.267191223, -3655156.88908218)"
2017-09,PUJATO,7.69666666666667,20.01,112,Humid Pampas,Pampa,"c(682711.267191223, -3655156.88908218)"
2017-10,PUJATO,6.19677419354839,18.6161290322581,77.2,Humid Pampas,Pampa,"c(682711.267191223, -3655156.88908218)"
2017-11,PUJATO,12.2933333333333,28.85,50,Humid Pampas,Pampa,"c(682711.267191223, -3655156.88908218)"
2017-12,PUJATO,15.2266666666667,28.8,194,Humid Pampas,Pampa,"c(682711.267191223, -3655156.88908218)"
2009-01,CARLOS PELLEGRINI,16.1387096774194,30.3806451612903,61.6,Humid Pampas,Pampa,"c(614328.468082056, -3546914.43656807)"
2009-01,EL TREBOL,15.5548387096774,30.9645161290323,79,Humid Pampas,Pampa,"c(625671.254797588, -3563383.81997367)"
2009-02,CARLOS PELLEGRINI,16.5928571428571,28.7535714285714,200,Humid Pampas,Pampa,"c(614328.468082056, -3546914.43656807)"
2009-02,EL TREBOL,16.3535714285714,29.0428571428572,88.3,Humid Pampas,Pampa,"c(625671.254797588, -3563383.81997367)"
2009-03,CARLOS PELLEGRINI,16.6903225806452,29.2129032258065,141.6,Humid Pampas,Pampa,"c(614328.468082056, -3546914.43656807)"
2009-03,EL TREBOL,16.4967741935484,29.7483870967742,184.9,Humid Pampas,Pampa,"c(625671.254797588, -3563383.81997367)"
2009-04,CARLOS PELLEGRINI,13.4733333333333,27,34.8,Humid Pampas,Pampa,"c(614328.468082056, -3546914.43656807)"
2009-04,EL TREBOL,13.3966666666667,27.4966666666667,0.5,Humid Pampas,Pampa,"c(625671.254797588, -3563383.81997367)"
2009-05,CARLOS PELLEGRINI,9.58709677419355,22.2387096774194,20.4,Humid Pampas,Pampa,"c(614328.468082056, -3546914.43656807)"
2009-05,EL TREBOL,9.16774193548387,22.8225806451613,12.6,Humid Pampas,Pampa,"c(625671.254797588, -3563383.81997367)"
2009-06,CARLOS PELLEGRINI,3.49666666666667,18.0133333333333,5.2,Humid Pampas,Pampa,"c(614328.468082056, -3546914.43656807)"
2009-06,EL TREBOL,2.61666666666667,18.4,3.5,Humid Pampas,Pampa,"c(625671.254797588, -3563383.81997367)"
2009-07,CARLOS PELLEGRINI,2.40322580645161,16.6032258064516,40,Humid Pampas,Pampa,"c(614328.468082056, -3546914.43656807)"
2009-07,EL TREBOL,1.56774193548387,17.0516129032258,54.5,Humid Pampas,Pampa,"c(625671.254797588, -3563383.81997367)"
2009-08,CARLOS PELLEGRINI,6.87741935483871,22.8290322580645,0.8,Humid Pampas,Pampa,"c(614328.468082056, -3546914.43656807)"
2009-08,EL TREBOL,6.35483870967742,23.3096774193548,0.5,Humid Pampas,Pampa,"c(625671.254797588, -3563383.81997367)"
2009-09,CARLOS PELLEGRINI,6.62333333333333,18.99,80.8,Humid Pampas,Pampa,"c(614328.468082056, -3546914.43656807)"
2009-09,EL TREBOL,6.02666666666667,19.46,87.8,Humid Pampas,Pampa,"c(625671.254797588, -3563383.81997367)"
2009-10,CARLOS PELLEGRINI,10.7032258064516,26.3483870967742,70.8,Humid Pampas,Pampa,"c(614328.468082056, -3546914.43656807)"
2009-10,EL TREBOL,9.91612903225806,26.4612903225807,65.6,Humid Pampas,Pampa,"c(625671.254797588, -3563383.81997367)"
2009-11,CARLOS PELLEGRINI,16.4166666666667,29.1466666666667,64,Humid Pampas,Pampa,"c(614328.468082056, -3546914.43656807)"
2009-11,EL TREBOL,16.2333333333333,28.9666666666667,77.8,Humid Pampas,Pampa,"c(625671.254797588, -3563383.81997367)"
2009-12,CARLOS PELLEGRINI,16.7258064516129,28.0096774193548,187.6,Humid Pampas,Pampa,"c(614328.468082056, -3546914.43656807)"
2009-12,EL TREBOL,16.4354838709677,28.0225806451613,247.6,Humid Pampas,Pampa,"c(625671.254797588, -3563383.81997367)"
2010-01,CARLOS PELLEGRINI,18.3612903225806,30.8967741935484,80,Humid Pampas,Pampa,"c(614328.468082056, -3546914.43656807)"
2010-01,EL TREBOL,17.341935483871,30.7290322580645,99.8,Humid Pampas,Pampa,"c(625671.254797588, -3563383.81997367)"
2010-02,CARLOS PELLEGRINI,18.5857142857143,28.8928571428571,130.4,Humid Pampas,Pampa,"c(614328.468082056, -3546914.43656807)"
2010-02,EL TREBOL,18.375,28.925,102,Humid Pampas,Pampa,"c(625671.254797588, -3563383.81997367)"
2010-03,CARLOS PELLEGRINI,16.6354838709677,29.9612903225806,22.8,Humid Pampas,Pampa,"c(614328.468082056, -3546914.43656807)"
2010-03,EL TREBOL,15.3645161290323,30.2612903225806,60.3,Humid Pampas,Pampa,"c(625671.254797588, -3563383.81997367)"
2010-04,CARLOS PELLEGRINI,11.0733333333333,23.5033333333333,43.6,Humid Pampas,Pampa,"c(614328.468082056, -3546914.43656807)"
2010-04,EL TREBOL,9.97333333333333,24.0066666666667,73.5,Humid Pampas,Pampa,"c(625671.254797588, -3563383.81997367)"
2010-05,CARLOS PELLEGRINI,8.27741935483871,19.6193548387097,56,Humid Pampas,Pampa,"c(614328.468082056, -3546914.43656807)"
2010-05,EL TREBOL,6.95161290322581,19.8,57.5,Humid Pampas,Pampa,"c(625671.254797588, -3563383.81997367)"
2010-06,CARLOS PELLEGRINI,5.05333333333333,16.81,8.8,Humid Pampas,Pampa,"c(614328.468082056, -3546914.43656807)"
2010-06,EL TREBOL,4.52333333333333,17.24,3.5,Humid Pampas,Pampa,"c(625671.254797588, -3563383.81997367)"
2010-07,CARLOS PELLEGRINI,3.37096774193548,16.8677419354839,1.2,Humid Pampas,Pampa,"c(614328.468082056, -3546914.43656807)"
2010-07,EL TREBOL,1.56129032258065,17.1193548387097,5,Humid Pampas,Pampa,"c(625671.254797588, -3563383.81997367)"
2010-08,CARLOS PELLEGRINI,4.03225806451613,17.8870967741936,5.2,Humid Pampas,Pampa,"c(614328.468082056, -3546914.43656807)"
2010-08,EL TREBOL,1.69354838709677,17.9870967741936,8,Humid Pampas,Pampa,"c(625671.254797588, -3563383.81997367)"
2010-09,CARLOS PELLEGRINI,8.25,20.82,78.4,Humid Pampas,Pampa,"c(614328.468082056, -3546914.43656807)"
2010-09,EL TREBOL,7.17333333333333,21.2166666666667,71.3,Humid Pampas,Pampa,"c(625671.254797588, -3563383.81997367)"
2010-10,CARLOS PELLEGRINI,9.40322580645161,23.7258064516129,45.2,Humid Pampas,Pampa,"c(614328.468082056, -3546914.43656807)"
2010-10,EL TREBOL,8.41290322580645,23.958064516129,37.5,Humid Pampas,Pampa,"c(625671.254797588, -3563383.81997367)"
2010-11,CARLOS PELLEGRINI,13.3566666666667,28.93,29.6,Humid Pampas,Pampa,"c(614328.468082056, -3546914.43656807)"
2010-11,EL TREBOL,11.8833333333333,29.2833333333333,31.7,Humid Pampas,Pampa,"c(625671.254797588, -3563383.81997367)"
2010-12,CARLOS PELLEGRINI,16.4483870967742,31.7161290322581,109.2,Humid Pampas,Pampa,"c(614328.468082056, -3546914.43656807)"
2010-12,EL TREBOL,15.9032258064516,31.3967741935484,142.1,Humid Pampas,Pampa,"c(625671.254797588, -3563383.81997367)"
2011-01,CARLOS PELLEGRINI,18.2741935483871,32.1322580645161,172.4,Humid Pampas,Pampa,"c(614328.468082056, -3546914.43656807)"
2011-01,EL TREBOL,17.7225806451613,31.9806451612903,147.7,Humid Pampas,Pampa,"c(625671.254797588, -3563383.81997367)"
2011-02,CARLOS PELLEGRINI,16.9285714285714,28.4928571428571,156,Humid Pampas,Pampa,"c(614328.468082056, -3546914.43656807)"
2011-02,EL TREBOL,15.8964285714286,28.3392857142857,139.5,Humid Pampas,Pampa,"c(625671.254797588, -3563383.81997367)"
2011-03,CARLOS PELLEGRINI,14.5322580645161,27.758064516129,110.4,Humid Pampas,Pampa,"c(614328.468082056, -3546914.43656807)"
2011-03,EL TREBOL,12.6290322580645,28.1451612903226,99.8,Humid Pampas,Pampa,"c(625671.254797588, -3563383.81997367)"
2011-04,CARLOS PELLEGRINI,11.9466666666667,25.45,81.2,Humid Pampas,Pampa,"c(614328.468082056, -3546914.43656807)"
2011-04,EL TREBOL,10.26,25.4066666666667,101.5,Humid Pampas,Pampa,"c(625671.254797588, -3563383.81997367)"
2011-05,CARLOS PELLEGRINI,8.17741935483871,19.5645161290323,30.4,Humid Pampas,Pampa,"c(614328.468082056, -3546914.43656807)"
2011-05,EL TREBOL,7.20645161290323,19.8290322580645,80.3,Humid Pampas,Pampa,"c(625671.254797588, -3563383.81997367)"
2011-06,CARLOS PELLEGRINI,5.35666666666667,15.49,22.8,Humid Pampas,Pampa,"c(614328.468082056, -3546914.43656807)"
2011-06,EL TREBOL,4.61333333333333,15.9933333333333,22.7,Humid Pampas,Pampa,"c(625671.254797588, -3563383.81997367)"
2011-07,CARLOS PELLEGRINI,3.65483870967742,16.8903225806452,3.2,Humid Pampas,Pampa,"c(614328.468082056, -3546914.43656807)"
2011-07,EL TREBOL,2.39677419354839,17.1709677419355,17.8,Humid Pampas,Pampa,"c(625671.254797588, -3563383.81997367)"
2011-08,CARLOS PELLEGRINI,4.33870967741936,16.9451612903226,31.2,Humid Pampas,Pampa,"c(614328.468082056, -3546914.43656807)"
2011-08,EL TREBOL,3.01290322580645,17.658064516129,4.6,Humid Pampas,Pampa,"c(625671.254797588, -3563383.81997367)"
2011-09,CARLOS PELLEGRINI,8.87,24.12,28,Humid Pampas,Pampa,"c(614328.468082056, -3546914.43656807)"
2011-09,EL TREBOL,7.43666666666667,24.09,27.5,Humid Pampas,Pampa,"c(625671.254797588, -3563383.81997367)"
2011-10,CARLOS PELLEGRINI,11.3193548387097,23.4161290322581,169.6,Humid Pampas,Pampa,"c(614328.468082056, -3546914.43656807)"
2011-10,EL TREBOL,10.641935483871,23.241935483871,147.1,Humid Pampas,Pampa,"c(625671.254797588, -3563383.81997367)"
2011-11,CARLOS PELLEGRINI,15.3766666666667,29.33,106.4,Humid Pampas,Pampa,"c(614328.468082056, -3546914.43656807)"
2011-11,EL TREBOL,14.6833333333333,29.29,78.2,Humid Pampas,Pampa,"c(625671.254797588, -3563383.81997367)"
2011-12,CARLOS PELLEGRINI,16.1516129032258,31.3064516129032,30.8,Humid Pampas,Pampa,"c(614328.468082056, -3546914.43656807)"
2011-12,EL TREBOL,14.25,30.8035714285714,26.8,Humid Pampas,Pampa,"c(625671.254797588, -3563383.81997367)"
2012-01,CARLOS PELLEGRINI,17.8225806451613,33.3548387096774,120.4,Humid Pampas,Pampa,"c(614328.468082056, -3546914.43656807)"
2012-01,EL TREBOL,16.4161290322581,32.958064516129,117.1,Humid Pampas,Pampa,"c(625671.254797588, -3563383.81997367)"
2012-02,CARLOS PELLEGRINI,18.3206896551724,30.8413793103448,148.8,Humid Pampas,Pampa,"c(614328.468082056, -3546914.43656807)"
2012-02,EL TREBOL,18.2931034482759,30.3275862068966,232.8,Humid Pampas,Pampa,"c(625671.254797588, -3563383.81997367)"
2012-03,CARLOS PELLEGRINI,15.4161290322581,28.1774193548387,172.4,Humid Pampas,Pampa,"c(614328.468082056, -3546914.43656807)"
2012-03,EL TREBOL,13.9548387096774,28.141935483871,153.6,Humid Pampas,Pampa,"c(625671.254797588, -3563383.81997367)"
2012-04,CARLOS PELLEGRINI,12.1833333333333,24.0933333333333,102,Humid Pampas,Pampa,"c(614328.468082056, -3546914.43656807)"
2012-04,EL TREBOL,11.6266666666667,24.1966666666667,114.1,Humid Pampas,Pampa,"c(625671.254797588, -3563383.81997367)"
2012-05,CARLOS PELLEGRINI,10.6032258064516,21.7612903225806,79.6,Humid Pampas,Pampa,"c(614328.468082056, -3546914.43656807)"
2012-05,EL TREBOL,10.0129032258065,21.8193548387097,80.8,Humid Pampas,Pampa,"c(625671.254797588, -3563383.81997367)"
2012-06,CARLOS PELLEGRINI,5.58,17.8,4.8,Humid Pampas,Pampa,"c(614328.468082056, -3546914.43656807)"
2012-06,EL TREBOL,4.07,17.9133333333333,7.2,Humid Pampas,Pampa,"c(625671.254797588, -3563383.81997367)"
2012-07,CARLOS PELLEGRINI,2.37741935483871,16.5967741935484,2.4,Humid Pampas,Pampa,"c(614328.468082056, -3546914.43656807)"
2012-07,EL TREBOL,0.112903225806452,16.7967741935484,0.6,Humid Pampas,Pampa,"c(625671.254797588, -3563383.81997367)"
2012-08,CARLOS PELLEGRINI,6.97096774193548,18.8322580645161,114.4,Humid Pampas,Pampa,"c(614328.468082056, -3546914.43656807)"
2012-08,EL TREBOL,6.4,18.9129032258065,116.5,Humid Pampas,Pampa,"c(625671.254797588, -3563383.81997367)"
2012-09,CARLOS PELLEGRINI,9.64,22.1033333333333,110.4,Humid Pampas,Pampa,"c(614328.468082056, -3546914.43656807)"
2012-09,EL TREBOL,8.89333333333333,22.2833333333333,121.3,Humid Pampas,Pampa,"c(625671.254797588, -3563383.81997367)"
2012-10,CARLOS PELLEGRINI,12.8709677419355,23.8064516129032,252,Humid Pampas,Pampa,"c(614328.468082056, -3546914.43656807)"
2012-10,EL TREBOL,12.4548387096774,23.8161290322581,253.2,Humid Pampas,Pampa,"c(625671.254797588, -3563383.81997367)"
2012-11,CARLOS PELLEGRINI,15.6966666666667,29.2433333333333,70.4,Humid Pampas,Pampa,"c(614328.468082056, -3546914.43656807)"
2012-11,EL TREBOL,14.85,28.88,72.9,Humid Pampas,Pampa,"c(625671.254797588, -3563383.81997367)"
2012-12,CARLOS PELLEGRINI,17.2548387096774,30.2225806451613,292,Humid Pampas,Pampa,"c(614328.468082056, -3546914.43656807)"
2012-12,EL TREBOL,16.7903225806452,29.7258064516129,272.9,Humid Pampas,Pampa,"c(625671.254797588, -3563383.81997367)"
2013-01,CARLOS PELLEGRINI,17.6806451612903,31.8483870967742,23.6,Humid Pampas,Pampa,"c(614328.468082056, -3546914.43656807)"
2013-01,EL TREBOL,16.5161290322581,31.2967741935484,23.9,Humid Pampas,Pampa,"c(625671.254797588, -3563383.81997367)"
2013-02,CARLOS PELLEGRINI,16.7357142857143,29.6071428571429,92.4,Humid Pampas,Pampa,"c(614328.468082056, -3546914.43656807)"
2013-02,EL TREBOL,15.9142857142857,29.225,107,Humid Pampas,Pampa,"c(625671.254797588, -3563383.81997367)"
2013-03,CARLOS PELLEGRINI,13.5258064516129,26.0451612903226,58.4,Humid Pampas,Pampa,"c(614328.468082056, -3546914.43656807)"
2013-03,EL TREBOL,12.3193548387097,25.8322580645161,108.5,Humid Pampas,Pampa,"c(625671.254797588, -3563383.81997367)"
2013-04,CARLOS PELLEGRINI,12.05,25.3966666666667,98,Humid Pampas,Pampa,"c(614328.468082056, -3546914.43656807)"
2013-04,EL TREBOL,10.1966666666667,25.3266666666667,56,Humid Pampas,Pampa,"c(625671.254797588, -3563383.81997367)"
2013-05,CARLOS PELLEGRINI,8.5741935483871,20.8967741935484,35.2,Humid Pampas,Pampa,"c(614328.468082056, -3546914.43656807)"
2013-05,EL TREBOL,6.84193548387097,20.8709677419355,44,Humid Pampas,Pampa,"c(625671.254797588, -3563383.81997367)"
2013-06,CARLOS PELLEGRINI,5.42666666666667,18.95,22.8,Humid Pampas,Pampa,"c(614328.468082056, -3546914.43656807)"
2013-06,EL TREBOL,4.32333333333333,18.9766666666667,23,Humid Pampas,Pampa,"c(625671.254797588, -3563383.81997367)"
2013-07,CARLOS PELLEGRINI,5.32903225806452,17.5967741935484,8,Humid Pampas,Pampa,"c(614328.468082056, -3546914.43656807)"
2013-07,EL TREBOL,3.81290322580645,17.6032258064516,8.3,Humid Pampas,Pampa,"c(625671.254797588, -3563383.81997367)"
2013-08,CARLOS PELLEGRINI,3.8,19.5774193548387,1.6,Humid Pampas,Pampa,"c(614328.468082056, -3546914.43656807)"
2013-08,EL TREBOL,1.92903225806452,19.4225806451613,0,Humid Pampas,Pampa,"c(625671.254797588, -3563383.81997367)"
2013-09,CARLOS PELLEGRINI,7.66333333333333,22.1966666666667,20.8,Humid Pampas,Pampa,"c(614328.468082056, -3546914.43656807)"
2013-09,EL TREBOL,6.56,22.2866666666667,20.5,Humid Pampas,Pampa,"c(625671.254797588, -3563383.81997367)"
2013-10,CARLOS PELLEGRINI,12.5741935483871,28.0322580645161,48,Humid Pampas,Pampa,"c(614328.468082056, -3546914.43656807)"
2013-10,EL TREBOL,11.6129032258065,27.3903225806452,233.5,Humid Pampas,Pampa,"c(625671.254797588, -3563383.81997367)"
2013-11,CARLOS PELLEGRINI,15.34,28.1866666666667,317.2,Humid Pampas,Pampa,"c(614328.468082056, -3546914.43656807)"
2013-11,EL TREBOL,14.2833333333333,27.7133333333333,118.5,Humid Pampas,Pampa,"c(625671.254797588, -3563383.81997367)"
2013-12,CARLOS PELLEGRINI,19.3774193548387,34.1096774193548,127.6,Humid Pampas,Pampa,"c(614328.468082056, -3546914.43656807)"
2013-12,EL TREBOL,18.9354838709677,33.6516129032258,213.5,Humid Pampas,Pampa,"c(625671.254797588, -3563383.81997367)"
2014-01,CARLOS PELLEGRINI,19,32.1935483870968,93.2,Humid Pampas,Pampa,"c(614328.468082056, -3546914.43656807)"
2014-01,EL TREBOL,18.0666666666667,31.8366666666667,123.5,Humid Pampas,Pampa,"c(625671.254797588, -3563383.81997367)"
2014-02,CARLOS PELLEGRINI,17.6464285714286,27.3714285714286,162,Humid Pampas,Pampa,"c(614328.468082056, -3546914.43656807)"
2014-02,EL TREBOL,16.0678571428571,27.1714285714286,133,Humid Pampas,Pampa,"c(625671.254797588, -3563383.81997367)"
2014-03,CARLOS PELLEGRINI,13.1032258064516,25.4677419354839,139.8,Humid Pampas,Pampa,"c(614328.468082056, -3546914.43656807)"
2014-03,EL TREBOL,11.1548387096774,25.2290322580645,136.8,Humid Pampas,Pampa,"c(625671.254797588, -3563383.81997367)"
2014-04,CARLOS PELLEGRINI,12.5066666666667,23.9566666666667,230.4,Humid Pampas,Pampa,"c(614328.468082056, -3546914.43656807)"
2014-04,EL TREBOL,11.1966666666667,23.81,175,Humid Pampas,Pampa,"c(625671.254797588, -3563383.81997367)"
2014-05,CARLOS PELLEGRINI,10.058064516129,19.9935483870968,40,Humid Pampas,Pampa,"c(614328.468082056, -3546914.43656807)"
2014-05,EL TREBOL,8.66774193548387,19.9161290322581,35.7,Humid Pampas,Pampa,"c(625671.254797588, -3563383.81997367)"
2014-06,CARLOS PELLEGRINI,5.64666666666667,18.3733333333333,18.8,Humid Pampas,Pampa,"c(614328.468082056, -3546914.43656807)"
2014-06,EL TREBOL,3.29666666666667,17.9933333333333,9.5,Humid Pampas,Pampa,"c(625671.254797588, -3563383.81997367)"
2014-07,CARLOS PELLEGRINI,5.91935483870968,18.5903225806452,12.8,Humid Pampas,Pampa,"c(614328.468082056, -3546914.43656807)"
2014-07,EL TREBOL,3.90645161290323,18.0741935483871,14.5,Humid Pampas,Pampa,"c(625671.254797588, -3563383.81997367)"
2014-08,CARLOS PELLEGRINI,7.12903225806452,22.4967741935484,1.6,Humid Pampas,Pampa,"c(614328.468082056, -3546914.43656807)"
2014-08,EL TREBOL,4.9258064516129,22.1193548387097,0,Humid Pampas,Pampa,"c(625671.254797588, -3563383.81997367)"
2014-09,CARLOS PELLEGRINI,9.39,23.14,42.4,Humid Pampas,Pampa,"c(614328.468082056, -3546914.43656807)"
2014-09,EL TREBOL,7.87083333333333,22.25,52,Humid Pampas,Pampa,"c(625671.254797588, -3563383.81997367)"
2014-10,CARLOS PELLEGRINI,14.5967741935484,27.6032258064516,78,Humid Pampas,Pampa,"c(614328.468082056, -3546914.43656807)"
2014-10,EL TREBOL,0,20.5,69.9,Humid Pampas,Pampa,"c(625671.254797588, -3563383.81997367)"
2014-11,CARLOS PELLEGRINI,14.4933333333333,28.29,224.8,Humid Pampas,Pampa,"c(614328.468082056, -3546914.43656807)"
2014-11,EL TREBOL,,,259.6,Humid Pampas,Pampa,"c(625671.254797588, -3563383.81997367)"
2014-12,CARLOS PELLEGRINI,16.6064516129032,29.4935483870968,156.4,Humid Pampas,Pampa,"c(614328.468082056, -3546914.43656807)"
2014-12,EL TREBOL,,,159.9,Humid Pampas,Pampa,"c(625671.254797588, -3563383.81997367)"
2015-01,CARLOS PELLEGRINI,18.4032258064516,30.6612903225807,186,Humid Pampas,Pampa,"c(614328.468082056, -3546914.43656807)"
2015-01,EL TREBOL,,,221.5,Humid Pampas,Pampa,"c(625671.254797588, -3563383.81997367)"
2015-02,CARLOS PELLEGRINI,17.6428571428571,28.7678571428571,136.8,Humid Pampas,Pampa,"c(614328.468082056, -3546914.43656807)"
2015-02,EL TREBOL,,,159,Humid Pampas,Pampa,"c(625671.254797588, -3563383.81997367)"
2015-03,CARLOS PELLEGRINI,16.8677419354839,28.0548387096774,188,Humid Pampas,Pampa,"c(614328.468082056, -3546914.43656807)"
2015-03,EL TREBOL,,,184,Humid Pampas,Pampa,"c(625671.254797588, -3563383.81997367)"
2015-04,CARLOS PELLEGRINI,14.5566666666667,27.8833333333333,100,Humid Pampas,Pampa,"c(614328.468082056, -3546914.43656807)"
2015-04,EL TREBOL,,,76.2,Humid Pampas,Pampa,"c(625671.254797588, -3563383.81997367)"
2015-05,CARLOS PELLEGRINI,11.1709677419355,22.6129032258065,12,Humid Pampas,Pampa,"c(614328.468082056, -3546914.43656807)"
2015-05,EL TREBOL,,,5,Humid Pampas,Pampa,"c(625671.254797588, -3563383.81997367)"
2015-06,CARLOS PELLEGRINI,7.82666666666667,20.14,41.6,Humid Pampas,Pampa,"c(614328.468082056, -3546914.43656807)"
2015-06,EL TREBOL,,,60.5,Humid Pampas,Pampa,"c(625671.254797588, -3563383.81997367)"
2015-07,CARLOS PELLEGRINI,5.93103448275862,18.9620689655172,50.4,Humid Pampas,Pampa,"c(614328.468082056, -3546914.43656807)"
2015-07,EL TREBOL,,,55.5,Humid Pampas,Pampa,"c(625671.254797588, -3563383.81997367)"
2015-08,CARLOS PELLEGRINI,9.69354838709677,19.5806451612903,104.8,Humid Pampas,Pampa,"c(614328.468082056, -3546914.43656807)"
2015-08,EL TREBOL,,,121.3,Humid Pampas,Pampa,"c(625671.254797588, -3563383.81997367)"
2015-09,CARLOS PELLEGRINI,8.87333333333333,21.4633333333333,15.6,Humid Pampas,Pampa,"c(614328.468082056, -3546914.43656807)"
2015-09,EL TREBOL,,,9.7,Humid Pampas,Pampa,"c(625671.254797588, -3563383.81997367)"
2015-10,CARLOS PELLEGRINI,10.941935483871,22.9741935483871,52.4,Humid Pampas,Pampa,"c(614328.468082056, -3546914.43656807)"
2015-10,EL TREBOL,,,55.5,Humid Pampas,Pampa,"c(625671.254797588, -3563383.81997367)"
2015-11,CARLOS PELLEGRINI,14.6866666666667,27.3,107.6,Humid Pampas,Pampa,"c(614328.468082056, -3546914.43656807)"
2015-11,EL TREBOL,,,95.1,Humid Pampas,Pampa,"c(625671.254797588, -3563383.81997367)"
2015-12,CARLOS PELLEGRINI,18.0870967741935,30.9129032258065,158,Humid Pampas,Pampa,"c(614328.468082056, -3546914.43656807)"
2015-12,EL TREBOL,,,194,Humid Pampas,Pampa,"c(625671.254797588, -3563383.81997367)"
2016-01,CARLOS PELLEGRINI,19.6096774193548,32.5612903225806,104.4,Humid Pampas,Pampa,"c(614328.468082056, -3546914.43656807)"
2016-01,EL TREBOL,,,166,Humid Pampas,Pampa,"c(625671.254797588, -3563383.81997367)"
2016-02,CARLOS PELLEGRINI,19.551724137931,30.9620689655172,296.4,Humid Pampas,Pampa,"c(614328.468082056, -3546914.43656807)"
2016-02,EL TREBOL,,,337.5,Humid Pampas,Pampa,"c(625671.254797588, -3563383.81997367)"
2016-03,CARLOS PELLEGRINI,15.1161290322581,27.1741935483871,52.8,Humid Pampas,Pampa,"c(614328.468082056, -3546914.43656807)"
2016-03,EL TREBOL,,,54.5,Humid Pampas,Pampa,"c(625671.254797588, -3563383.81997367)"
2016-04,CARLOS PELLEGRINI,13.43,21,249.2,Humid Pampas,Pampa,"c(614328.468082056, -3546914.43656807)"
2016-04,EL TREBOL,,,305.7,Humid Pampas,Pampa,"c(625671.254797588, -3563383.81997367)"
2016-05,CARLOS PELLEGRINI,8.49677419354839,17.641935483871,10,Humid Pampas,Pampa,"c(614328.468082056, -3546914.43656807)"
2016-05,EL TREBOL,,,10,Humid Pampas,Pampa,"c(625671.254797588, -3563383.81997367)"
2016-06,CARLOS PELLEGRINI,4.61333333333333,15.19,68,Humid Pampas,Pampa,"c(614328.468082056, -3546914.43656807)"
2016-06,EL TREBOL,,,62.5,Humid Pampas,Pampa,"c(625671.254797588, -3563383.81997367)"
2016-07,CARLOS PELLEGRINI,5.78064516129032,14.9709677419355,9.2,Humid Pampas,Pampa,"c(614328.468082056, -3546914.43656807)"
2016-07,EL TREBOL,5.74444444444444,15.2,3.5,Humid Pampas,Pampa,"c(625671.254797588, -3563383.81997367)"
2016-08,CARLOS PELLEGRINI,6.91612903225806,21.5870967741935,34,Humid Pampas,Pampa,"c(614328.468082056, -3546914.43656807)"
2016-08,EL TREBOL,6.21290322580645,21.141935483871,15,Humid Pampas,Pampa,"c(625671.254797588, -3563383.81997367)"
2016-09,CARLOS PELLEGRINI,7.47666666666667,21.97,17.2,Humid Pampas,Pampa,"c(614328.468082056, -3546914.43656807)"
2016-09,EL TREBOL,6.92333333333333,22.03,16.5,Humid Pampas,Pampa,"c(625671.254797588, -3563383.81997367)"
2016-10,CARLOS PELLEGRINI,11.8677419354839,23.9903225806452,102,Humid Pampas,Pampa,"c(614328.468082056, -3546914.43656807)"
2016-10,EL TREBOL,11.4387096774194,23.2129032258065,106.5,Humid Pampas,Pampa,"c(625671.254797588, -3563383.81997367)"
2016-11,CARLOS PELLEGRINI,13.8266666666667,28.1833333333333,104.8,Humid Pampas,Pampa,"c(614328.468082056, -3546914.43656807)"
2016-11,EL TREBOL,12.7766666666667,27.5333333333333,75.5,Humid Pampas,Pampa,"c(625671.254797588, -3563383.81997367)"
2016-12,CARLOS PELLEGRINI,17.6967741935484,31.1451612903226,204.8,Humid Pampas,Pampa,"c(614328.468082056, -3546914.43656807)"
2016-12,EL TREBOL,16.3,30.8064516129032,219.6,Humid Pampas,Pampa,"c(625671.254797588, -3563383.81997367)"
2017-01,CARLOS PELLEGRINI,19.3322580645161,31.5354838709677,250.4,Humid Pampas,Pampa,"c(614328.468082056, -3546914.43656807)"
2017-01,EL TREBOL,18.4161290322581,30.7322580645161,142.5,Humid Pampas,Pampa,"c(625671.254797588, -3563383.81997367)"
2017-02,CARLOS PELLEGRINI,19.1222222222222,30.3,145.2,Humid Pampas,Pampa,"c(614328.468082056, -3546914.43656807)"
2017-02,EL TREBOL,17.7740740740741,29.437037037037,123.4,Humid Pampas,Pampa,"c(625671.254797588, -3563383.81997367)"
2017-03,CARLOS PELLEGRINI,16.3322580645161,28.1387096774194,123.2,Humid Pampas,Pampa,"c(614328.468082056, -3546914.43656807)"
2017-03,EL TREBOL,15.3387096774194,27.6806451612903,94.1,Humid Pampas,Pampa,"c(625671.254797588, -3563383.81997367)"
2017-04,CARLOS PELLEGRINI,12.2233333333333,23.7633333333333,94,Humid Pampas,Pampa,"c(614328.468082056, -3546914.43656807)"
2017-04,EL TREBOL,11.69,23.4166666666667,102.9,Humid Pampas,Pampa,"c(625671.254797588, -3563383.81997367)"
2017-05,CARLOS PELLEGRINI,10.6032258064516,20.3677419354839,50.4,Humid Pampas,Pampa,"c(614328.468082056, -3546914.43656807)"
2017-05,EL TREBOL,9.76774193548387,19.9290322580645,45.4,Humid Pampas,Pampa,"c(625671.254797588, -3563383.81997367)"
2017-06,CARLOS PELLEGRINI,7.46,19.5433333333333,15.2,Humid Pampas,Pampa,"c(614328.468082056, -3546914.43656807)"
2017-06,EL TREBOL,6.38333333333333,19.41,17.5,Humid Pampas,Pampa,"c(625671.254797588, -3563383.81997367)"
2017-07,CARLOS PELLEGRINI,8.06774193548387,18.1290322580645,20,Humid Pampas,Pampa,"c(614328.468082056, -3546914.43656807)"
2017-07,EL TREBOL,7.62258064516129,17.9645161290323,15.4,Humid Pampas,Pampa,"c(625671.254797588, -3563383.81997367)"
2017-08,CARLOS PELLEGRINI,8.31290322580645,20.7,12.4,Humid Pampas,Pampa,"c(614328.468082056, -3546914.43656807)"
2017-08,EL TREBOL,7.55806451612903,20.3774193548387,7,Humid Pampas,Pampa,"c(625671.254797588, -3563383.81997367)"
2017-09,CARLOS PELLEGRINI,9.53793103448276,21.8241379310345,168.8,Humid Pampas,Pampa,"c(614328.468082056, -3546914.43656807)"
2017-09,EL TREBOL,8.67,21.13,160,Humid Pampas,Pampa,"c(625671.254797588, -3563383.81997367)"
2017-10,CARLOS PELLEGRINI,11.4966666666667,24.5,96,Humid Pampas,Pampa,"c(614328.468082056, -3546914.43656807)"
2017-10,EL TREBOL,10.9225806451613,23.6387096774194,42.5,Humid Pampas,Pampa,"c(625671.254797588, -3563383.81997367)"
2017-11,CARLOS PELLEGRINI,13.8206896551724,29.5931034482759,88,Humid Pampas,Pampa,"c(614328.468082056, -3546914.43656807)"
2017-11,EL TREBOL,13.1266666666667,28.67,69.9,Humid Pampas,Pampa,"c(625671.254797588, -3563383.81997367)"
2017-12,CARLOS PELLEGRINI,17.5903225806452,31.5806451612903,116,Humid Pampas,Pampa,"c(614328.468082056, -3546914.43656807)"
2017-12,EL TREBOL,17.0516129032258,31.4032258064516,123.8,Humid Pampas,Pampa,"c(625671.254797588, -3563383.81997367)"
2009-01,CERES,18.5290322580645,33.0806451612903,91,Dry Chaco,Chaco Seco,"c(601391.194527877, -3306320.77149315)"
2009-02,CERES,19.1107142857143,32.4071428571429,98.4,Dry Chaco,Chaco Seco,"c(601391.194527877, -3306320.77149315)"
2009-03,CERES,18.241935483871,31.8258064516129,75.3,Dry Chaco,Chaco Seco,"c(601391.194527877, -3306320.77149315)"
2009-04,CERES,15.7766666666667,30.3733333333333,16.6,Dry Chaco,Chaco Seco,"c(601391.194527877, -3306320.77149315)"
2009-05,CERES,11.5225806451613,24.7225806451613,2.8,Dry Chaco,Chaco Seco,"c(601391.194527877, -3306320.77149315)"
2009-06,CERES,5.54,20.9033333333333,1.2,Dry Chaco,Chaco Seco,"c(601391.194527877, -3306320.77149315)"
2009-07,CERES,3.69677419354839,19.3290322580645,14,Dry Chaco,Chaco Seco,"c(601391.194527877, -3306320.77149315)"
2009-08,CERES,9.79032258064516,25.7935483870968,0.1,Dry Chaco,Chaco Seco,"c(601391.194527877, -3306320.77149315)"
2009-09,CERES,9.02,22.22,77.4,Dry Chaco,Chaco Seco,"c(601391.194527877, -3306320.77149315)"
2009-10,CERES,11.3,27.9,66.2,Dry Chaco,Chaco Seco,"c(601391.194527877, -3306320.77149315)"
2009-11,CERES,,,207.8,Dry Chaco,Chaco Seco,"c(601391.194527877, -3306320.77149315)"
2009-12,CERES,,,116.4,Dry Chaco,Chaco Seco,"c(601391.194527877, -3306320.77149315)"
2010-01,CERES,,,153.6,Dry Chaco,Chaco Seco,"c(601391.194527877, -3306320.77149315)"
2010-02,CERES,,,89.1,Dry Chaco,Chaco Seco,"c(601391.194527877, -3306320.77149315)"
2010-03,CERES,,,199,Dry Chaco,Chaco Seco,"c(601391.194527877, -3306320.77149315)"
2010-04,CERES,,,47.3,Dry Chaco,Chaco Seco,"c(601391.194527877, -3306320.77149315)"
2010-05,CERES,,,56.2,Dry Chaco,Chaco Seco,"c(601391.194527877, -3306320.77149315)"
2010-06,CERES,8.29047619047619,18.6190476190476,1.4,Dry Chaco,Chaco Seco,"c(601391.194527877, -3306320.77149315)"
2010-07,CERES,5.03870967741936,19.1193548387097,0.2,Dry Chaco,Chaco Seco,"c(601391.194527877, -3306320.77149315)"
2010-08,CERES,6.38387096774194,20.7870967741936,6.1,Dry Chaco,Chaco Seco,"c(601391.194527877, -3306320.77149315)"
2010-09,CERES,10.2633333333333,24.4233333333333,49.4,Dry Chaco,Chaco Seco,"c(601391.194527877, -3306320.77149315)"
2010-10,CERES,11.6548387096774,27.1161290322581,4.9,Dry Chaco,Chaco Seco,"c(601391.194527877, -3306320.77149315)"
2010-11,CERES,14.9366666666667,30.4266666666667,67.1,Dry Chaco,Chaco Seco,"c(601391.194527877, -3306320.77149315)"
2010-12,CERES,17.9967741935484,32.2032258064516,130,Dry Chaco,Chaco Seco,"c(601391.194527877, -3306320.77149315)"
2011-01,CERES,20.1483870967742,31.8645161290323,320.3,Dry Chaco,Chaco Seco,"c(601391.194527877, -3306320.77149315)"
2011-02,CERES,19.0535714285714,29.1714285714286,145.5,Dry Chaco,Chaco Seco,"c(601391.194527877, -3306320.77149315)"
2011-03,CERES,16.1548387096774,28.9838709677419,73,Dry Chaco,Chaco Seco,"c(601391.194527877, -3306320.77149315)"
2011-04,CERES,13.7233333333333,26.2433333333333,122.8,Dry Chaco,Chaco Seco,"c(601391.194527877, -3306320.77149315)"
2011-05,CERES,11.2258064516129,21.5806451612903,59.4,Dry Chaco,Chaco Seco,"c(601391.194527877, -3306320.77149315)"
2011-06,CERES,7.70666666666667,17.5833333333333,27.1,Dry Chaco,Chaco Seco,"c(601391.194527877, -3306320.77149315)"
2011-07,CERES,6.38709677419355,18.758064516129,17,Dry Chaco,Chaco Seco,"c(601391.194527877, -3306320.77149315)"
2011-08,CERES,6.2741935483871,20.5774193548387,1.3,Dry Chaco,Chaco Seco,"c(601391.194527877, -3306320.77149315)"
2011-09,CERES,10.07,26.1366666666667,9.1,Dry Chaco,Chaco Seco,"c(601391.194527877, -3306320.77149315)"
2011-10,CERES,13.6322580645161,25.3225806451613,112.7,Dry Chaco,Chaco Seco,"c(601391.194527877, -3306320.77149315)"
2011-11,CERES,16.54,30.5533333333333,90,Dry Chaco,Chaco Seco,"c(601391.194527877, -3306320.77149315)"
2011-12,CERES,17.4774193548387,32.3225806451613,24,Dry Chaco,Chaco Seco,"c(601391.194527877, -3306320.77149315)"
2012-01,CERES,19.3193548387097,34.2258064516129,146.2,Dry Chaco,Chaco Seco,"c(601391.194527877, -3306320.77149315)"
2012-02,CERES,20.8793103448276,34.0827586206897,69.8,Dry Chaco,Chaco Seco,"c(601391.194527877, -3306320.77149315)"
2012-03,CERES,17.1516129032258,29.6806451612903,132.4,Dry Chaco,Chaco Seco,"c(601391.194527877, -3306320.77149315)"
2012-04,CERES,14.2133333333333,25.2966666666667,65.1,Dry Chaco,Chaco Seco,"c(601391.194527877, -3306320.77149315)"
2012-05,CERES,12.1516129032258,23.7516129032258,38,Dry Chaco,Chaco Seco,"c(601391.194527877, -3306320.77149315)"
2012-06,CERES,7.21666666666667,20.5833333333333,3.4,Dry Chaco,Chaco Seco,"c(601391.194527877, -3306320.77149315)"
2012-07,CERES,3.62258064516129,19.5096774193548,0.3,Dry Chaco,Chaco Seco,"c(601391.194527877, -3306320.77149315)"
2012-08,CERES,9.33548387096774,23.0483870967742,11,Dry Chaco,Chaco Seco,"c(601391.194527877, -3306320.77149315)"
2012-09,CERES,11.9233333333333,26.63,17,Dry Chaco,Chaco Seco,"c(601391.194527877, -3306320.77149315)"
2012-10,CERES,15.6774193548387,27.4322580645161,42.5,Dry Chaco,Chaco Seco,"c(601391.194527877, -3306320.77149315)"
2012-11,CERES,17.2933333333333,31.2466666666667,106.4,Dry Chaco,Chaco Seco,"c(601391.194527877, -3306320.77149315)"
2012-12,CERES,19.5677419354839,32.8,167.3,Dry Chaco,Chaco Seco,"c(601391.194527877, -3306320.77149315)"
2013-01,CERES,19.0387096774194,33.141935483871,58.3,Dry Chaco,Chaco Seco,"c(601391.194527877, -3306320.77149315)"
2013-02,CERES,18.6714285714286,30.8107142857143,178.5,Dry Chaco,Chaco Seco,"c(601391.194527877, -3306320.77149315)"
2013-03,CERES,15.3709677419355,28.3612903225806,74.4,Dry Chaco,Chaco Seco,"c(601391.194527877, -3306320.77149315)"
2013-04,CERES,13.7766666666667,27.8033333333333,4,Dry Chaco,Chaco Seco,"c(601391.194527877, -3306320.77149315)"
2013-05,CERES,11.258064516129,23.441935483871,1.8,Dry Chaco,Chaco Seco,"c(601391.194527877, -3306320.77149315)"
2013-06,CERES,8.09333333333333,21.6566666666667,33.9,Dry Chaco,Chaco Seco,"c(601391.194527877, -3306320.77149315)"
2013-07,CERES,7.80322580645161,20.3129032258065,5,Dry Chaco,Chaco Seco,"c(601391.194527877, -3306320.77149315)"
2013-08,CERES,5.63225806451613,22.3258064516129,0,Dry Chaco,Chaco Seco,"c(601391.194527877, -3306320.77149315)"
2013-09,CERES,10.56,25.3733333333333,27.2,Dry Chaco,Chaco Seco,"c(601391.194527877, -3306320.77149315)"
2013-10,CERES,14.5225806451613,30.4129032258065,75.2,Dry Chaco,Chaco Seco,"c(601391.194527877, -3306320.77149315)"
2013-11,CERES,16.9433333333333,29.82,128,Dry Chaco,Chaco Seco,"c(601391.194527877, -3306320.77149315)"
2013-12,CERES,20.841935483871,35.8129032258065,49.1,Dry Chaco,Chaco Seco,"c(601391.194527877, -3306320.77149315)"
2014-01,CERES,20.8387096774194,34.5548387096774,119.1,Dry Chaco,Chaco Seco,"c(601391.194527877, -3306320.77149315)"
2014-02,CERES,19.9464285714286,30.3178571428571,171.9,Dry Chaco,Chaco Seco,"c(601391.194527877, -3306320.77149315)"
2014-03,CERES,14.9516129032258,27.0612903225807,108.4,Dry Chaco,Chaco Seco,"c(601391.194527877, -3306320.77149315)"
2014-04,CERES,14.15,25.8433333333333,191,Dry Chaco,Chaco Seco,"c(601391.194527877, -3306320.77149315)"
2014-05,CERES,12.7064516129032,21.5290322580645,73,Dry Chaco,Chaco Seco,"c(601391.194527877, -3306320.77149315)"
2014-06,CERES,7.93333333333333,19.7866666666667,1,Dry Chaco,Chaco Seco,"c(601391.194527877, -3306320.77149315)"
2014-07,CERES,6.84193548387097,20.7935483870968,12.4,Dry Chaco,Chaco Seco,"c(601391.194527877, -3306320.77149315)"
2014-08,CERES,8.13870967741936,25.3387096774194,0,Dry Chaco,Chaco Seco,"c(601391.194527877, -3306320.77149315)"
2014-09,CERES,12.0233333333333,25.7333333333333,43.2,Dry Chaco,Chaco Seco,"c(601391.194527877, -3306320.77149315)"
2014-10,CERES,16.8322580645161,30.1645161290323,44.3,Dry Chaco,Chaco Seco,"c(601391.194527877, -3306320.77149315)"
2014-11,CERES,15.7966666666667,29.74,118.5,Dry Chaco,Chaco Seco,"c(601391.194527877, -3306320.77149315)"
2014-12,CERES,18.2677419354839,29.8806451612903,345,Dry Chaco,Chaco Seco,"c(601391.194527877, -3306320.77149315)"
2015-01,CERES,20.8193548387097,31.9161290322581,338,Dry Chaco,Chaco Seco,"c(601391.194527877, -3306320.77149315)"
2015-02,CERES,20.0392857142857,30.6964285714286,196.3,Dry Chaco,Chaco Seco,"c(601391.194527877, -3306320.77149315)"
2015-03,CERES,18.2,29.3322580645161,103.9,Dry Chaco,Chaco Seco,"c(601391.194527877, -3306320.77149315)"
2015-04,CERES,15.5,28.6833333333333,51.6,Dry Chaco,Chaco Seco,"c(601391.194527877, -3306320.77149315)"
2015-05,CERES,12.9161290322581,23.9741935483871,4.4,Dry Chaco,Chaco Seco,"c(601391.194527877, -3306320.77149315)"
2015-06,CERES,10.67,22.0833333333333,2,Dry Chaco,Chaco Seco,"c(601391.194527877, -3306320.77149315)"
2015-07,CERES,6.63548387096774,21.3677419354839,0.5,Dry Chaco,Chaco Seco,"c(601391.194527877, -3306320.77149315)"
2015-08,CERES,11.9290322580645,23.541935483871,72.2,Dry Chaco,Chaco Seco,"c(601391.194527877, -3306320.77149315)"
2015-09,CERES,10.8566666666667,24.42,0.2,Dry Chaco,Chaco Seco,"c(601391.194527877, -3306320.77149315)"
2015-10,CERES,13.6935483870968,25.9451612903226,68,Dry Chaco,Chaco Seco,"c(601391.194527877, -3306320.77149315)"
2015-11,CERES,15.9366666666667,27.76,176.6,Dry Chaco,Chaco Seco,"c(601391.194527877, -3306320.77149315)"
2015-12,CERES,19.4193548387097,30.9806451612903,128.5,Dry Chaco,Chaco Seco,"c(601391.194527877, -3306320.77149315)"
2016-01,CERES,20.958064516129,34.5387096774194,111.8,Dry Chaco,Chaco Seco,"c(601391.194527877, -3306320.77149315)"
2016-02,CERES,21.2310344827586,33.4206896551724,218.1,Dry Chaco,Chaco Seco,"c(601391.194527877, -3306320.77149315)"
2016-03,CERES,15.8483870967742,27.9903225806452,44.4,Dry Chaco,Chaco Seco,"c(601391.194527877, -3306320.77149315)"
2016-04,CERES,15.61,23.47,267.2,Dry Chaco,Chaco Seco,"c(601391.194527877, -3306320.77149315)"
2016-05,CERES,9.88709677419355,19.1193548387097,0.8,Dry Chaco,Chaco Seco,"c(601391.194527877, -3306320.77149315)"
2016-06,CERES,4.79,17.5733333333333,22.5,Dry Chaco,Chaco Seco,"c(601391.194527877, -3306320.77149315)"
2016-07,CERES,6.72903225806452,17.8290322580645,4.1,Dry Chaco,Chaco Seco,"c(601391.194527877, -3306320.77149315)"
2016-08,CERES,7.88387096774194,24.1516129032258,1.3,Dry Chaco,Chaco Seco,"c(601391.194527877, -3306320.77149315)"
2016-09,CERES,9.02,24.5933333333333,15.5,Dry Chaco,Chaco Seco,"c(601391.194527877, -3306320.77149315)"
2016-10,CERES,13.2774193548387,25.2322580645161,113,Dry Chaco,Chaco Seco,"c(601391.194527877, -3306320.77149315)"
2016-11,CERES,15.5366666666667,29.1566666666667,88,Dry Chaco,Chaco Seco,"c(601391.194527877, -3306320.77149315)"
2016-12,CERES,18.8967741935484,31.8806451612903,111.2,Dry Chaco,Chaco Seco,"c(601391.194527877, -3306320.77149315)"
2017-01,CERES,20.5870967741935,33.0516129032258,241.5,Dry Chaco,Chaco Seco,"c(601391.194527877, -3306320.77149315)"
2017-02,CERES,19.9964285714286,30.5964285714286,124,Dry Chaco,Chaco Seco,"c(601391.194527877, -3306320.77149315)"
2017-03,CERES,18.041935483871,29.1774193548387,178,Dry Chaco,Chaco Seco,"c(601391.194527877, -3306320.77149315)"
2017-04,CERES,13.78,24.9533333333333,84,Dry Chaco,Chaco Seco,"c(601391.194527877, -3306320.77149315)"
2017-05,CERES,12.4548387096774,21.4096774193548,29.8,Dry Chaco,Chaco Seco,"c(601391.194527877, -3306320.77149315)"
2017-06,CERES,9.29666666666667,21.2566666666667,1.2,Dry Chaco,Chaco Seco,"c(601391.194527877, -3306320.77149315)"
2017-07,CERES,9.3258064516129,20.8354838709677,18.1,Dry Chaco,Chaco Seco,"c(601391.194527877, -3306320.77149315)"
2017-08,CERES,10.1806451612903,22.7225806451613,33.4,Dry Chaco,Chaco Seco,"c(601391.194527877, -3306320.77149315)"
2017-09,CERES,11.93,23.53,81.5,Dry Chaco,Chaco Seco,"c(601391.194527877, -3306320.77149315)"
2017-10,CERES,13.3451612903226,26.1741935483871,25.5,Dry Chaco,Chaco Seco,"c(601391.194527877, -3306320.77149315)"
2017-11,CERES,14.8733333333333,30.1433333333333,71,Dry Chaco,Chaco Seco,"c(601391.194527877, -3306320.77149315)"
2017-12,CERES,19.0322580645161,33.7129032258065,44.2,Dry Chaco,Chaco Seco,"c(601391.194527877, -3306320.77149315)"
2011-11,RECONQUISTA - EEA RECONQUISTA,31.5866666666667,17.3933333333333,93.90002,Parana flooded savanna,Delta e Islas del Paraná,"c(819732.978693379, -3241281.90955331)"
2011-12,RECONQUISTA - EEA RECONQUISTA,32.8870967741936,17.4096774193548,18.4,Parana flooded savanna,Delta e Islas del Paraná,"c(819732.978693379, -3241281.90955331)"
2012-01,RECONQUISTA - EEA RECONQUISTA,35.4967741935484,18.8967741935484,48.1,Parana flooded savanna,Delta e Islas del Paraná,"c(819732.978693379, -3241281.90955331)"
2012-02,RECONQUISTA - EEA RECONQUISTA,35.3586206896552,21.3758620689655,150.89998,Parana flooded savanna,Delta e Islas del Paraná,"c(819732.978693379, -3241281.90955331)"
2012-03,RECONQUISTA - EEA RECONQUISTA,31.3870967741936,16.8935483870968,101.99999,Parana flooded savanna,Delta e Islas del Paraná,"c(819732.978693379, -3241281.90955331)"
2012-04,RECONQUISTA - EEA RECONQUISTA,27.3766666666667,14.2433333333333,238.10001,Parana flooded savanna,Delta e Islas del Paraná,"c(819732.978693379, -3241281.90955331)"
2012-05,RECONQUISTA - EEA RECONQUISTA,25.4193548387097,12.8258064516129,53.699991,Parana flooded savanna,Delta e Islas del Paraná,"c(819732.978693379, -3241281.90955331)"
2012-06,RECONQUISTA - EEA RECONQUISTA,21.3633333333333,9.47333333333333,12.7,Parana flooded savanna,Delta e Islas del Paraná,"c(819732.978693379, -3241281.90955331)"
2012-07,RECONQUISTA - EEA RECONQUISTA,19.5032258064516,5.14838709677419,6.5,Parana flooded savanna,Delta e Islas del Paraná,"c(819732.978693379, -3241281.90955331)"
2012-08,RECONQUISTA - EEA RECONQUISTA,24.6,11.8741935483871,88.499992,Parana flooded savanna,Delta e Islas del Paraná,"c(819732.978693379, -3241281.90955331)"
2012-09,RECONQUISTA - EEA RECONQUISTA,26.61,12.8,68.100002,Parana flooded savanna,Delta e Islas del Paraná,"c(819732.978693379, -3241281.90955331)"
2012-10,RECONQUISTA - EEA RECONQUISTA,27.3806451612903,16.5064516129032,178.69998,Parana flooded savanna,Delta e Islas del Paraná,"c(819732.978693379, -3241281.90955331)"
2012-11,RECONQUISTA - EEA RECONQUISTA,31.61,17.3,35.600002,Parana flooded savanna,Delta e Islas del Paraná,"c(819732.978693379, -3241281.90955331)"
2012-12,RECONQUISTA - EEA RECONQUISTA,33.9,18.05,0,Parana flooded savanna,Delta e Islas del Paraná,"c(819732.978693379, -3241281.90955331)"
2013-05,RECONQUISTA - EEA RECONQUISTA,23.07,10.59,1.4,Parana flooded savanna,Delta e Islas del Paraná,"c(819732.978693379, -3241281.90955331)"
2013-06,RECONQUISTA - EEA RECONQUISTA,21.0533333333333,8.59333333333333,13.800001,Parana flooded savanna,Delta e Islas del Paraná,"c(819732.978693379, -3241281.90955331)"
2013-07,RECONQUISTA - EEA RECONQUISTA,20.9,9.31290322580645,30.3,Parana flooded savanna,Delta e Islas del Paraná,"c(819732.978693379, -3241281.90955331)"
2013-08,RECONQUISTA - EEA RECONQUISTA,21.4903225806452,6.7,0.6,Parana flooded savanna,Delta e Islas del Paraná,"c(819732.978693379, -3241281.90955331)"
2013-09,RECONQUISTA - EEA RECONQUISTA,25.3,11.0666666666667,40.999992,Parana flooded savanna,Delta e Islas del Paraná,"c(819732.978693379, -3241281.90955331)"
2013-10,RECONQUISTA - EEA RECONQUISTA,29.9129032258065,14.0903225806452,56.1,Parana flooded savanna,Delta e Islas del Paraná,"c(819732.978693379, -3241281.90955331)"
2013-11,RECONQUISTA - EEA RECONQUISTA,30.6620689655172,17.0758620689655,178.399942,Parana flooded savanna,Delta e Islas del Paraná,"c(819732.978693379, -3241281.90955331)"
2013-12,RECONQUISTA - EEA RECONQUISTA,35.7741935483871,20.3290322580645,32.8,Parana flooded savanna,Delta e Islas del Paraná,"c(819732.978693379, -3241281.90955331)"
2014-01,RECONQUISTA - EEA RECONQUISTA,35.2387096774194,21.2290322580645,306.59998,Parana flooded savanna,Delta e Islas del Paraná,"c(819732.978693379, -3241281.90955331)"
2014-02,RECONQUISTA - EEA RECONQUISTA,32.1571428571429,21.2892857142857,168.09994,Parana flooded savanna,Delta e Islas del Paraná,"c(819732.978693379, -3241281.90955331)"
2014-03,RECONQUISTA - EEA RECONQUISTA,29.4074074074074,16.0851851851852,118.09998,Parana flooded savanna,Delta e Islas del Paraná,"c(819732.978693379, -3241281.90955331)"
2014-04,RECONQUISTA - EEA RECONQUISTA,26.96,15.0866666666667,118.09999,Parana flooded savanna,Delta e Islas del Paraná,"c(819732.978693379, -3241281.90955331)"
2014-05,RECONQUISTA - EEA RECONQUISTA,24.5846153846154,15.2230769230769,93.600001,Parana flooded savanna,Delta e Islas del Paraná,"c(819732.978693379, -3241281.90955331)"
2014-10,RECONQUISTA - EEA RECONQUISTA,31,22.1,53.5,Parana flooded savanna,Delta e Islas del Paraná,"c(819732.978693379, -3241281.90955331)"
2014-11,RECONQUISTA - EEA RECONQUISTA,30.18,16.3766666666667,157.25,Parana flooded savanna,Delta e Islas del Paraná,"c(819732.978693379, -3241281.90955331)"
2014-12,RECONQUISTA - EEA RECONQUISTA,30.6645161290323,19.0935483870968,426.25,Parana flooded savanna,Delta e Islas del Paraná,"c(819732.978693379, -3241281.90955331)"
2015-01,RECONQUISTA - EEA RECONQUISTA,33.1387096774194,21.3870967741935,265.25,Parana flooded savanna,Delta e Islas del Paraná,"c(819732.978693379, -3241281.90955331)"
2015-02,RECONQUISTA - EEA RECONQUISTA,32.8535714285714,20.725,288.25,Parana flooded savanna,Delta e Islas del Paraná,"c(819732.978693379, -3241281.90955331)"
2015-03,RECONQUISTA - EEA RECONQUISTA,31.458064516129,18.4516129032258,99.5,Parana flooded savanna,Delta e Islas del Paraná,"c(819732.978693379, -3241281.90955331)"
2015-04,RECONQUISTA - EEA RECONQUISTA,30.04,14.9833333333333,50,Parana flooded savanna,Delta e Islas del Paraná,"c(819732.978693379, -3241281.90955331)"
2015-05,RECONQUISTA - EEA RECONQUISTA,25.2,13.3096774193548,48.25,Parana flooded savanna,Delta e Islas del Paraná,"c(819732.978693379, -3241281.90955331)"
2015-06,RECONQUISTA - EEA RECONQUISTA,23.2,11.3766666666667,19,Parana flooded savanna,Delta e Islas del Paraná,"c(819732.978693379, -3241281.90955331)"
2015-07,RECONQUISTA - EEA RECONQUISTA,22.0612903225807,8.94193548387097,0,Parana flooded savanna,Delta e Islas del Paraná,"c(819732.978693379, -3241281.90955331)"
2015-08,RECONQUISTA - EEA RECONQUISTA,25.6548387096774,14.4709677419355,1,Parana flooded savanna,Delta e Islas del Paraná,"c(819732.978693379, -3241281.90955331)"
2015-09,RECONQUISTA - EEA RECONQUISTA,24.9433333333333,11.69,0,Parana flooded savanna,Delta e Islas del Paraná,"c(819732.978693379, -3241281.90955331)"
2015-10,RECONQUISTA - EEA RECONQUISTA,25.3483870967742,14.6290322580645,0,Parana flooded savanna,Delta e Islas del Paraná,"c(819732.978693379, -3241281.90955331)"
2015-11,RECONQUISTA - EEA RECONQUISTA,27.9333333333333,17.49,0,Parana flooded savanna,Delta e Islas del Paraná,"c(819732.978693379, -3241281.90955331)"
2015-12,RECONQUISTA - EEA RECONQUISTA,31.3129032258065,20.9548387096774,0,Parana flooded savanna,Delta e Islas del Paraná,"c(819732.978693379, -3241281.90955331)"
2016-01,RECONQUISTA - EEA RECONQUISTA,34.3483870967742,23.4677419354839,0,Parana flooded savanna,Delta e Islas del Paraná,"c(819732.978693379, -3241281.90955331)"
2016-02,RECONQUISTA - EEA RECONQUISTA,35.3916666666667,21.1166666666667,0,Parana flooded savanna,Delta e Islas del Paraná,"c(819732.978693379, -3241281.90955331)"
2016-03,RECONQUISTA - EEA RECONQUISTA,29.25,9.41666666666667,0,Parana flooded savanna,Delta e Islas del Paraná,"c(819732.978693379, -3241281.90955331)"
2016-06,RECONQUISTA - EEA RECONQUISTA,18.2068965517241,4.79310344827586,16.5,Parana flooded savanna,Delta e Islas del Paraná,"c(819732.978693379, -3241281.90955331)"
2016-07,RECONQUISTA - EEA RECONQUISTA,19.4,8.4,24.75,Parana flooded savanna,Delta e Islas del Paraná,"c(819732.978693379, -3241281.90955331)"
2016-08,RECONQUISTA - EEA RECONQUISTA,24.0903225806452,9.05483870967742,55.5,Parana flooded savanna,Delta e Islas del Paraná,"c(819732.978693379, -3241281.90955331)"
2016-09,RECONQUISTA - EEA RECONQUISTA,23.64,9.31333333333333,11.5,Parana flooded savanna,Delta e Islas del Paraná,"c(819732.978693379, -3241281.90955331)"
2016-10,RECONQUISTA - EEA RECONQUISTA,25.2677419354839,14.0645161290323,235.25,Parana flooded savanna,Delta e Islas del Paraná,"c(819732.978693379, -3241281.90955331)"
2016-11,RECONQUISTA - EEA RECONQUISTA,29.4933333333333,15.3633333333333,115.75,Parana flooded savanna,Delta e Islas del Paraná,"c(819732.978693379, -3241281.90955331)"
2016-12,RECONQUISTA - EEA RECONQUISTA,29.8217391304348,18.5782608695652,32.5,Parana flooded savanna,Delta e Islas del Paraná,"c(819732.978693379, -3241281.90955331)"
2017-01,RECONQUISTA - EEA RECONQUISTA,33.9,21.7,0,Parana flooded savanna,Delta e Islas del Paraná,"c(819732.978693379, -3241281.90955331)"
2017-02,RECONQUISTA - EEA RECONQUISTA,30.5857142857143,21.1571428571429,48.5,Parana flooded savanna,Delta e Islas del Paraná,"c(819732.978693379, -3241281.90955331)"
2017-03,RECONQUISTA - EEA RECONQUISTA,,,0,Parana flooded savanna,Delta e Islas del Paraná,"c(819732.978693379, -3241281.90955331)"
2017-04,RECONQUISTA - EEA RECONQUISTA,,,0,Parana flooded savanna,Delta e Islas del Paraná,"c(819732.978693379, -3241281.90955331)"
2017-05,RECONQUISTA - EEA RECONQUISTA,22.46,12.8,28.25,Parana flooded savanna,Delta e Islas del Paraná,"c(819732.978693379, -3241281.90955331)"
2017-06,RECONQUISTA - EEA RECONQUISTA,21.1344827586207,10.5379310344828,26.25,Parana flooded savanna,Delta e Islas del Paraná,"c(819732.978693379, -3241281.90955331)"
2017-07,RECONQUISTA - EEA RECONQUISTA,23.5483870967742,11.3935483870968,49.75,Parana flooded savanna,Delta e Islas del Paraná,"c(819732.978693379, -3241281.90955331)"
2017-08,RECONQUISTA - EEA RECONQUISTA,23.8322580645161,11.4483870967742,79.25,Parana flooded savanna,Delta e Islas del Paraná,"c(819732.978693379, -3241281.90955331)"
2017-09,RECONQUISTA - EEA RECONQUISTA,24.45,13.6566666666667,80.25,Parana flooded savanna,Delta e Islas del Paraná,"c(819732.978693379, -3241281.90955331)"
2017-10,RECONQUISTA - EEA RECONQUISTA,26.2193548387097,14.1354838709677,33.75,Parana flooded savanna,Delta e Islas del Paraná,"c(819732.978693379, -3241281.90955331)"
2017-11,RECONQUISTA - EEA RECONQUISTA,29.5448275862069,14.6241379310345,88.5,Parana flooded savanna,Delta e Islas del Paraná,"c(819732.978693379, -3241281.90955331)"
2017-12,RECONQUISTA - EEA RECONQUISTA,33.1,19.3225806451613,51,Parana flooded savanna,Delta e Islas del Paraná,"c(819732.978693379, -3241281.90955331)"
